Isoform	Sample	H0_cyclo_count	H1_cyclo_count	H2_cyclo_count	H0_noncyclo_count	H1_noncyclo_count	H2_noncyclo_count	cyclo_count	noncyclo_count	total_cyclo	total_noncyclo	Cyclo_TPM	Noncyclo_TPM	Cyclo_TPM_Rank	Noncyclo_TPM_Rank	Cyclo_TPM_Median	Noncyclo_TPM_Median	Cyclo_TPM_Mean	Noncyclo_TPM_Mean	associated_gene	gene_cyclo_count	gene_noncyclo_count	isoform_cyclo_proportion	isoform_noncyclo_proportion	Avg_Noncyclo_TPM	SD_Noncyclo_TPM	Noncyclo_TPM_Z_Score	test_statistic	z_score_of_test_stat	rank_top_99_9_percentile	rank_top_99_5_percentile	rank_top_99_percentile	rank_top_98_percentile	rank_top_95_percentile	Phenotypes
PB.161541.3	Patient1	0	0	0	0	0	0	0	0	0	1717		0.0		30.0		2971.7682020802376		4217.210237181577	novelGene_SRSF6_AS	0.0	0.0			4217.210237181577	4007.6733361144015	-1.0522839272300397	0.0	3.151037109387037	1.0	1.0	1.0	1.0	1.0	
PB.161541.3	Patient10	0	0	0	0	0	2	0	2	0	1394		1434.7202295552368		24.0		2971.7682020802376		4217.210237181577	novelGene_SRSF6_AS	0.0	3.0		0.6666666666666666	4217.210237181577	4007.6733361144015	-0.6942906205833819	-122.32376584607275	0.27232401732063627						
PB.161541.3	Patient11	0	0	0	0	2	1	0	3	0	1367		2194.5866861741038		19.0		2971.7682020802376		4217.210237181577	novelGene_SRSF6_AS	0.0	6.0		0.5	4217.210237181577	4007.6733361144015	-0.5046877281092195	-129.47165413010066	0.10410879404381117						
PB.161541.3	Patient12	0	0	0	0	0	0	0	0	0	1791		0.0		30.0		2971.7682020802376		4217.210237181577	novelGene_SRSF6_AS	0.0	2.0		0.0	4217.210237181577	4007.6733361144015	-1.0522839272300397	0.0	3.151037109387037	1.0	1.0	1.0	1.0	1.0	
PB.161541.3	Patient13	0	0	0	0	0	1	0	1	0	2218		450.8566275924256		28.0		2971.7682020802376		4217.210237181577	novelGene_SRSF6_AS	0.0	2.0		0.5	4217.210237181577	4007.6733361144015	-0.9397855797400846	-102.87060381719331	0.7301260791464014						
PB.161541.3	Patient14	0	0	0	2	0	4	0	6	0	1708		3512.88056206089		15.0		2971.7682020802376		4217.210237181577	novelGene_SRSF6_AS	0.0	6.0		1.0	4217.210237181577	4007.6733361144015	-0.17574528062797723	-134.4879497468961	-0.04750972015948165						
PB.161541.3	Patient16	0	0	0	1	0	1	0	2	0	1271		1573.5641227380015		22.0		2971.7682020802376		4217.210237181577	novelGene_SRSF6_AS	0.0	3.0		0.6666666666666666	4217.210237181577	4007.6733361144015	-0.6596461070369312	-123.8771128147606	0.2357682407358122						
PB.161541.3	Patient22	0	0	0	1	2	2	0	5	0	2106		2374.1690408357076		18.0		2971.7682020802376		4217.210237181577	novelGene_SRSF6_AS	0.0	6.0		0.8333333333333334	4217.210237181577	4007.6733361144015	-0.45987809927961126	-130.7945943798827	0.07297530668975542						
PB.161541.3	Patient24	0	0	0	0	2	0	0	2	0	1661		1204.0939193257075		26.0		2971.7682020802376		4217.210237181577	novelGene_SRSF6_AS	0.0	11.0		0.18181818181818182	4217.210237181577	4007.6733361144015	-0.7518368053363366	-119.37717569137946	0.3416677592876993						
PB.161541.3	Patient25	0	0	0	2	0	1	0	3	0	1946		1541.623843782117		23.0		2971.7682020802376		4217.210237181577	novelGene_SRSF6_AS	0.0	6.0		0.5	4217.210237181577	4007.6733361144015	-0.667615888073739	-123.53226150755168	0.24388381799925027						
PB.161541.3	Patient27	0	0	0	2	1	3	0	6	0	1439		4169.562195969423		13.0		2971.7682020802376		4217.210237181577	novelGene_SRSF6_AS	0.0	11.0		0.5454545454545454	4217.210237181577	4007.6733361144015	-0.011889202840656478	-137.310151553327	-0.11392616207028194						
PB.161541.3	Patient28	0	0	0	0	0	3	0	3	0	1202		2495.840266222962		17.0		2971.7682020802376		4217.210237181577	novelGene_SRSF6_AS	0.0	5.0		0.6	4217.210237181577	4007.6733361144015	-0.4295185327224179	-131.63523630705743	0.05319201351888484						
PB.161541.3	Patient29	0	0	0	2	0	2	0	4	0	1857		2154.0118470651587		20.0		2971.7682020802376		4217.210237181577	novelGene_SRSF6_AS	0.0	8.0		0.5	4217.210237181577	4007.6733361144015	-0.5148120161202487	-129.15777578623062	0.1114954673657544						
PB.161541.3	Patient3	0	0	0	3	1	2	0	6	0	2019		2971.7682020802376		16.0		2971.7682020802376		4217.210237181577	novelGene_SRSF6_AS	0.0	7.0		0.8571428571428571	4217.210237181577	4007.6733361144015	-0.3107643589307219	-133.3030479758148	-0.005682293359402524						
PB.161541.3	Patient4	0	0	0	2	1	0	0	3	0	1450		2068.9655172413795		21.0		2971.7682020802376		4217.210237181577	novelGene_SRSF6_AS	0.0	6.0		0.5	4217.210237181577	4007.6733361144015	-0.5360328898519974	-128.4802422118319	0.12744024111798244						
PB.161541.3	Patient6	0	0	0	1	0	1	0	2	0	1602		1248.4394506866417		25.0		2971.7682020802376		4217.210237181577	novelGene_SRSF6_AS	0.0	2.0		1.0	4217.210237181577	4007.6733361144015	-0.7407716491617244	-119.98526748794882	0.32735719744507946						
PB.161541.3	Patient7	0	0	0	1	0	0	0	1	0	1726		579.3742757821552		27.0		2971.7682020802376		4217.210237181577	novelGene_SRSF6_AS	0.0	3.0		0.3333333333333333	4217.210237181577	4007.6733361144015	-0.907717684627073	-107.08258242393843	0.6310032482322642						
PB.161541.3	Patient8	0	0	0	2	2	1	0	5	0	1359		3679.175864606328		14.0		2971.7682020802376		4217.210237181577	novelGene_SRSF6_AS	0.0	6.0		0.8333333333333334	4217.210237181577	4007.6733361144015	-0.13425105477705795	-135.24962272649563	-0.0654345932459226						
PB.161541.3	Patient9	0	0	0	0	0	0	0	0	0	1722		0.0		30.0		2971.7682020802376		4217.210237181577	novelGene_SRSF6_AS	0.0	2.0		0.0	4217.210237181577	4007.6733361144015	-1.0522839272300397	0.0	3.151037109387037						
PB.161551.18	Patient1	0	0	0	25	21	25	0	71	0	1717		41351.1939429237		16.0		41351.1939429237		56432.168021848614	SRSF6	0.0	95.0		0.7473684210526316	56432.168021848614	44737.82319924406	-0.3370967338254342	-235.05389788979184	-0.0009795952209129021						
PB.161551.18	Patient14	0	0	0	11	10	11	0	32	0	1708		18735.362997658078		23.0		41351.1939429237		56432.168021848614	SRSF6	0.0	44.0		0.7272727272727273	56432.168021848614	44737.82319924406	-0.8426159863948744	-217.92536965296785	0.21345821725015296						
PB.161551.18	Patient16	0	0	0	10	11	8	0	29	0	1271		22816.679779701022		22.0		41351.1939429237		56432.168021848614	SRSF6	0.0	54.0		0.5370370370370371	56432.168021848614	44737.82319924406	-0.7513885530915951	-222.29063426822825	0.1594802962850823						
PB.161551.18	Patient17	0	0	0	7	2	8	0	17	0	1227		13854.930725346372		27.0		41351.1939429237		56432.168021848614	SRSF6	0.0	25.0		0.68	56432.168021848614	44737.82319924406	-0.9517056095215127	-211.24127568020313	0.2961092196484294						
PB.161551.18	Patient18	0	0	0	15	23	12	0	50	0	1387		36049.02667627974		19.0		41351.1939429237		56432.168021848614	SRSF6	0.0	82.0		0.6097560975609756	56432.168021848614	44737.82319924406	-0.4556131677393121	-232.4218301706011	0.03420475404460158						
PB.161551.18	Patient19	0	0	0	6	6	5	0	17	0	1548		10981.912144702841		28.0		41351.1939429237		56432.168021848614	SRSF6	0.0	31.0		0.5483870967741935	56432.168021848614	44737.82319924406	-1.015924616509141	-206.09401273341885	0.3597568050792578						
PB.161551.18	Patient2	0	0	0	18	19	9	0	46	0	1085		42396.3133640553		15.0		41351.1939429237		56432.168021848614	SRSF6	0.0	62.0		0.7419354838709677	56432.168021848614	44737.82319924406	-0.31373575319664815	-235.32212827191708	-0.005954729482936269						
PB.161551.18	Patient20	0	0	0	15	15	17	0	47	0	1738		27042.57767548907		21.0		41351.1939429237		56432.168021848614	SRSF6	0.0	81.0		0.5802469135802469	56432.168021848614	44737.82319924406	-0.6569293775307365	-226.05437826519645	0.11294037398784268						
PB.161551.18	Patient22	0	0	0	8	14	10	0	32	0	2106		15194.681861348528		26.0		41351.1939429237		56432.168021848614	SRSF6	0.0	43.0		0.7441860465116279	56432.168021848614	44737.82319924406	-0.9217588879290147	-213.28575743433714	0.27082853582610594						
PB.161551.18	Patient23	0	0	0	6	4	1	0	11	0	1159		9490.940465918895		30.0		41351.1939429237		56432.168021848614	SRSF6	0.0	18.0		0.6111111111111112	56432.168021848614	44737.82319924406	-1.0492514878712937	-202.8622518731178	0.3997185823528522						
PB.161551.18	Patient24	0	0	0	8	9	12	0	29	0	1661		17459.36183022276		25.0		41351.1939429237		56432.168021848614	SRSF6	0.0	41.0		0.7073170731707317	56432.168021848614	44737.82319924406	-0.8711377399400243	-216.36300291958264	0.2327773915696899						
PB.161551.18	Patient27	0	0	0	6	6	14	0	26	0	1439		18068.102849200834		24.0		41351.1939429237		56432.168021848614	SRSF6	0.0	45.0		0.5777777777777777	56432.168021848614	44737.82319924406	-0.8575308861539785	-217.12211796166997	0.22339068644259605						
PB.161551.18	Patient28	0	0	0	20	21	23	0	64	0	1202		53244.59234608985		13.0		41351.1939429237		56432.168021848614	SRSF6	0.0	165.0		0.3878787878787879	56432.168021848614	44737.82319924406	-0.07125012903651125	-240.3539679489217	-0.06817506853059789						
PB.161551.18	Patient29	0	0	0	4	6	8	0	18	0	1857		9693.053311793215		29.0		41351.1939429237		56432.168021848614	SRSF6	0.0	35.0		0.5142857142857142	56432.168021848614	44737.82319924406	-1.0447337703915185	-203.32896162592814	0.3939475640134928						
PB.161551.18	Patient30	0	0	0	24	27	21	0	72	0	1808		39823.00884955752		17.0		41351.1939429237		56432.168021848614	SRSF6	0.0	127.0		0.5669291338582677	56432.168021848614	44737.82319924406	-0.3712554162128242	-234.62722523057718	0.006934324703849171						
PB.161551.18	Patient31	0	0	0	18	18	24	0	60	0	1858		32292.787944025833		20.0		41351.1939429237		56432.168021848614	SRSF6	0.0	125.0		0.48	56432.168021848614	44737.82319924406	-0.5395743098701026	-229.98450749608716	0.0643430439964561						
PB.161551.18	Patient4	0	0	0	25	24	25	0	74	0	1450		51034.482758620696		14.0		41351.1939429237		56432.168021848614	SRSF6	0.0	100.0		0.74	56432.168021848614	44737.82319924406	-0.12065149525020082	-239.41765901847313	-0.05659730317132009						
PB.161551.18	Patient6	0	0	0	24	19	18	0	61	0	1602		38077.40324594257		18.0		41351.1939429237		56432.168021848614	SRSF6	0.0	77.0		0.7922077922077922	56432.168021848614	44737.82319924406	-0.41027397989753295	-233.63436270900732	0.01921139366574572						
PB.161551.18	Patient9	0	0	0	0	0	0	0	0	0	1722		0.0		31.0		41351.1939429237		56432.168021848614	SRSF6	0.0	3.0		0.0	56432.168021848614	44737.82319924406	-1.2613972693870843	202.8622518731178	5.4166344229749	1.0	1.0	1.0	1.0	1.0	
PB.161551.19	Patient1	0	0	0	2	4	4	0	10	0	1717		5824.111822947		15.0		5559.416261292564		12344.236204445102	SRSF6	0.0	95.0		0.10526315789473684	12344.236204445102	17848.96900807238	-0.36529417349255905	-155.53139260324713	-0.007166531399652947						
PB.161551.19	Patient10	0	0	0	0	0	0	0	0	0	1394		0.0		29.0		5559.416261292564		12344.236204445102	SRSF6	0.0	248.0		0.0	12344.236204445102	17848.96900807238	-0.6915937945134139	0.0	2.4539819843960613	1.0	1.0	1.0	1.0	1.0	
PB.161551.19	Patient12	0	0	0	5	6	8	0	19	0	1791		10608.59854829704		11.0		5559.416261292564		12344.236204445102	SRSF6	0.0	223.0		0.08520179372197309	12344.236204445102	17848.96900807238	-0.09724021904924038	-166.28737539047026	-0.17709903859919804						
PB.161551.19	Patient14	0	0	0	1	2	1	0	4	0	1708		2341.9203747072597		25.0		5559.416261292564		12344.236204445102	SRSF6	0.0	44.0		0.09090909090909091	12344.236204445102	17848.96900807238	-0.5603861951474167	-139.6481696266105	0.24769697446961428						
PB.161551.19	Patient16	0	0	0	2	0	5	0	7	0	1271		5507.474429583005		17.0		5559.416261292564		12344.236204445102	SRSF6	0.0	54.0		0.12962962962962962	12344.236204445102	17848.96900807238	-0.38303398766450325	-155.03435315990743	0.0046124701738877085						
PB.161551.19	Patient17	0	0	0	1	2	2	0	5	0	1227		4074.9796251018743		20.0		5559.416261292564		12344.236204445102	SRSF6	0.0	25.0		0.2	12344.236204445102	17848.96900807238	-0.46329043294340255	-149.6138184965763	0.09025085988906004						
PB.161551.19	Patient18	0	0	0	2	5	4	0	11	0	1387		7930.785868781542		13.0		5559.416261292564		12344.236204445102	SRSF6	0.0	82.0		0.13414634146341464	12344.236204445102	17848.96900807238	-0.2472664014189016	-161.06921406937826	-0.09465792151985565						
PB.161551.19	Patient19	0	0	0	2	2	0	0	4	0	1548		2583.9793281653747		24.0		5559.416261292564		12344.236204445102	SRSF6	0.0	31.0		0.12903225806451613	12344.236204445102	17848.96900807238	-0.546824686169019	-141.4177074324239	0.2197402547653533						
PB.161551.19	Patient2	0	0	0	3	1	4	0	8	0	1085		7373.271889400921		14.0		5559.416261292564		12344.236204445102	SRSF6	0.0	62.0		0.12903225806451613	12344.236204445102	17848.96900807238	-0.27850148167079064	-159.7617887829187	-0.0740020631664866						
PB.161551.19	Patient20	0	0	0	3	1	4	0	8	0	1738		4602.991944764097		19.0		5559.416261292564		12344.236204445102	SRSF6	0.0	81.0		0.09876543209876543	12344.236204445102	17848.96900807238	-0.43370820220372097	-151.8061852502879	0.05561391535976113						
PB.161551.19	Patient22	0	0	0	1	0	0	0	1	0	2106		474.8338081671415		26.0		5559.416261292564		12344.236204445102	SRSF6	0.0	43.0		0.023255813953488372	12344.236204445102	17848.96900807238	-0.6649909241766233	-110.95805204136562	0.7009687683685236						
PB.161551.19	Patient23	0	0	0	1	2	1	0	4	0	1159		3451.251078515962		21.0		5559.416261292564		12344.236204445102	SRSF6	0.0	18.0		0.2222222222222222	12344.236204445102	17848.96900807238	-0.49823522702668116	-146.62465064718725	0.13747637122869766						
PB.161551.19	Patient24	0	0	0	1	3	1	0	5	0	1661		3010.2347983142686		23.0		5559.416261292564		12344.236204445102	SRSF6	0.0	41.0		0.12195121951219512	12344.236204445102	17848.96900807238	-0.5229434485492935	-144.16476991534915	0.17633973763996152						
PB.161551.19	Patient27	0	0	0	4	2	2	0	8	0	1439		5559.416261292564		16.0		5559.416261292564		12344.236204445102	SRSF6	0.0	45.0		0.17777777777777778	12344.236204445102	17848.96900807238	-0.38012391304416704	-155.12121200200474	0.002554061225765239						
PB.161551.19	Patient28	0	0	0	0	0	0	0	0	0	1202		0.0		29.0		5559.416261292564		12344.236204445102	SRSF6	0.0	165.0		0.0	12344.236204445102	17848.96900807238	-0.6915937945134139	0.0	2.4539819843960613						
PB.161551.19	Patient29	0	0	0	0	0	0	0	0	0	1857		0.0		29.0		5559.416261292564		12344.236204445102	SRSF6	0.0	35.0		0.0	12344.236204445102	17848.96900807238	-0.6915937945134139	0.0	2.4539819843960613	1.0	1.0	1.0	1.0	1.0	
PB.161551.19	Patient3	0	0	0	7	7	9	0	23	0	2019		11391.778107974244		10.0		5559.416261292564		12344.236204445102	SRSF6	0.0	172.0		0.13372093023255813	12344.236204445102	17848.96900807238	-0.053362079122894965	-167.5650126278741	-0.19728427906847795						
PB.161551.19	Patient30	0	0	0	0	0	0	0	0	0	1808		0.0		29.0		5559.416261292564		12344.236204445102	SRSF6	0.0	127.0		0.0	12344.236204445102	17848.96900807238	-0.6915937945134139	0.0	2.4539819843960613	1.0	1.0	1.0	1.0	1.0	
PB.161551.19	Patient4	0	0	0	3	3	1	0	7	0	1450		4827.586206896552		18.0		5559.416261292564		12344.236204445102	SRSF6	0.0	100.0		0.07	12344.236204445102	17848.96900807238	-0.42112516382033427	-152.66342290629373	0.04207051843986529						
PB.161551.19	Patient6	0	0	0	2	0	3	0	5	0	1602		3121.098626716604		22.0		5559.416261292564		12344.236204445102	SRSF6	0.0	77.0		0.06493506493506493	12344.236204445102	17848.96900807238	-0.5167322310637235	-144.81548594441514	0.16605915161806223						
PB.161551.19	Patient8	0	0	0	2	8	2	0	12	0	1359		8830.022075055187		12.0		5559.416261292564		12344.236204445102	SRSF6	0.0	217.0		0.055299539170506916	12344.236204445102	17848.96900807238	-0.1968861130186609	-162.99574694727903	-0.12509498790610193						
PB.161551.19	Patient9	0	0	0	0	0	0	0	0	0	1722		0.0		29.0		5559.416261292564		12344.236204445102	SRSF6	0.0	3.0		0.0	12344.236204445102	17848.96900807238	-0.6915937945134139	0.0	2.4539819843960613						
PB.161551.263	Patient1	0	0	0	0	0	0	0	0	0	1717		0.0		16.5		0.0		2173.7963609038698	SRSF6	0.0	95.0		0.0	2173.7963609038698	12103.185910290156	-0.17960530202677488	0.0	0.0						
PB.161551.263	Patient10	0	0	0	0	0	0	0	0	0	1394		0.0		16.5		0.0		2173.7963609038698	SRSF6	0.0	248.0		0.0	2173.7963609038698	12103.185910290156	-0.17960530202677488	0.0	0.0						
PB.161551.263	Patient11	0	0	0	0	0	0	0	0	0	1367		0.0		16.5		0.0		2173.7963609038698	SRSF6	0.0	299.0		0.0	2173.7963609038698	12103.185910290156	-0.17960530202677488	0.0	0.0						
PB.161551.263	Patient12	0	0	0	0	0	0	0	0	0	1791		0.0		16.5		0.0		2173.7963609038698	SRSF6	0.0	223.0		0.0	2173.7963609038698	12103.185910290156	-0.17960530202677488	0.0	0.0						
PB.161551.263	Patient13	0	0	0	0	0	0	0	0	0	2218		0.0		16.5		0.0		2173.7963609038698	SRSF6	0.0	387.0		0.0	2173.7963609038698	12103.185910290156	-0.17960530202677488	0.0	0.0						
PB.161551.263	Patient14	0	0	0	0	0	0	0	0	0	1708		0.0		16.5		0.0		2173.7963609038698	SRSF6	0.0	44.0		0.0	2173.7963609038698	12103.185910290156	-0.17960530202677488	0.0	0.0						
PB.161551.263	Patient15	0	0	0	0	0	0	0	0	0	2573		0.0		16.5		0.0		2173.7963609038698	SRSF6	0.0	294.0		0.0	2173.7963609038698	12103.185910290156	-0.17960530202677488	0.0	0.0						
PB.161551.263	Patient16	0	0	0	0	0	0	0	0	0	1271		0.0		16.5		0.0		2173.7963609038698	SRSF6	0.0	54.0		0.0	2173.7963609038698	12103.185910290156	-0.17960530202677488	0.0	0.0						
PB.161551.263	Patient17	0	0	0	0	0	0	0	0	0	1227		0.0		16.5		0.0		2173.7963609038698	SRSF6	0.0	25.0		0.0	2173.7963609038698	12103.185910290156	-0.17960530202677488	0.0	0.0						
PB.161551.263	Patient18	0	0	0	0	0	0	0	0	0	1387		0.0		16.5		0.0		2173.7963609038698	SRSF6	0.0	82.0		0.0	2173.7963609038698	12103.185910290156	-0.17960530202677488	0.0	0.0						
PB.161551.263	Patient19	0	0	0	0	0	0	0	0	0	1548		0.0		16.5		0.0		2173.7963609038698	SRSF6	0.0	31.0		0.0	2173.7963609038698	12103.185910290156	-0.17960530202677488	0.0	0.0						
PB.161551.263	Patient2	0	0	0	0	0	0	0	0	0	1085		0.0		16.5		0.0		2173.7963609038698	SRSF6	0.0	62.0		0.0	2173.7963609038698	12103.185910290156	-0.17960530202677488	0.0	0.0						
PB.161551.263	Patient20	0	0	0	0	0	0	0	0	0	1738		0.0		16.5		0.0		2173.7963609038698	SRSF6	0.0	81.0		0.0	2173.7963609038698	12103.185910290156	-0.17960530202677488	0.0	0.0						
PB.161551.263	Patient21	0	0	0	0	0	0	0	0	0	1328		0.0		16.5		0.0		2173.7963609038698	SRSF6	0.0	122.0		0.0	2173.7963609038698	12103.185910290156	-0.17960530202677488	0.0	0.0						
PB.161551.263	Patient22	0	0	0	0	0	0	0	0	0	2106		0.0		16.5		0.0		2173.7963609038698	SRSF6	0.0	43.0		0.0	2173.7963609038698	12103.185910290156	-0.17960530202677488	0.0	0.0						
PB.161551.263	Patient23	0	0	0	0	0	0	0	0	0	1159		0.0		16.5		0.0		2173.7963609038698	SRSF6	0.0	18.0		0.0	2173.7963609038698	12103.185910290156	-0.17960530202677488	0.0	0.0						
PB.161551.263	Patient24	0	0	0	0	0	0	0	0	0	1661		0.0		16.5		0.0		2173.7963609038698	SRSF6	0.0	41.0		0.0	2173.7963609038698	12103.185910290156	-0.17960530202677488	0.0	0.0						
PB.161551.263	Patient25	0	0	0	0	0	0	0	0	0	1946		0.0		16.5		0.0		2173.7963609038698	SRSF6	0.0	346.0		0.0	2173.7963609038698	12103.185910290156	-0.17960530202677488	0.0	0.0						
PB.161551.263	Patient26	0	0	0	0	0	0	0	0	0	1469		0.0		16.5		0.0		2173.7963609038698	SRSF6	0.0	201.0		0.0	2173.7963609038698	12103.185910290156	-0.17960530202677488	0.0	0.0						
PB.161551.263	Patient27	0	0	0	0	0	0	0	0	0	1439		0.0		16.5		0.0		2173.7963609038698	SRSF6	0.0	45.0		0.0	2173.7963609038698	12103.185910290156	-0.17960530202677488	0.0	0.0						
PB.161551.263	Patient29	0	0	0	0	0	0	0	0	0	1857		0.0		16.5		0.0		2173.7963609038698	SRSF6	0.0	35.0		0.0	2173.7963609038698	12103.185910290156	-0.17960530202677488	0.0	0.0						
PB.161551.263	Patient3	0	0	0	0	0	0	0	0	0	2019		0.0		16.5		0.0		2173.7963609038698	SRSF6	0.0	172.0		0.0	2173.7963609038698	12103.185910290156	-0.17960530202677488	0.0	0.0						
PB.161551.263	Patient30	0	0	0	0	0	0	0	0	0	1808		0.0		16.5		0.0		2173.7963609038698	SRSF6	0.0	127.0		0.0	2173.7963609038698	12103.185910290156	-0.17960530202677488	0.0	0.0						
PB.161551.263	Patient31	0	0	0	0	0	0	0	0	0	1858		0.0		16.5		0.0		2173.7963609038698	SRSF6	0.0	125.0		0.0	2173.7963609038698	12103.185910290156	-0.17960530202677488	0.0	0.0						
PB.161551.263	Patient4	0	0	0	0	0	0	0	0	0	1450		0.0		16.5		0.0		2173.7963609038698	SRSF6	0.0	100.0		0.0	2173.7963609038698	12103.185910290156	-0.17960530202677488	0.0	0.0						
PB.161551.263	Patient5	0	0	0	0	0	0	0	0	0	1596		0.0		16.5		0.0		2173.7963609038698	SRSF6	0.0	354.0		0.0	2173.7963609038698	12103.185910290156	-0.17960530202677488	0.0	0.0						
PB.161551.263	Patient6	0	0	0	0	0	0	0	0	0	1602		0.0		16.5		0.0		2173.7963609038698	SRSF6	0.0	77.0		0.0	2173.7963609038698	12103.185910290156	-0.17960530202677488	0.0	0.0						
PB.161551.263	Patient7	0	0	0	0	0	0	0	0	0	1726		0.0		16.5		0.0		2173.7963609038698	SRSF6	0.0	262.0		0.0	2173.7963609038698	12103.185910290156	-0.17960530202677488	0.0	0.0						
PB.161551.263	Patient8	0	0	0	0	0	0	0	0	0	1359		0.0		16.5		0.0		2173.7963609038698	SRSF6	0.0	217.0		0.0	2173.7963609038698	12103.185910290156	-0.17960530202677488	0.0	0.0						
PB.161551.263	Patient9	0	0	0	0	0	0	0	0	0	1722		0.0		16.5		0.0		2173.7963609038698	SRSF6	0.0	3.0		0.0	2173.7963609038698	12103.185910290156	-0.17960530202677488	0.0	0.0						
PB.161551.31	Patient1	0	0	0	2	1	1	0	4	0	1717		2329.6447291788004		15.0		2259.0361445783133		3554.9944215789756	SRSF6	0.0	95.0		0.042105263157894736	3554.9944215789756	4038.966642367313	-0.30338197883257956	-124.48138600005947	-0.005301451097846579						
PB.161551.31	Patient12	0	0	0	2	2	2	0	6	0	1791		3350.0837520938026		13.0		2259.0361445783133		3554.9944215789756	SRSF6	0.0	223.0		0.026905829596412557	3554.9944215789756	4038.966642367313	-0.050733439423770794	-130.3112300661699	-0.09947761295505815						
PB.161551.31	Patient13	0	0	0	1	5	1	0	7	0	2218		3155.9963931469792		14.0		2259.0361445783133		3554.9944215789756	SRSF6	0.0	387.0		0.01808785529715762	3554.9944215789756	4038.966642367313	-0.09878715616183852	-129.35340243370644	-0.08400472395094918						
PB.161551.31	Patient14	0	0	0	3	0	0	0	3	0	1708		1756.440281030445		19.0		2259.0361445783133		3554.9944215789756	SRSF6	0.0	44.0		0.06818181818181818	3554.9944215789756	4038.966642367313	-0.44530056814095514	-120.35173975609311	0.06475417549939343						
PB.161551.31	Patient17	0	0	0	0	0	0	0	0	0	1227		0.0		27.0		2259.0361445783133		3554.9944215789756	SRSF6	0.0	25.0		0.0	3554.9944215789756	4038.966642367313	-0.8801742466224796	0.0	2.008933950213134						
PB.161551.31	Patient19	0	0	0	0	0	0	0	0	0	1548		0.0		27.0		2259.0361445783133		3554.9944215789756	SRSF6	0.0	31.0		0.0	3554.9944215789756	4038.966642367313	-0.8801742466224796	0.0	2.008933950213134						
PB.161551.31	Patient2	0	0	0	1	0	1	0	2	0	1085		1843.3179723502303		18.0		2259.0361445783133		3554.9944215789756	SRSF6	0.0	62.0		0.03225806451612903	3554.9944215789756	4038.966642367313	-0.42379068726982605	-121.12896325249962	0.05219879237648908						
PB.161551.31	Patient20	0	0	0	0	0	0	0	0	0	1738		0.0		27.0		2259.0361445783133		3554.9944215789756	SRSF6	0.0	81.0		0.0	3554.9944215789756	4038.966642367313	-0.8801742466224796	0.0	2.008933950213134	1.0	1.0	1.0	1.0	1.0	
PB.161551.31	Patient21	0	0	0	2	1	0	0	3	0	1328		2259.0361445783133		16.0		2259.0361445783133		3554.9944215789756	SRSF6	0.0	122.0		0.02459016393442623	3554.9944215789756	4038.966642367313	-0.3208638227923262	-124.23912751194896	0.0005687679840508266						
PB.161551.31	Patient22	0	0	0	0	0	0	0	0	0	2106		0.0		27.0		2259.0361445783133		3554.9944215789756	SRSF6	0.0	43.0		0.0	3554.9944215789756	4038.966642367313	-0.8801742466224796	0.0	2.008933950213134						
PB.161551.31	Patient23	0	0	0	0	0	0	0	0	0	1159		0.0		27.0		2259.0361445783133		3554.9944215789756	SRSF6	0.0	18.0		0.0	3554.9944215789756	4038.966642367313	-0.8801742466224796	0.0	2.008933950213134						
PB.161551.31	Patient24	0	0	0	0	0	0	0	0	0	1661		0.0		27.0		2259.0361445783133		3554.9944215789756	SRSF6	0.0	41.0		0.0	3554.9944215789756	4038.966642367313	-0.8801742466224796	0.0	2.008933950213134	1.0	1.0	1.0	1.0	1.0	
PB.161551.31	Patient27	0	0	0	0	0	1	0	1	0	1439		694.9270326615705		22.0		2259.0361445783133		3554.9944215789756	SRSF6	0.0	45.0		0.022222222222222223	3554.9944215789756	4038.966642367313	-0.7081185962063471	-105.42991626638623	0.30580351545351553						
PB.161551.31	Patient28	0	0	0	1	1	0	0	2	0	1202		1663.8935108153078		20.0		2259.0361445783133		3554.9944215789756	SRSF6	0.0	165.0		0.012121212121212121	3554.9944215789756	4038.966642367313	-0.4682140453765319	-119.48034938024564	0.07883074429712103						
PB.161551.31	Patient29	0	0	0	0	0	0	0	0	0	1857		0.0		27.0		2259.0361445783133		3554.9944215789756	SRSF6	0.0	35.0		0.0	3554.9944215789756	4038.966642367313	-0.8801742466224796	0.0	2.008933950213134						
PB.161551.31	Patient3	0	0	0	5	2	0	0	7	0	2019		3467.0629024269438		11.0		2259.0361445783133		3554.9944215789756	SRSF6	0.0	172.0		0.040697674418604654	3554.9944215789756	4038.966642367313	-0.021770796081765485	-130.8620824604696	-0.1083761638694072						
PB.161551.31	Patient30	0	0	0	1	0	3	0	4	0	1808		2212.3893805309735		17.0		2259.0361445783133		3554.9944215789756	SRSF6	0.0	127.0		0.031496062992125984	3554.9944215789756	4038.966642367313	-0.3324130055852792	-124.06728660279732	0.004732683113795983						
PB.161551.31	Patient31	0	0	0	1	0	1	0	2	0	1858		1076.426264800861		21.0		2259.0361445783133		3554.9944215789756	SRSF6	0.0	125.0		0.016	3554.9944215789756	4038.966642367313	-0.613663933437534	-112.47043139792156	0.192069994442208						
PB.161551.31	Patient4	0	0	0	1	1	3	0	5	0	1450		3448.2758620689656		12.0		2259.0361445783133		3554.9944215789756	SRSF6	0.0	100.0		0.05	3554.9944215789756	4038.966642367313	-0.026422243350705234	-130.77487882432345	-0.10696746345493525						
PB.161551.31	Patient7	0	0	0	0	0	0	0	0	0	1726		0.0		27.0		2259.0361445783133		3554.9944215789756	SRSF6	0.0	262.0		0.0	3554.9944215789756	4038.966642367313	-0.8801742466224796	0.0	2.008933950213134						
PB.161551.31	Patient9	0	0	0	0	0	0	0	0	0	1722		0.0		27.0		2259.0361445783133		3554.9944215789756	SRSF6	0.0	3.0		0.0	3554.9944215789756	4038.966642367313	-0.8801742466224796	0.0	2.008933950213134						
PB.161551.38	Patient12	0	0	0	1	0	0	0	1	0	1791		558.3472920156337		25.0		1573.5641227380015		2633.5546940838576	SRSF6	0.0	223.0		0.004484304932735426	2633.5546940838576	3097.1235201992913	-0.6700434737374279	-97.30366739748607	0.29172945615718365						
PB.161551.38	Patient14	0	0	0	1	0	1	0	2	0	1708		1170.9601873536299		17.0		1573.5641227380015		2633.5546940838576	SRSF6	0.0	44.0		0.045454545454545456	2633.5546940838576	3097.1235201992913	-0.47224287219778494	-108.67943454339846	0.05545192705556642						
PB.161551.38	Patient15	0	0	0	0	0	2	0	2	0	2573		777.3027594247959		20.0		1573.5641227380015		2633.5546940838576	SRSF6	0.0	294.0		0.006802721088435374	2633.5546940838576	3097.1235201992913	-0.5993470788467671	-102.38426644137127	0.18620414317848222						
PB.161551.38	Patient16	0	0	0	1	1	0	0	2	0	1271		1573.5641227380015		16.0		1573.5641227380015		2633.5546940838576	SRSF6	0.0	54.0		0.037037037037037035	2633.5546940838576	3097.1235201992913	-0.342250015032545	-111.185864197061	-0.022636829224119075						
PB.161551.38	Patient17	0	0	0	0	0	0	0	0	0	1227		0.0		28.5		1573.5641227380015		2633.5546940838576	SRSF6	0.0	25.0		0.0	2633.5546940838576	3097.1235201992913	-0.850322783998746	0.0	2.312750967085767	1.0	1.0	1.0	1.0	1.0	
PB.161551.38	Patient18	0	0	0	1	0	0	0	1	0	1387		720.9805335255948		21.0		1573.5641227380015		2633.5546940838576	SRSF6	0.0	82.0		0.012195121951219513	2633.5546940838576	3097.1235201992913	-0.617532412925912	-101.22898498184233	0.21019962806958173						
PB.161551.38	Patient19	0	0	0	0	0	0	0	0	0	1548		0.0		28.5		1573.5641227380015		2633.5546940838576	SRSF6	0.0	31.0		0.0	2633.5546940838576	3097.1235201992913	-0.850322783998746	0.0	2.312750967085767	1.0	1.0	1.0	1.0	1.0	
PB.161551.38	Patient2	0	0	0	1	1	0	0	2	0	1085		1843.3179723502303		14.0		1573.5641227380015		2633.5546940838576	SRSF6	0.0	62.0		0.03225806451612903	2633.5546940838576	3097.1235201992913	-0.25515182606691056	-113.09342855736755	-0.06565017433932747						
PB.161551.38	Patient20	0	0	0	0	0	1	0	1	0	1738		575.3739930955121		24.0		1573.5641227380015		2633.5546940838576	SRSF6	0.0	81.0		0.012345679012345678	2633.5546940838576	3097.1235201992913	-0.6645458883266971	-97.76484521220327	0.2821506775886527						
PB.161551.38	Patient22	0	0	0	0	0	0	0	0	0	2106		0.0		28.5		1573.5641227380015		2633.5546940838576	SRSF6	0.0	43.0		0.0	2633.5546940838576	3097.1235201992913	-0.850322783998746	0.0	2.312750967085767	1.0	1.0	1.0	1.0	1.0	
PB.161551.38	Patient23	0	0	0	0	0	1	0	1	0	1159		862.8127696289905		18.0		1573.5641227380015		2633.5546940838576	SRSF6	0.0	18.0		0.05555555555555555	2633.5546940838576	3097.1235201992913	-0.5717375858296168	-103.98745046942663	0.15290560990284188						
PB.161551.38	Patient24	0	0	0	1	0	0	0	1	0	1661		602.0469596628537		23.0		1573.5641227380015		2633.5546940838576	SRSF6	0.0	41.0		0.024390243902439025	2633.5546940838576	3097.1235201992913	-0.6559337143551452	-98.46059592293665	0.26769976129490225						
PB.161551.38	Patient26	0	0	0	0	1	2	0	3	0	1469		2042.2055820285907		13.0		1573.5641227380015		2633.5546940838576	SRSF6	0.0	201.0		0.014925373134328358	2633.5546940838576	3097.1235201992913	-0.19093494599053487	-114.63360814843102	-0.09764008969901203						
PB.161551.38	Patient27	0	0	0	1	0	0	0	1	0	1439		694.9270326615705		22.0		1573.5641227380015		2633.5546940838576	SRSF6	0.0	45.0		0.022222222222222223	2633.5546940838576	3097.1235201992913	-0.6259445736596071	-100.66373029443051	0.22194010931728053						
PB.161551.38	Patient28	0	0	0	0	0	1	0	1	0	1202		831.9467554076539		19.0		1573.5641227380015		2633.5546940838576	SRSF6	0.0	165.0		0.006060606060606061	2633.5546940838576	3097.1235201992913	-0.5817036120536372	-103.42784069885374	0.16452884481580307						
PB.161551.38	Patient29	0	0	0	0	0	0	0	0	0	1857		0.0		28.5		1573.5641227380015		2633.5546940838576	SRSF6	0.0	35.0		0.0	2633.5546940838576	3097.1235201992913	-0.850322783998746	0.0	2.312750967085767						
PB.161551.38	Patient30	0	0	0	2	0	1	0	3	0	1808		1659.2920353982302		15.0		1573.5641227380015		2633.5546940838576	SRSF6	0.0	127.0		0.023622047244094488	2633.5546940838576	3097.1235201992913	-0.31457016561707435	-111.51255801926733	-0.03281509783144734						
PB.161551.38	Patient31	0	0	0	0	2	2	0	4	0	1858		2152.852529601722		12.0		1573.5641227380015		2633.5546940838576	SRSF6	0.0	125.0		0.032	2633.5546940838576	3097.1235201992913	-0.15520923248524612	-115.42675285491714	-0.11411390364622401						
PB.161551.38	Patient6	0	0	0	0	0	0	0	0	0	1602		0.0		28.5		1573.5641227380015		2633.5546940838576	SRSF6	0.0	77.0		0.0	2633.5546940838576	3097.1235201992913	-0.850322783998746	0.0	2.312750967085767	1.0	1.0	1.0	1.0	1.0	
PB.161551.38	Patient9	0	0	0	0	0	0	0	0	0	1722		0.0		28.5		1573.5641227380015		2633.5546940838576	SRSF6	0.0	3.0		0.0	2633.5546940838576	3097.1235201992913	-0.850322783998746	0.0	2.312750967085767						
PB.161551.51	Patient1	0	0	0	0	0	0	0	0	0	1717		0.0		25.0		538.5029617662897		1500.7251854351955	SRSF6	0.0	95.0		0.0	1500.7251854351955	2217.666964137709	-0.676713505546005	0.0	1.6816561939145118						
PB.161551.51	Patient13	0	0	0	1	0	0	0	1	0	2218		450.8566275924256		18.0		538.5029617662897		1500.7251854351955	SRSF6	0.0	387.0		0.002583979328165375	1500.7251854351955	2217.666964137709	-0.4734112807830856	-81.27305691214724	0.048408082195035874						
PB.161551.51	Patient14	0	0	0	0	0	0	0	0	0	1708		0.0		25.0		538.5029617662897		1500.7251854351955	SRSF6	0.0	44.0		0.0	1500.7251854351955	2217.666964137709	-0.676713505546005	0.0	1.6816561939145118						
PB.161551.51	Patient17	0	0	0	0	0	0	0	0	0	1227		0.0		25.0		538.5029617662897		1500.7251854351955	SRSF6	0.0	25.0		0.0	1500.7251854351955	2217.666964137709	-0.676713505546005	0.0	1.6816561939145118						
PB.161551.51	Patient18	0	0	0	0	0	2	0	2	0	1387		1441.9610670511895		12.0		538.5029617662897		1500.7251854351955	SRSF6	0.0	82.0		0.024390243902439025	1500.7251854351955	2217.666964137709	-0.02649817097620658	-94.65599933983543	-0.23760106750551552						
PB.161551.51	Patient19	0	0	0	0	1	0	0	1	0	1548		645.9948320413437		15.0		538.5029617662897		1500.7251854351955	SRSF6	0.0	31.0		0.03225806451612903	1500.7251854351955	2217.666964137709	-0.38541871580171866	-84.21879776498852	-0.02785702179820505						
PB.161551.51	Patient2	0	0	0	0	0	0	0	0	0	1085		0.0		25.0		538.5029617662897		1500.7251854351955	SRSF6	0.0	62.0		0.0	1500.7251854351955	2217.666964137709	-0.676713505546005	0.0	1.6816561939145118						
PB.161551.51	Patient21	0	0	0	0	0	1	0	1	0	1328		753.0120481927711		14.0		538.5029617662897		1500.7251854351955	SRSF6	0.0	122.0		0.00819672131147541	1500.7251854351955	2217.666964137709	-0.3371620488260086	-86.2105624306933	-0.06788315103274717						
PB.161551.51	Patient22	0	0	0	0	0	0	0	0	0	2106		0.0		25.0		538.5029617662897		1500.7251854351955	SRSF6	0.0	43.0		0.0	1500.7251854351955	2217.666964137709	-0.676713505546005	0.0	1.6816561939145118						
PB.161551.51	Patient23	0	0	0	0	0	0	0	0	0	1159		0.0		25.0		538.5029617662897		1500.7251854351955	SRSF6	0.0	18.0		0.0	1500.7251854351955	2217.666964137709	-0.676713505546005	0.0	1.6816561939145118						
PB.161551.51	Patient24	0	0	0	0	0	0	0	0	0	1661		0.0		25.0		538.5029617662897		1500.7251854351955	SRSF6	0.0	41.0		0.0	1500.7251854351955	2217.666964137709	-0.676713505546005	0.0	1.6816561939145118						
PB.161551.51	Patient27	0	0	0	0	0	0	0	0	0	1439		0.0		25.0		538.5029617662897		1500.7251854351955	SRSF6	0.0	45.0		0.0	1500.7251854351955	2217.666964137709	-0.676713505546005	0.0	1.6816561939145118						
PB.161551.51	Patient28	0	0	0	0	0	0	0	0	0	1202		0.0		25.0		538.5029617662897		1500.7251854351955	SRSF6	0.0	165.0		0.0	1500.7251854351955	2217.666964137709	-0.676713505546005	0.0	1.6816561939145118						
PB.161551.51	Patient29	0	0	0	1	0	0	0	1	0	1857		538.5029617662897		16.0		538.5029617662897		1500.7251854351955	SRSF6	0.0	35.0		0.02857142857142857	1500.7251854351955	2217.666964137709	-0.4338894158722542	-83.14504435302254	0.004509899033408295						
PB.161551.51	Patient3	0	0	0	0	1	0	0	1	0	2019		495.2947003467063		17.0		538.5029617662897		1500.7251854351955	SRSF6	0.0	172.0		0.005813953488372093	1500.7251854351955	2217.666964137709	-0.45337307239882557	-82.520130622156	0.02334712276479704						
PB.161551.51	Patient30	0	0	0	0	0	0	0	0	0	1808		0.0		25.0		538.5029617662897		1500.7251854351955	SRSF6	0.0	127.0		0.0	1500.7251854351955	2217.666964137709	-0.676713505546005	0.0	1.6816561939145118						
PB.161551.51	Patient31	0	0	0	0	0	0	0	0	0	1858		0.0		25.0		538.5029617662897		1500.7251854351955	SRSF6	0.0	125.0		0.0	1500.7251854351955	2217.666964137709	-0.676713505546005	0.0	1.6816561939145118	1.0	1.0	1.0	1.0	1.0	
PB.161551.51	Patient5	0	0	0	1	0	1	0	2	0	1596		1253.1328320802004		13.0		538.5029617662897		1500.7251854351955	SRSF6	0.0	354.0		0.005649717514124294	1500.7251854351955	2217.666964137709	-0.11164541716987067	-92.83101228624957	-0.20092646989066812						
PB.161551.51	Patient6	0	0	0	0	0	0	0	0	0	1602		0.0		25.0		538.5029617662897		1500.7251854351955	SRSF6	0.0	77.0		0.0	1500.7251854351955	2217.666964137709	-0.676713505546005	0.0	1.6816561939145118						
PB.161551.51	Patient9	0	0	0	0	0	0	0	0	0	1722		0.0		25.0		538.5029617662897		1500.7251854351955	SRSF6	0.0	3.0		0.0	1500.7251854351955	2217.666964137709	-0.676713505546005	0.0	1.6816561939145118						
PB.161551.53	Patient1	0	0	0	0	0	0	0	0	0	1717		0.0		18.5		0.0		1425.0313944161403	SRSF6	0.0	95.0		0.0	1425.0313944161403	4752.663922463373	-0.2998384522163996	0.0	0.0						
PB.161551.53	Patient11	0	0	0	0	0	0	0	0	0	1367		0.0		18.5		0.0		1425.0313944161403	SRSF6	0.0	299.0		0.0	1425.0313944161403	4752.663922463373	-0.2998384522163996	0.0	0.0						
PB.161551.53	Patient12	0	0	0	0	0	0	0	0	0	1791		0.0		18.5		0.0		1425.0313944161403	SRSF6	0.0	223.0		0.0	1425.0313944161403	4752.663922463373	-0.2998384522163996	0.0	0.0						
PB.161551.53	Patient13	0	0	0	0	0	1	0	1	0	2218		450.8566275924256		5.0		0.0		1425.0313944161403	SRSF6	0.0	387.0		0.002583979328165375	1425.0313944161403	4752.663922463373	-0.20497446962729612	-8.819721273315327	-1.9531368286725908						
PB.161551.53	Patient14	0	0	0	0	0	0	0	0	0	1708		0.0		18.5		0.0		1425.0313944161403	SRSF6	0.0	44.0		0.0	1425.0313944161403	4752.663922463373	-0.2998384522163996	0.0	0.0						
PB.161551.53	Patient15	0	0	0	0	0	0	0	0	0	2573		0.0		18.5		0.0		1425.0313944161403	SRSF6	0.0	294.0		0.0	1425.0313944161403	4752.663922463373	-0.2998384522163996	0.0	0.0						
PB.161551.53	Patient16	0	0	0	0	0	0	0	0	0	1271		0.0		18.5		0.0		1425.0313944161403	SRSF6	0.0	54.0		0.0	1425.0313944161403	4752.663922463373	-0.2998384522163996	0.0	0.0						
PB.161551.53	Patient17	0	0	0	0	0	0	0	0	0	1227		0.0		18.5		0.0		1425.0313944161403	SRSF6	0.0	25.0		0.0	1425.0313944161403	4752.663922463373	-0.2998384522163996	0.0	0.0						
PB.161551.53	Patient18	0	0	0	0	0	0	0	0	0	1387		0.0		18.5		0.0		1425.0313944161403	SRSF6	0.0	82.0		0.0	1425.0313944161403	4752.663922463373	-0.2998384522163996	0.0	0.0						
PB.161551.53	Patient19	0	0	0	0	0	0	0	0	0	1548		0.0		18.5		0.0		1425.0313944161403	SRSF6	0.0	31.0		0.0	1425.0313944161403	4752.663922463373	-0.2998384522163996	0.0	0.0						
PB.161551.53	Patient2	0	0	0	0	0	0	0	0	0	1085		0.0		18.5		0.0		1425.0313944161403	SRSF6	0.0	62.0		0.0	1425.0313944161403	4752.663922463373	-0.2998384522163996	0.0	0.0						
PB.161551.53	Patient20	0	0	0	0	0	0	0	0	0	1738		0.0		18.5		0.0		1425.0313944161403	SRSF6	0.0	81.0		0.0	1425.0313944161403	4752.663922463373	-0.2998384522163996	0.0	0.0						
PB.161551.53	Patient21	0	0	0	0	0	0	0	0	0	1328		0.0		18.5		0.0		1425.0313944161403	SRSF6	0.0	122.0		0.0	1425.0313944161403	4752.663922463373	-0.2998384522163996	0.0	0.0						
PB.161551.53	Patient22	0	0	0	0	0	0	0	0	0	2106		0.0		18.5		0.0		1425.0313944161403	SRSF6	0.0	43.0		0.0	1425.0313944161403	4752.663922463373	-0.2998384522163996	0.0	0.0						
PB.161551.53	Patient23	0	0	0	0	0	0	0	0	0	1159		0.0		18.5		0.0		1425.0313944161403	SRSF6	0.0	18.0		0.0	1425.0313944161403	4752.663922463373	-0.2998384522163996	0.0	0.0						
PB.161551.53	Patient24	0	0	0	0	0	0	0	0	0	1661		0.0		18.5		0.0		1425.0313944161403	SRSF6	0.0	41.0		0.0	1425.0313944161403	4752.663922463373	-0.2998384522163996	0.0	0.0						
PB.161551.53	Patient25	0	0	0	0	0	0	0	0	0	1946		0.0		18.5		0.0		1425.0313944161403	SRSF6	0.0	346.0		0.0	1425.0313944161403	4752.663922463373	-0.2998384522163996	0.0	0.0						
PB.161551.53	Patient26	0	0	0	0	0	0	0	0	0	1469		0.0		18.5		0.0		1425.0313944161403	SRSF6	0.0	201.0		0.0	1425.0313944161403	4752.663922463373	-0.2998384522163996	0.0	0.0						
PB.161551.53	Patient27	0	0	0	0	0	0	0	0	0	1439		0.0		18.5		0.0		1425.0313944161403	SRSF6	0.0	45.0		0.0	1425.0313944161403	4752.663922463373	-0.2998384522163996	0.0	0.0						
PB.161551.53	Patient28	0	0	0	0	0	0	0	0	0	1202		0.0		18.5		0.0		1425.0313944161403	SRSF6	0.0	165.0		0.0	1425.0313944161403	4752.663922463373	-0.2998384522163996	0.0	0.0						
PB.161551.53	Patient29	0	0	0	0	0	0	0	0	0	1857		0.0		18.5		0.0		1425.0313944161403	SRSF6	0.0	35.0		0.0	1425.0313944161403	4752.663922463373	-0.2998384522163996	0.0	0.0						
PB.161551.53	Patient3	0	0	0	0	0	0	0	0	0	2019		0.0		18.5		0.0		1425.0313944161403	SRSF6	0.0	172.0		0.0	1425.0313944161403	4752.663922463373	-0.2998384522163996	0.0	0.0						
PB.161551.53	Patient31	0	0	0	0	0	0	0	0	0	1858		0.0		18.5		0.0		1425.0313944161403	SRSF6	0.0	125.0		0.0	1425.0313944161403	4752.663922463373	-0.2998384522163996	0.0	0.0						
PB.161551.53	Patient4	0	0	0	1	0	0	0	1	0	1450		689.655172413793		4.0		0.0		1425.0313944161403	SRSF6	0.0	100.0		0.01	1425.0313944161403	4752.663922463373	-0.15472927057320549	-9.43182177706249	-2.0886871481973976						
PB.161551.53	Patient6	0	0	0	0	0	0	0	0	0	1602		0.0		18.5		0.0		1425.0313944161403	SRSF6	0.0	77.0		0.0	1425.0313944161403	4752.663922463373	-0.2998384522163996	0.0	0.0						
PB.161551.53	Patient7	0	0	0	0	0	0	0	0	0	1726		0.0		18.5		0.0		1425.0313944161403	SRSF6	0.0	262.0		0.0	1425.0313944161403	4752.663922463373	-0.2998384522163996	0.0	0.0						
PB.161551.53	Patient8	0	0	0	0	0	0	0	0	0	1359		0.0		18.5		0.0		1425.0313944161403	SRSF6	0.0	217.0		0.0	1425.0313944161403	4752.663922463373	-0.2998384522163996	0.0	0.0						
PB.161551.53	Patient9	0	0	0	0	0	0	0	0	0	1722		0.0		18.5		0.0		1425.0313944161403	SRSF6	0.0	3.0		0.0	1425.0313944161403	4752.663922463373	-0.2998384522163996	0.0	0.0						
PB.161551.604	Patient1	0	0	0	0	0	0	0	0	0	1717		0.0		24.0		602.0469596628537		1023.0107634617355	SRSF6	0.0	95.0		0.0	1023.0107634617355	1386.4623156152315	-0.7378568836238312	0.0	1.7101721807550752						
PB.161551.604	Patient10	0	0	0	0	0	0	0	0	0	1394		0.0		24.0		602.0469596628537		1023.0107634617355	SRSF6	0.0	248.0		0.0	1023.0107634617355	1386.4623156152315	-0.7378568836238312	0.0	1.7101721807550752						
PB.161551.604	Patient12	0	0	0	0	0	0	0	0	0	1791		0.0		24.0		602.0469596628537		1023.0107634617355	SRSF6	0.0	223.0		0.0	1023.0107634617355	1386.4623156152315	-0.7378568836238312	0.0	1.7101721807550752						
PB.161551.604	Patient13	0	0	0	0	0	0	0	0	0	2218		0.0		24.0		602.0469596628537		1023.0107634617355	SRSF6	0.0	387.0		0.0	1023.0107634617355	1386.4623156152315	-0.7378568836238312	0.0	1.7101721807550752						
PB.161551.604	Patient14	0	0	0	0	0	0	0	0	0	1708		0.0		24.0		602.0469596628537		1023.0107634617355	SRSF6	0.0	44.0		0.0	1023.0107634617355	1386.4623156152315	-0.7378568836238312	0.0	1.7101721807550752						
PB.161551.604	Patient17	0	0	0	0	0	0	0	0	0	1227		0.0		24.0		602.0469596628537		1023.0107634617355	SRSF6	0.0	25.0		0.0	1023.0107634617355	1386.4623156152315	-0.7378568836238312	0.0	1.7101721807550752						
PB.161551.604	Patient19	0	0	0	1	0	0	0	1	0	1548		645.9948320413437		15.0		602.0469596628537		1023.0107634617355	SRSF6	0.0	31.0		0.03225806451612903	1023.0107634617355	1386.4623156152315	-0.2719265624274065	-76.97259080688448	-0.8534828001131778						
PB.161551.604	Patient2	0	0	0	0	0	0	0	0	0	1085		0.0		24.0		602.0469596628537		1023.0107634617355	SRSF6	0.0	62.0		0.0	1023.0107634617355	1386.4623156152315	-0.7378568836238312	0.0	1.7101721807550752						
PB.161551.604	Patient22	0	0	0	0	0	0	0	0	0	2106		0.0		24.0		602.0469596628537		1023.0107634617355	SRSF6	0.0	43.0		0.0	1023.0107634617355	1386.4623156152315	-0.7378568836238312	0.0	1.7101721807550752						
PB.161551.604	Patient23	0	0	0	0	0	0	0	0	0	1159		0.0		24.0		602.0469596628537		1023.0107634617355	SRSF6	0.0	18.0		0.0	1023.0107634617355	1386.4623156152315	-0.7378568836238312	0.0	1.7101721807550752						
PB.161551.604	Patient24	0	0	0	1	0	0	0	1	0	1661		602.0469596628537		16.0		602.0469596628537		1023.0107634617355	SRSF6	0.0	41.0		0.024390243902439025	1023.0107634617355	1386.4623156152315	-0.3036244108892944	-77.06886694886474	-0.8566893806418975						
PB.161551.604	Patient27	0	0	0	0	0	0	0	0	0	1439		0.0		24.0		602.0469596628537		1023.0107634617355	SRSF6	0.0	45.0		0.0	1023.0107634617355	1386.4623156152315	-0.7378568836238312	0.0	1.7101721807550752	1.0	1.0	1.0	1.0	1.0	
PB.161551.604	Patient3	0	0	0	0	0	0	0	0	0	2019		0.0		24.0		602.0469596628537		1023.0107634617355	SRSF6	0.0	172.0		0.0	1023.0107634617355	1386.4623156152315	-0.7378568836238312	0.0	1.7101721807550752						
PB.161551.604	Patient5	0	0	0	0	0	0	0	0	0	1596		0.0		24.0		602.0469596628537		1023.0107634617355	SRSF6	0.0	354.0		0.0	1023.0107634617355	1386.4623156152315	-0.7378568836238312	0.0	1.7101721807550752						
PB.161551.604	Patient6	0	0	0	0	0	0	0	0	0	1602		0.0		24.0		602.0469596628537		1023.0107634617355	SRSF6	0.0	77.0		0.0	1023.0107634617355	1386.4623156152315	-0.7378568836238312	0.0	1.7101721807550752						
PB.161551.604	Patient7	0	0	0	0	0	0	0	0	0	1726		0.0		24.0		602.0469596628537		1023.0107634617355	SRSF6	0.0	262.0		0.0	1023.0107634617355	1386.4623156152315	-0.7378568836238312	0.0	1.7101721807550752						
PB.161551.604	Patient8	0	0	0	0	1	0	0	1	0	1359		735.8351729212657		14.0		602.0469596628537		1023.0107634617355	SRSF6	0.0	217.0		0.004608294930875576	1023.0107634617355	1386.4623156152315	-0.20712830583717518	-78.51893017018178	-0.8888866581483801						
PB.161551.604	Patient9	0	0	0	0	0	0	0	0	0	1722		0.0		24.0		602.0469596628537		1023.0107634617355	SRSF6	0.0	3.0		0.0	1023.0107634617355	1386.4623156152315	-0.7378568836238312	0.0	1.7101721807550752						
PB.161551.620	Patient1	0	0	0	0	0	0	0	0	0	1717		0.0		25.5		580.7200929152149		1807.8682643669024	SRSF6	0.0	95.0		0.0	1807.8682643669024	2542.124490874083	-0.7111643315883738	0.0	1.6781262551059444						
PB.161551.620	Patient14	0	0	0	0	0	0	0	0	0	1708		0.0		25.5		580.7200929152149		1807.8682643669024	SRSF6	0.0	44.0		0.0	1807.8682643669024	2542.124490874083	-0.7111643315883738	0.0	1.6781262551059444						
PB.161551.620	Patient15	0	0	0	0	1	0	0	1	0	2573		388.65137971239795		19.0		580.7200929152149		1807.8682643669024	SRSF6	0.0	294.0		0.003401360544217687	1807.8682643669024	2542.124490874083	-0.5582798520486781	-79.5157375299849	0.10417715187474627						
PB.161551.620	Patient16	0	0	0	0	0	0	0	0	0	1271		0.0		25.5		580.7200929152149		1807.8682643669024	SRSF6	0.0	54.0		0.0	1807.8682643669024	2542.124490874083	-0.7111643315883738	0.0	1.6781262551059444						
PB.161551.620	Patient17	0	0	0	0	0	0	0	0	0	1227		0.0		25.5		580.7200929152149		1807.8682643669024	SRSF6	0.0	25.0		0.0	1807.8682643669024	2542.124490874083	-0.7111643315883738	0.0	1.6781262551059444						
PB.161551.620	Patient19	0	0	0	2	0	0	0	2	0	1548		1291.9896640826873		13.0		580.7200929152149		1807.8682643669024	SRSF6	0.0	31.0		0.06451612903225806	1807.8682643669024	2542.124490874083	-0.20293207596093593	-94.60015426716991	-0.20229725887206312						
PB.161551.620	Patient2	0	0	0	0	0	0	0	0	0	1085		0.0		25.5		580.7200929152149		1807.8682643669024	SRSF6	0.0	62.0		0.0	1807.8682643669024	2542.124490874083	-0.7111643315883738	0.0	1.6781262551059444						
PB.161551.620	Patient21	0	0	0	0	0	0	0	0	0	1328		0.0		25.5		580.7200929152149		1807.8682643669024	SRSF6	0.0	122.0		0.0	1807.8682643669024	2542.124490874083	-0.7111643315883738	0.0	1.6781262551059444						
PB.161551.620	Patient22	0	0	0	0	0	1	0	1	0	2106		474.8338081671415		18.0		580.7200929152149		1807.8682643669024	SRSF6	0.0	43.0		0.023255813953488372	1807.8682643669024	2542.124490874083	-0.5243781179817085	-82.179251510579	0.05145506727333061						
PB.161551.620	Patient23	0	0	0	0	0	2	0	2	0	1159		1725.625539257981		12.0		580.7200929152149		1807.8682643669024	SRSF6	0.0	18.0		0.1111111111111111	1807.8682643669024	2542.124490874083	-0.03235196600487613	-98.41879811941203	-0.2778841961689642						
PB.161551.620	Patient25	0	0	0	0	0	0	0	0	0	1946		0.0		25.5		580.7200929152149		1807.8682643669024	SRSF6	0.0	346.0		0.0	1807.8682643669024	2542.124490874083	-0.7111643315883738	0.0	1.6781262551059444	1.0	1.0	1.0	1.0	1.0	
PB.161551.620	Patient27	0	0	0	0	0	0	0	0	0	1439		0.0		25.5		580.7200929152149		1807.8682643669024	SRSF6	0.0	45.0		0.0	1807.8682643669024	2542.124490874083	-0.7111643315883738	0.0	1.6781262551059444						
PB.161551.620	Patient29	0	0	0	0	0	0	0	0	0	1857		0.0		25.5		580.7200929152149		1807.8682643669024	SRSF6	0.0	35.0		0.0	1807.8682643669024	2542.124490874083	-0.7111643315883738	0.0	1.6781262551059444						
PB.161551.620	Patient3	0	0	0	0	0	0	0	0	0	2019		0.0		25.5		580.7200929152149		1807.8682643669024	SRSF6	0.0	172.0		0.0	1807.8682643669024	2542.124490874083	-0.7111643315883738	0.0	1.6781262551059444						
PB.161551.620	Patient30	0	0	0	0	1	0	0	1	0	1808		553.0973451327434		17.0		580.7200929152149		1807.8682643669024	SRSF6	0.0	127.0		0.007874015748031496	1807.8682643669024	2542.124490874083	-0.49359145224344186	-84.20900621691978	0.011277730068608533						
PB.161551.620	Patient31	0	0	0	0	0	0	0	0	0	1858		0.0		25.5		580.7200929152149		1807.8682643669024	SRSF6	0.0	125.0		0.0	1807.8682643669024	2542.124490874083	-0.7111643315883738	0.0	1.6781262551059444						
PB.161551.620	Patient4	0	0	0	1	0	0	0	1	0	1450		689.655172413793		14.0		580.7200929152149		1807.8682643669024	SRSF6	0.0	100.0		0.01	1807.8682643669024	2542.124490874083	-0.4398734585844863	-86.32053638885544	-0.038408982922212585						
PB.161551.620	Patient5	0	0	0	0	0	0	0	0	0	1596		0.0		25.5		580.7200929152149		1807.8682643669024	SRSF6	0.0	354.0		0.0	1807.8682643669024	2542.124490874083	-0.7111643315883738	0.0	1.6781262551059444						
PB.161551.620	Patient6	0	0	0	0	1	0	0	1	0	1602		624.2197253433209		15.0		580.7200929152149		1807.8682643669024	SRSF6	0.0	77.0		0.012987012987012988	1807.8682643669024	2542.124490874083	-0.46561391594815105	-85.00628054688886	-0.0123943615637724						
PB.161551.620	Patient7	0	0	0	2	0	1	0	3	0	1726		1738.1228273464658		11.0		580.7200929152149		1807.8682643669024	SRSF6	0.0	262.0		0.011450381679389313	1807.8682643669024	2542.124490874083	-0.02743588572110226	-98.514021526328	-0.2797690657630553						
PB.161551.620	Patient9	0	0	0	1	0	0	0	1	0	1722		580.7200929152149		16.0		580.7200929152149		1807.8682643669024	SRSF6	0.0	3.0		0.3333333333333333	1807.8682643669024	2542.124490874083	-0.48272544317046623	-84.5512312802011	0.001116631495164148						
PB.59138.479	Patient10	0	0	0	139	136	97	0	372	0	1394		266857.962697274		26.0		342731.82957393484		326621.0361678374	HARS1	0.0	402.0		0.9253731343283582	326621.0361678374	90356.74934833545	-0.6614123892413395	-38.04820166006614	0.4799408154859401						Charcot-Marie-Tooth disease, axonal, type 2W, 616625 (3), Autosomal dominant; Usher syndrome type 3B, 614504 (3), Autosomal recessive
PB.59138.479	Patient11	0	0	0	75	73	73	0	221	0	1367		161667.88588149232		30.0		342731.82957393484		326621.0361678374	HARS1	0.0	252.0		0.876984126984127	326621.0361678374	90356.74934833545	-1.8255764121220441	-24.752351998372585	1.4393936447607594						Charcot-Marie-Tooth disease, axonal, type 2W, 616625 (3), Autosomal dominant; Usher syndrome type 3B, 614504 (3), Autosomal recessive
PB.59138.479	Patient12	0	0	0	157	158	161	0	476	0	1791		265773.3109994416		27.0		342731.82957393484		326621.0361678374	HARS1	0.0	520.0		0.9153846153846154	326621.0361678374	90356.74934833545	-0.6734164919304584	-37.94015193472719	0.48773788128591683						Charcot-Marie-Tooth disease, axonal, type 2W, 616625 (3), Autosomal dominant; Usher syndrome type 3B, 614504 (3), Autosomal recessive
PB.59138.479	Patient13	0	0	0	179	169	167	0	515	0	2218		232191.16321009918		28.0		342731.82957393484		326621.0361678374	HARS1	0.0	548.0		0.9397810218978102	326621.0361678374	90356.74934833545	-1.0450782441685724	-34.35647286915432	0.746342717092918						Charcot-Marie-Tooth disease, axonal, type 2W, 616625 (3), Autosomal dominant; Usher syndrome type 3B, 614504 (3), Autosomal recessive
PB.59138.479	Patient14	0	0	0	150	155	152	0	457	0	1708		267564.4028103045		25.0		342731.82957393484		326621.0361678374	HARS1	0.0	464.0		0.9849137931034483	326621.0361678374	90356.74934833545	-0.653594045640829	-38.118339181418726	0.47487956366583717						Charcot-Marie-Tooth disease, axonal, type 2W, 616625 (3), Autosomal dominant; Usher syndrome type 3B, 614504 (3), Autosomal recessive
PB.59138.479	Patient2	0	0	0	24	26	19	0	69	0	1085		63594.47004608294		31.0		342731.82957393484		326621.0361678374	HARS1	0.0	71.0		0.971830985915493	326621.0361678374	90356.74934833545	-2.9109786265966413	24.75235199837259	5.01174362769819						Charcot-Marie-Tooth disease, axonal, type 2W, 616625 (3), Autosomal dominant; Usher syndrome type 3B, 614504 (3), Autosomal recessive
PB.59138.479	Patient21	0	0	0	151	143	131	0	425	0	1328		320030.1204819277		19.0		342731.82957393484		326621.0361678374	HARS1	0.0	461.0		0.9219088937093276	326621.0361678374	90356.74934833545	-0.07294325806809364	-42.868579704102864	0.13209351950980955						Charcot-Marie-Tooth disease, axonal, type 2W, 616625 (3), Autosomal dominant; Usher syndrome type 3B, 614504 (3), Autosomal recessive
PB.59138.479	Patient28	0	0	0	87	81	67	0	235	0	1202		195507.48752079866		29.0		342731.82957393484		326621.0361678374	HARS1	0.0	246.0		0.9552845528455285	326621.0361678374	90356.74934833545	-1.451065355854948	-29.794398573466356	1.0755503421588448						Charcot-Marie-Tooth disease, axonal, type 2W, 616625 (3), Autosomal dominant; Usher syndrome type 3B, 614504 (3), Autosomal recessive
PB.59138.479	Patient29	0	0	0	174	164	167	0	505	0	1857		271943.9956919763		23.0		342731.82957393484		326621.0361678374	HARS1	0.0	544.0		0.9283088235294118	326621.0361678374	90356.74934833545	-0.6051240319090604	-38.549068586622376	0.44379734199593135						Charcot-Marie-Tooth disease, axonal, type 2W, 616625 (3), Autosomal dominant; Usher syndrome type 3B, 614504 (3), Autosomal recessive
PB.59138.479	Patient30	0	0	0	181	160	147	0	488	0	1808		269911.50442477874		24.0		342731.82957393484		326621.0361678374	HARS1	0.0	512.0		0.953125	326621.0361678374	90356.74934833545	-0.6276181043702337	-38.350044015836495	0.4581593190334633						Charcot-Marie-Tooth disease, axonal, type 2W, 616625 (3), Autosomal dominant; Usher syndrome type 3B, 614504 (3), Autosomal recessive
PB.59138.479	Patient31	0	0	0	175	167	166	0	508	0	1858		273412.27125941875		22.0		342731.82957393484		326621.0361678374	HARS1	0.0	537.0		0.9459962756052142	326621.0361678374	90356.74934833545	-0.5888742710662693	-38.69192106532464	0.4334888458601265						Charcot-Marie-Tooth disease, axonal, type 2W, 616625 (3), Autosomal dominant; Usher syndrome type 3B, 614504 (3), Autosomal recessive
PB.59138.479	Patient4	0	0	0	143	147	146	0	436	0	1450		300689.6551724138		20.0		342731.82957393484		326621.0361678374	HARS1	0.0	453.0		0.9624724061810155	326621.0361678374	90356.74934833545	-0.286988865607097	-41.214823077812575	0.25143162233129496						Charcot-Marie-Tooth disease, axonal, type 2W, 616625 (3), Autosomal dominant; Usher syndrome type 3B, 614504 (3), Autosomal recessive
PB.59138.479	Patient8	0	0	0	138	131	125	0	394	0	1359		289919.05813097866		21.0		342731.82957393484		326621.0361678374	HARS1	0.0	410.0		0.9609756097560975	326621.0361678374	90356.74934833545	-0.40618966819366714	-40.24710764275355	0.32126373804596914						Charcot-Marie-Tooth disease, axonal, type 2W, 616625 (3), Autosomal dominant; Usher syndrome type 3B, 614504 (3), Autosomal recessive
PB.59138.479	Patient9	0	0	0	200	176	183	0	559	0	1722		324622.53193960513		18.0		342731.82957393484		326621.0361678374	HARS1	0.0	592.0		0.9442567567567568	326621.0361678374	90356.74934833545	-0.022117929680358406	-43.24657124190231	0.10481695880767662						Charcot-Marie-Tooth disease, axonal, type 2W, 616625 (3), Autosomal dominant; Usher syndrome type 3B, 614504 (3), Autosomal recessive
PB.59138.482	Patient1	0	0	0	1	0	0	0	1	0	1717		582.4111822947001		11.0		0.0		797.0790902521202	HARS1	0.0	643.0		0.0015552099533437014	797.0790902521202	1303.724815679256	-0.16465737659950547	-9.18836922854167	-1.7261158419687341						Charcot-Marie-Tooth disease, axonal, type 2W, 616625 (3), Autosomal dominant; Usher syndrome type 3B, 614504 (3), Autosomal recessive
PB.59138.482	Patient10	0	0	0	0	0	0	0	0	0	1394		0.0		22.0		0.0		797.0790902521202	HARS1	0.0	402.0		0.0	797.0790902521202	1303.724815679256	-0.6113859924011898	0.0	0.0						Charcot-Marie-Tooth disease, axonal, type 2W, 616625 (3), Autosomal dominant; Usher syndrome type 3B, 614504 (3), Autosomal recessive
PB.59138.482	Patient11	0	0	0	0	0	0	0	0	0	1367		0.0		22.0		0.0		797.0790902521202	HARS1	0.0	252.0		0.0	797.0790902521202	1303.724815679256	-0.6113859924011898	0.0	0.0						Charcot-Marie-Tooth disease, axonal, type 2W, 616625 (3), Autosomal dominant; Usher syndrome type 3B, 614504 (3), Autosomal recessive
PB.59138.482	Patient12	0	0	0	0	0	0	0	0	0	1791		0.0		22.0		0.0		797.0790902521202	HARS1	0.0	520.0		0.0	797.0790902521202	1303.724815679256	-0.6113859924011898	0.0	0.0						Charcot-Marie-Tooth disease, axonal, type 2W, 616625 (3), Autosomal dominant; Usher syndrome type 3B, 614504 (3), Autosomal recessive
PB.59138.482	Patient13	0	0	0	0	0	0	0	0	0	2218		0.0		22.0		0.0		797.0790902521202	HARS1	0.0	548.0		0.0	797.0790902521202	1303.724815679256	-0.6113859924011898	0.0	0.0						Charcot-Marie-Tooth disease, axonal, type 2W, 616625 (3), Autosomal dominant; Usher syndrome type 3B, 614504 (3), Autosomal recessive
PB.59138.482	Patient14	0	0	0	0	0	0	0	0	0	1708		0.0		22.0		0.0		797.0790902521202	HARS1	0.0	464.0		0.0	797.0790902521202	1303.724815679256	-0.6113859924011898	0.0	0.0						Charcot-Marie-Tooth disease, axonal, type 2W, 616625 (3), Autosomal dominant; Usher syndrome type 3B, 614504 (3), Autosomal recessive
PB.59138.482	Patient15	0	0	0	0	0	0	0	0	0	2573		0.0		22.0		0.0		797.0790902521202	HARS1	0.0	988.0		0.0	797.0790902521202	1303.724815679256	-0.6113859924011898	0.0	0.0						Charcot-Marie-Tooth disease, axonal, type 2W, 616625 (3), Autosomal dominant; Usher syndrome type 3B, 614504 (3), Autosomal recessive
PB.59138.482	Patient17	0	0	0	0	0	0	0	0	0	1227		0.0		22.0		0.0		797.0790902521202	HARS1	0.0	543.0		0.0	797.0790902521202	1303.724815679256	-0.6113859924011898	0.0	0.0						Charcot-Marie-Tooth disease, axonal, type 2W, 616625 (3), Autosomal dominant; Usher syndrome type 3B, 614504 (3), Autosomal recessive
PB.59138.482	Patient18	0	0	0	0	0	0	0	0	0	1387		0.0		22.0		0.0		797.0790902521202	HARS1	0.0	594.0		0.0	797.0790902521202	1303.724815679256	-0.6113859924011898	0.0	0.0						Charcot-Marie-Tooth disease, axonal, type 2W, 616625 (3), Autosomal dominant; Usher syndrome type 3B, 614504 (3), Autosomal recessive
PB.59138.482	Patient19	0	0	0	0	0	0	0	0	0	1548		0.0		22.0		0.0		797.0790902521202	HARS1	0.0	582.0		0.0	797.0790902521202	1303.724815679256	-0.6113859924011898	0.0	0.0						Charcot-Marie-Tooth disease, axonal, type 2W, 616625 (3), Autosomal dominant; Usher syndrome type 3B, 614504 (3), Autosomal recessive
PB.59138.482	Patient2	0	0	0	0	0	0	0	0	0	1085		0.0		22.0		0.0		797.0790902521202	HARS1	0.0	71.0		0.0	797.0790902521202	1303.724815679256	-0.6113859924011898	0.0	0.0						Charcot-Marie-Tooth disease, axonal, type 2W, 616625 (3), Autosomal dominant; Usher syndrome type 3B, 614504 (3), Autosomal recessive
PB.59138.482	Patient22	0	0	0	0	0	1	0	1	0	2106		474.8338081671415		12.0		0.0		797.0790902521202	HARS1	0.0	738.0		0.0013550135501355014	797.0790902521202	1303.724815679256	-0.2471727761944035	-8.894313969192877	-1.6708749794226894						Charcot-Marie-Tooth disease, axonal, type 2W, 616625 (3), Autosomal dominant; Usher syndrome type 3B, 614504 (3), Autosomal recessive
PB.59138.482	Patient23	0	0	0	0	0	0	0	0	0	1159		0.0		22.0		0.0		797.0790902521202	HARS1	0.0	545.0		0.0	797.0790902521202	1303.724815679256	-0.6113859924011898	0.0	0.0						Charcot-Marie-Tooth disease, axonal, type 2W, 616625 (3), Autosomal dominant; Usher syndrome type 3B, 614504 (3), Autosomal recessive
PB.59138.482	Patient26	0	0	0	0	0	0	0	0	0	1469		0.0		22.0		0.0		797.0790902521202	HARS1	0.0	547.0		0.0	797.0790902521202	1303.724815679256	-0.6113859924011898	0.0	0.0						Charcot-Marie-Tooth disease, axonal, type 2W, 616625 (3), Autosomal dominant; Usher syndrome type 3B, 614504 (3), Autosomal recessive
PB.59138.482	Patient27	0	0	0	1	0	0	0	1	0	1439		694.9270326615705		10.0		0.0		797.0790902521202	HARS1	0.0	534.0		0.0018726591760299626	797.0790902521202	1303.724815679256	-0.0783540025947326	-9.442792238469677	-1.7739114384532477						Charcot-Marie-Tooth disease, axonal, type 2W, 616625 (3), Autosomal dominant; Usher syndrome type 3B, 614504 (3), Autosomal recessive
PB.59138.482	Patient29	0	0	0	0	0	0	0	0	0	1857		0.0		22.0		0.0		797.0790902521202	HARS1	0.0	544.0		0.0	797.0790902521202	1303.724815679256	-0.6113859924011898	0.0	0.0						Charcot-Marie-Tooth disease, axonal, type 2W, 616625 (3), Autosomal dominant; Usher syndrome type 3B, 614504 (3), Autosomal recessive
PB.59138.482	Patient30	0	0	0	0	0	0	0	0	0	1808		0.0		22.0		0.0		797.0790902521202	HARS1	0.0	512.0		0.0	797.0790902521202	1303.724815679256	-0.6113859924011898	0.0	0.0						Charcot-Marie-Tooth disease, axonal, type 2W, 616625 (3), Autosomal dominant; Usher syndrome type 3B, 614504 (3), Autosomal recessive
PB.59138.482	Patient31	0	0	0	0	0	0	0	0	0	1858		0.0		22.0		0.0		797.0790902521202	HARS1	0.0	537.0		0.0	797.0790902521202	1303.724815679256	-0.6113859924011898	0.0	0.0						Charcot-Marie-Tooth disease, axonal, type 2W, 616625 (3), Autosomal dominant; Usher syndrome type 3B, 614504 (3), Autosomal recessive
PB.59138.482	Patient5	0	0	0	0	0	0	0	0	0	1596		0.0		22.0		0.0		797.0790902521202	HARS1	0.0	559.0		0.0	797.0790902521202	1303.724815679256	-0.6113859924011898	0.0	0.0						Charcot-Marie-Tooth disease, axonal, type 2W, 616625 (3), Autosomal dominant; Usher syndrome type 3B, 614504 (3), Autosomal recessive
PB.59138.482	Patient7	0	0	0	0	0	0	0	0	0	1726		0.0		22.0		0.0		797.0790902521202	HARS1	0.0	605.0		0.0	797.0790902521202	1303.724815679256	-0.6113859924011898	0.0	0.0						Charcot-Marie-Tooth disease, axonal, type 2W, 616625 (3), Autosomal dominant; Usher syndrome type 3B, 614504 (3), Autosomal recessive
PB.59138.482	Patient8	0	0	0	0	0	0	0	0	0	1359		0.0		22.0		0.0		797.0790902521202	HARS1	0.0	410.0		0.0	797.0790902521202	1303.724815679256	-0.6113859924011898	0.0	0.0						Charcot-Marie-Tooth disease, axonal, type 2W, 616625 (3), Autosomal dominant; Usher syndrome type 3B, 614504 (3), Autosomal recessive
PB.59138.482	Patient9	0	0	0	0	0	0	0	0	0	1722		0.0		22.0		0.0		797.0790902521202	HARS1	0.0	592.0		0.0	797.0790902521202	1303.724815679256	-0.6113859924011898	0.0	0.0						Charcot-Marie-Tooth disease, axonal, type 2W, 616625 (3), Autosomal dominant; Usher syndrome type 3B, 614504 (3), Autosomal recessive
PB.59138.483	Patient1	0	0	0	3	6	1	0	10	0	1717		5824.111822947		20.0		6866.4169787765295		7679.858053412392	HARS1	0.0	643.0		0.015552099533437015	7679.858053412392	3983.4438377890306	-0.46586479087788635	-34.230948708490644	0.3363831283804889						Charcot-Marie-Tooth disease, axonal, type 2W, 616625 (3), Autosomal dominant; Usher syndrome type 3B, 614504 (3), Autosomal recessive
PB.59138.483	Patient10	0	0	0	2	2	2	0	6	0	1394		4304.16068866571		24.0		6866.4169787765295		7679.858053412392	HARS1	0.0	402.0		0.014925373134328358	7679.858053412392	3983.4438377890306	-0.847431896170608	-28.61400359368005	0.7649852210439126						Charcot-Marie-Tooth disease, axonal, type 2W, 616625 (3), Autosomal dominant; Usher syndrome type 3B, 614504 (3), Autosomal recessive
PB.59138.483	Patient11	0	0	0	3	3	2	0	8	0	1367		5852.231163130944		19.0		6866.4169787765295		7679.858053412392	HARS1	0.0	252.0		0.031746031746031744	7679.858053412392	3983.4438377890306	-0.45880573812629766	-34.320407950953786	0.32955692343383786						Charcot-Marie-Tooth disease, axonal, type 2W, 616625 (3), Autosomal dominant; Usher syndrome type 3B, 614504 (3), Autosomal recessive
PB.59138.483	Patient12	0	0	0	3	0	3	0	6	0	1791		3350.0837520938026		27.0		6866.4169787765295		7679.858053412392	HARS1	0.0	520.0		0.011538461538461539	7679.858053412392	3983.4438377890306	-1.086942474309312	-23.959950141174115	1.1201136775872769						Charcot-Marie-Tooth disease, axonal, type 2W, 616625 (3), Autosomal dominant; Usher syndrome type 3B, 614504 (3), Autosomal recessive
PB.59138.483	Patient13	0	0	0	5	1	4	0	10	0	2218		4508.566275924256		23.0		6866.4169787765295		7679.858053412392	HARS1	0.0	548.0		0.01824817518248175	7679.858053412392	3983.4438377890306	-0.7961181095120771	-29.475715787403658	0.6992321040106546						Charcot-Marie-Tooth disease, axonal, type 2W, 616625 (3), Autosomal dominant; Usher syndrome type 3B, 614504 (3), Autosomal recessive
PB.59138.483	Patient14	0	0	0	2	0	1	0	3	0	1708		1756.440281030445		30.0		6866.4169787765295		7679.858053412392	HARS1	0.0	464.0		0.00646551724137931	7679.858053412392	3983.4438377890306	-1.4870092346198807	-11.970022585940193	2.0350074385225563	1.0	1.0	1.0	1.0	1.0	Charcot-Marie-Tooth disease, axonal, type 2W, 616625 (3), Autosomal dominant; Usher syndrome type 3B, 614504 (3), Autosomal recessive
PB.59138.483	Patient2	0	0	0	0	1	0	0	1	0	1085		921.6589861751152		31.0		6866.4169787765295		7679.858053412392	HARS1	0.0	71.0		0.014084507042253521	7679.858053412392	3983.4438377890306	-1.6965719468981757	11.970022585940193	3.8617572552636132						Charcot-Marie-Tooth disease, axonal, type 2W, 616625 (3), Autosomal dominant; Usher syndrome type 3B, 614504 (3), Autosomal recessive
PB.59138.483	Patient22	0	0	0	3	2	2	0	7	0	2106		3323.8366571699903		28.0		6866.4169787765295		7679.858053412392	HARS1	0.0	738.0		0.009485094850948509	7679.858053412392	3983.4438377890306	-1.0935315203691103	-23.813876179978994	1.1312598796904063						Charcot-Marie-Tooth disease, axonal, type 2W, 616625 (3), Autosomal dominant; Usher syndrome type 3B, 614504 (3), Autosomal recessive
PB.59138.483	Patient25	0	0	0	2	4	7	0	13	0	1946		6680.369989722507		17.0		6866.4169787765295		7679.858053412392	HARS1	0.0	738.0		0.017615176151761516	7679.858053412392	3983.4438377890306	-0.2509105448426858	-36.778658828550824	0.14197961069641102						Charcot-Marie-Tooth disease, axonal, type 2W, 616625 (3), Autosomal dominant; Usher syndrome type 3B, 614504 (3), Autosomal recessive
PB.59138.483	Patient28	0	0	0	0	2	4	0	6	0	1202		4991.680532445924		22.0		6866.4169787765295		7679.858053412392	HARS1	0.0	246.0		0.024390243902439025	7679.858053412392	3983.4438377890306	-0.6748375602700887	-31.36631141707356	0.5549698356968279						Charcot-Marie-Tooth disease, axonal, type 2W, 616625 (3), Autosomal dominant; Usher syndrome type 3B, 614504 (3), Autosomal recessive
PB.59138.483	Patient3	0	0	0	5	3	4	0	12	0	2019		5943.536404160475		18.0		6866.4169787765295		7679.858053412392	HARS1	0.0	838.0		0.014319809069212411	7679.858053412392	3983.4438377890306	-0.4358845561672696	-34.60795242095356	0.307615786560213						Charcot-Marie-Tooth disease, axonal, type 2W, 616625 (3), Autosomal dominant; Usher syndrome type 3B, 614504 (3), Autosomal recessive
PB.59138.483	Patient4	0	0	0	0	2	4	0	6	0	1450		4137.931034482759		25.0		6866.4169787765295		7679.858053412392	HARS1	0.0	453.0		0.013245033112582781	7679.858053412392	3983.4438377890306	-0.8891620324426472	-27.882507270735267	0.8208021906566388	1.0	1.0	1.0	1.0	1.0	Charcot-Marie-Tooth disease, axonal, type 2W, 616625 (3), Autosomal dominant; Usher syndrome type 3B, 614504 (3), Autosomal recessive
PB.59138.483	Patient5	0	0	0	1	0	4	0	5	0	1596		3132.832080200501		29.0		6866.4169787765295		7679.858053412392	HARS1	0.0	559.0		0.008944543828264758	7679.858053412392	3983.4438377890306	-1.1414811299901924	-22.71479974052388	1.2151251217960186						Charcot-Marie-Tooth disease, axonal, type 2W, 616625 (3), Autosomal dominant; Usher syndrome type 3B, 614504 (3), Autosomal recessive
PB.59138.483	Patient6	0	0	0	1	3	7	0	11	0	1602		6866.4169787765295		16.0		6866.4169787765295		7679.858053412392	HARS1	0.0	657.0		0.0167427701674277	7679.858053412392	3983.4438377890306	-0.20420548343599962	-37.236863887321206	0.08953447111151745						Charcot-Marie-Tooth disease, axonal, type 2W, 616625 (3), Autosomal dominant; Usher syndrome type 3B, 614504 (3), Autosomal recessive
PB.59138.483	Patient7	0	0	0	2	2	3	0	7	0	1726		4055.6199304750867		26.0		6866.4169787765295		7679.858053412392	HARS1	0.0	605.0		0.011570247933884297	7679.858053412392	3983.4438377890306	-0.9098253346905228	-27.50934704109333	0.8492762547705252						Charcot-Marie-Tooth disease, axonal, type 2W, 616625 (3), Autosomal dominant; Usher syndrome type 3B, 614504 (3), Autosomal recessive
PB.59138.483	Patient8	0	0	0	1	4	2	0	7	0	1359		5150.84621044886		21.0		6866.4169787765295		7679.858053412392	HARS1	0.0	410.0		0.01707317073170732	7679.858053412392	3983.4438377890306	-0.6348807579441698	-31.94929154342156	0.5104854234359535	1.0	1.0	1.0	1.0	1.0	Charcot-Marie-Tooth disease, axonal, type 2W, 616625 (3), Autosomal dominant; Usher syndrome type 3B, 614504 (3), Autosomal recessive
PB.59138.484	Patient10	0	0	0	0	0	0	0	0	0	1394		0.0		25.0		645.9948320413437		1392.177547937169	HARS1	0.0	402.0		0.0	1392.177547937169	1944.293188903232	-0.7160327238108007	0.0	1.7263604715726115						Charcot-Marie-Tooth disease, axonal, type 2W, 616625 (3), Autosomal dominant; Usher syndrome type 3B, 614504 (3), Autosomal recessive
PB.59138.484	Patient11	0	0	0	0	0	0	0	0	0	1367		0.0		25.0		645.9948320413437		1392.177547937169	HARS1	0.0	252.0		0.0	1392.177547937169	1944.293188903232	-0.7160327238108007	0.0	1.7263604715726115						Charcot-Marie-Tooth disease, axonal, type 2W, 616625 (3), Autosomal dominant; Usher syndrome type 3B, 614504 (3), Autosomal recessive
PB.59138.484	Patient13	0	0	0	0	0	0	0	0	0	2218		0.0		25.0		645.9948320413437		1392.177547937169	HARS1	0.0	548.0		0.0	1392.177547937169	1944.293188903232	-0.7160327238108007	0.0	1.7263604715726115	1.0	1.0	1.0	1.0	1.0	Charcot-Marie-Tooth disease, axonal, type 2W, 616625 (3), Autosomal dominant; Usher syndrome type 3B, 614504 (3), Autosomal recessive
PB.59138.484	Patient14	0	0	0	0	0	0	0	0	0	1708		0.0		25.0		645.9948320413437		1392.177547937169	HARS1	0.0	464.0		0.0	1392.177547937169	1944.293188903232	-0.7160327238108007	0.0	1.7263604715726115						Charcot-Marie-Tooth disease, axonal, type 2W, 616625 (3), Autosomal dominant; Usher syndrome type 3B, 614504 (3), Autosomal recessive
PB.59138.484	Patient15	0	0	0	1	1	0	0	2	0	2573		777.3027594247959		14.0		645.9948320413437		1392.177547937169	HARS1	0.0	988.0		0.0020242914979757085	1392.177547937169	1944.293188903232	-0.31624592012237696	-88.98549658444844	-0.037720671593239774						Charcot-Marie-Tooth disease, axonal, type 2W, 616625 (3), Autosomal dominant; Usher syndrome type 3B, 614504 (3), Autosomal recessive
PB.59138.484	Patient16	0	0	0	0	0	0	0	0	0	1271		0.0		25.0		645.9948320413437		1392.177547937169	HARS1	0.0	647.0		0.0	1392.177547937169	1944.293188903232	-0.7160327238108007	0.0	1.7263604715726115						Charcot-Marie-Tooth disease, axonal, type 2W, 616625 (3), Autosomal dominant; Usher syndrome type 3B, 614504 (3), Autosomal recessive
PB.59138.484	Patient19	0	0	0	0	0	1	0	1	0	1548		645.9948320413437		16.0		645.9948320413437		1392.177547937169	HARS1	0.0	582.0		0.001718213058419244	1392.177547937169	1944.293188903232	-0.3837809648023013	-87.46473311534594	-8.827630326233838e-05						Charcot-Marie-Tooth disease, axonal, type 2W, 616625 (3), Autosomal dominant; Usher syndrome type 3B, 614504 (3), Autosomal recessive
PB.59138.484	Patient2	0	0	0	0	1	0	0	1	0	1085		921.6589861751152		13.0		645.9948320413437		1392.177547937169	HARS1	0.0	71.0		0.014084507042253521	1392.177547937169	1944.293188903232	-0.24199979943738398	-91.25980854345934	-0.08240902465879943						Charcot-Marie-Tooth disease, axonal, type 2W, 616625 (3), Autosomal dominant; Usher syndrome type 3B, 614504 (3), Autosomal recessive
PB.59138.484	Patient22	0	0	0	0	0	0	0	0	0	2106		0.0		25.0		645.9948320413437		1392.177547937169	HARS1	0.0	738.0		0.0	1392.177547937169	1944.293188903232	-0.7160327238108007	0.0	1.7263604715726115						Charcot-Marie-Tooth disease, axonal, type 2W, 616625 (3), Autosomal dominant; Usher syndrome type 3B, 614504 (3), Autosomal recessive
PB.59138.484	Patient26	0	0	0	0	0	0	0	0	0	1469		0.0		25.0		645.9948320413437		1392.177547937169	HARS1	0.0	547.0		0.0	1392.177547937169	1944.293188903232	-0.7160327238108007	0.0	1.7263604715726115	1.0	1.0	1.0	1.0	1.0	Charcot-Marie-Tooth disease, axonal, type 2W, 616625 (3), Autosomal dominant; Usher syndrome type 3B, 614504 (3), Autosomal recessive
PB.59138.484	Patient28	0	0	0	0	0	0	0	0	0	1202		0.0		25.0		645.9948320413437		1392.177547937169	HARS1	0.0	246.0		0.0	1392.177547937169	1944.293188903232	-0.7160327238108007	0.0	1.7263604715726115						Charcot-Marie-Tooth disease, axonal, type 2W, 616625 (3), Autosomal dominant; Usher syndrome type 3B, 614504 (3), Autosomal recessive
PB.59138.484	Patient3	0	0	0	0	0	0	0	0	0	2019		0.0		25.0		645.9948320413437		1392.177547937169	HARS1	0.0	838.0		0.0	1392.177547937169	1944.293188903232	-0.7160327238108007	0.0	1.7263604715726115						Charcot-Marie-Tooth disease, axonal, type 2W, 616625 (3), Autosomal dominant; Usher syndrome type 3B, 614504 (3), Autosomal recessive
PB.59138.484	Patient30	0	0	0	0	0	0	0	0	0	1808		0.0		25.0		645.9948320413437		1392.177547937169	HARS1	0.0	512.0		0.0	1392.177547937169	1944.293188903232	-0.7160327238108007	0.0	1.7263604715726115						Charcot-Marie-Tooth disease, axonal, type 2W, 616625 (3), Autosomal dominant; Usher syndrome type 3B, 614504 (3), Autosomal recessive
PB.59138.484	Patient31	0	0	0	0	0	1	0	1	0	1858		538.2131324004305		18.0		645.9948320413437		1392.177547937169	HARS1	0.0	537.0		0.00186219739292365	1392.177547937169	1944.293188903232	-0.4392158653903717	-85.63383194594762	0.043726345152417356						Charcot-Marie-Tooth disease, axonal, type 2W, 616625 (3), Autosomal dominant; Usher syndrome type 3B, 614504 (3), Autosomal recessive
PB.59138.484	Patient5	0	0	0	0	0	0	0	0	0	1596		0.0		25.0		645.9948320413437		1392.177547937169	HARS1	0.0	559.0		0.0	1392.177547937169	1944.293188903232	-0.7160327238108007	0.0	1.7263604715726115						Charcot-Marie-Tooth disease, axonal, type 2W, 616625 (3), Autosomal dominant; Usher syndrome type 3B, 614504 (3), Autosomal recessive
PB.59138.484	Patient6	0	0	0	0	0	0	0	0	0	1602		0.0		25.0		645.9948320413437		1392.177547937169	HARS1	0.0	657.0		0.0	1392.177547937169	1944.293188903232	-0.7160327238108007	0.0	1.7263604715726115						Charcot-Marie-Tooth disease, axonal, type 2W, 616625 (3), Autosomal dominant; Usher syndrome type 3B, 614504 (3), Autosomal recessive
PB.59138.484	Patient7	0	0	0	0	0	0	0	0	0	1726		0.0		25.0		645.9948320413437		1392.177547937169	HARS1	0.0	605.0		0.0	1392.177547937169	1944.293188903232	-0.7160327238108007	0.0	1.7263604715726115						Charcot-Marie-Tooth disease, axonal, type 2W, 616625 (3), Autosomal dominant; Usher syndrome type 3B, 614504 (3), Autosomal recessive
PB.59138.484	Patient8	0	0	0	1	0	0	0	1	0	1359		735.8351729212657		15.0		645.9948320413437		1392.177547937169	HARS1	0.0	410.0		0.0024390243902439024	1392.177547937169	1944.293188903232	-0.33757376652959603	-88.25363629071705	-0.023340220806199942						Charcot-Marie-Tooth disease, axonal, type 2W, 616625 (3), Autosomal dominant; Usher syndrome type 3B, 614504 (3), Autosomal recessive
PB.59138.484	Patient9	0	0	0	0	0	1	0	1	0	1722		580.7200929152149		17.0		645.9948320413437		1392.177547937169	HARS1	0.0	592.0		0.0016891891891891893	1392.177547937169	1944.293188903232	-0.417353442193404	-86.6668446971348	0.02342849710946256						Charcot-Marie-Tooth disease, axonal, type 2W, 616625 (3), Autosomal dominant; Usher syndrome type 3B, 614504 (3), Autosomal recessive
PB.59138.487	Patient1	0	0	0	0	5	2	0	7	0	1717		4076.8782760629006		17.0		4369.5380774032465		4418.789350323991	HARS1	0.0	643.0		0.01088646967340591	4418.789350323991	2292.5320576869085	-0.1491412401910174	-145.32271918871635	0.015882501289415128						Charcot-Marie-Tooth disease, axonal, type 2W, 616625 (3), Autosomal dominant; Usher syndrome type 3B, 614504 (3), Autosomal recessive
PB.59138.487	Patient10	0	0	0	1	2	1	0	4	0	1394		2869.4404591104735		22.0		4369.5380774032465		4418.789350323991	HARS1	0.0	402.0		0.009950248756218905	4418.789350323991	2292.5320576869085	-0.6758243078950709	-139.18505341606902	0.144701476702423						Charcot-Marie-Tooth disease, axonal, type 2W, 616625 (3), Autosomal dominant; Usher syndrome type 3B, 614504 (3), Autosomal recessive
PB.59138.487	Patient11	0	0	0	1	0	0	0	1	0	1367		731.528895391368		30.0		4369.5380774032465		4418.789350323991	HARS1	0.0	252.0		0.003968253968253968	4418.789350323991	2292.5320576869085	-1.608379015930949	-115.3113710023031	0.6457687263370318						Charcot-Marie-Tooth disease, axonal, type 2W, 616625 (3), Autosomal dominant; Usher syndrome type 3B, 614504 (3), Autosomal recessive
PB.59138.487	Patient14	0	0	0	0	1	2	0	3	0	1708		1756.440281030445		28.0		4369.5380774032465		4418.789350323991	HARS1	0.0	464.0		0.00646551724137931	4418.789350323991	2292.5320576869085	-1.1613137798298756	-130.6089060470691	0.3246999578821858						Charcot-Marie-Tooth disease, axonal, type 2W, 616625 (3), Autosomal dominant; Usher syndrome type 3B, 614504 (3), Autosomal recessive
PB.59138.487	Patient19	0	0	0	1	0	1	0	2	0	1548		1291.9896640826873		29.0		4369.5380774032465		4418.789350323991	HARS1	0.0	582.0		0.003436426116838488	4418.789350323991	2292.5320576869085	-1.3639066357903604	-125.2440625789137	0.4372987314906843						Charcot-Marie-Tooth disease, axonal, type 2W, 616625 (3), Autosomal dominant; Usher syndrome type 3B, 614504 (3), Autosomal recessive
PB.59138.487	Patient2	0	0	0	0	0	0	0	0	0	1085		0.0		31.0		4369.5380774032465		4418.789350323991	HARS1	0.0	71.0		0.0	4418.789350323991	2292.5320576869085	-1.927471127615292	115.3113710023031	5.486140690605428	1.0	1.0	1.0	1.0	1.0	Charcot-Marie-Tooth disease, axonal, type 2W, 616625 (3), Autosomal dominant; Usher syndrome type 3B, 614504 (3), Autosomal recessive
PB.59138.487	Patient21	0	0	0	1	3	1	0	5	0	1328		3765.0602409638554		19.0		4369.5380774032465		4418.789350323991	HARS1	0.0	461.0		0.010845986984815618	4418.789350323991	2292.5320576869085	-0.28515592930016753	-143.93217640204108	0.04506758625212963						Charcot-Marie-Tooth disease, axonal, type 2W, 616625 (3), Autosomal dominant; Usher syndrome type 3B, 614504 (3), Autosomal recessive
PB.59138.487	Patient22	0	0	0	0	3	2	0	5	0	2106		2374.1690408357076		25.0		4369.5380774032465		4418.789350323991	HARS1	0.0	738.0		0.006775067750677507	4418.789350323991	2292.5320576869085	-0.891861164005375	-135.8742667202121	0.2141891558575803						Charcot-Marie-Tooth disease, axonal, type 2W, 616625 (3), Autosomal dominant; Usher syndrome type 3B, 614504 (3), Autosomal recessive
PB.59138.487	Patient27	0	0	0	1	3	0	0	4	0	1439		2779.708130646282		23.0		4369.5380774032465		4418.789350323991	HARS1	0.0	534.0		0.00749063670411985	4418.789350323991	2292.5320576869085	-0.7149654523616519	-138.62986921946745	0.15635383152604856						Charcot-Marie-Tooth disease, axonal, type 2W, 616625 (3), Autosomal dominant; Usher syndrome type 3B, 614504 (3), Autosomal recessive
PB.59138.487	Patient28	0	0	0	0	2	1	0	3	0	1202		2495.840266222962		24.0		4369.5380774032465		4418.789350323991	HARS1	0.0	246.0		0.012195121951219513	4418.789350323991	2292.5320576869085	-0.8387883073012394	-136.74755667512707	0.19586031205967222						Charcot-Marie-Tooth disease, axonal, type 2W, 616625 (3), Autosomal dominant; Usher syndrome type 3B, 614504 (3), Autosomal recessive
PB.59138.487	Patient3	0	0	0	2	5	1	0	8	0	2019		3962.3576027736503		18.0		4369.5380774032465		4418.789350323991	HARS1	0.0	838.0		0.00954653937947494	4418.789350323991	2292.5320576869085	-0.19909503381639332	-144.8247771001694	0.026333443396346478						Charcot-Marie-Tooth disease, axonal, type 2W, 616625 (3), Autosomal dominant; Usher syndrome type 3B, 614504 (3), Autosomal recessive
PB.59138.487	Patient30	0	0	0	4	0	2	0	6	0	1808		3318.5840707964603		21.0		4369.5380774032465		4418.789350323991	HARS1	0.0	512.0		0.01171875	4418.789350323991	2292.5320576869085	-0.47990835104727075	-141.72629028197454	0.09136531577841199						Charcot-Marie-Tooth disease, axonal, type 2W, 616625 (3), Autosomal dominant; Usher syndrome type 3B, 614504 (3), Autosomal recessive
PB.59138.487	Patient4	0	0	0	1	1	1	0	3	0	1450		2068.9655172413795		27.0		4369.5380774032465		4418.789350323991	HARS1	0.0	453.0		0.006622516556291391	4418.789350323991	2292.5320576869085	-1.0249906103618498	-133.47003200961765	0.26464987880072277						Charcot-Marie-Tooth disease, axonal, type 2W, 616625 (3), Autosomal dominant; Usher syndrome type 3B, 614504 (3), Autosomal recessive
PB.59138.487	Patient5	0	0	0	1	3	2	0	6	0	1596		3759.398496240601		20.0		4369.5380774032465		4418.789350323991	HARS1	0.0	559.0		0.01073345259391771	4418.789350323991	2292.5320576869085	-0.2876255762149273	-143.9058768675152	0.04561956793652867						Charcot-Marie-Tooth disease, axonal, type 2W, 616625 (3), Autosomal dominant; Usher syndrome type 3B, 614504 (3), Autosomal recessive
PB.59138.487	Patient6	0	0	0	3	1	3	0	7	0	1602		4369.5380774032465		16.0		4369.5380774032465		4418.789350323991	HARS1	0.0	657.0		0.0106544901065449	4418.789350323991	2292.5320576869085	-0.021483351892770314	-145.9497289593376	-0.0038572725636998135						Charcot-Marie-Tooth disease, axonal, type 2W, 616625 (3), Autosomal dominant; Usher syndrome type 3B, 614504 (3), Autosomal recessive
PB.59138.487	Patient8	0	0	0	1	1	1	0	3	0	1359		2207.5055187637968		26.0		4369.5380774032465		4418.789350323991	HARS1	0.0	410.0		0.007317073170731708	4418.789350323991	2292.5320576869085	-0.9645596117819653	-134.60250233146937	0.24088128794706115						Charcot-Marie-Tooth disease, axonal, type 2W, 616625 (3), Autosomal dominant; Usher syndrome type 3B, 614504 (3), Autosomal recessive
PB.59138.526	Patient1	0	0	0	0	0	0	0	0	0	1717		0.0		23.5		0.0		1967.9909137010707	HARS1	0.0	643.0		0.0	1967.9909137010707	4137.904950127479	-0.4756008021983302	0.0	0.7900814608712654						Charcot-Marie-Tooth disease, axonal, type 2W, 616625 (3), Autosomal dominant; Usher syndrome type 3B, 614504 (3), Autosomal recessive
PB.59138.526	Patient14	0	0	0	0	1	0	0	1	0	1708		585.4800936768149		13.0		0.0		1967.9909137010707	HARS1	0.0	464.0		0.0021551724137931034	1967.9909137010707	4137.904950127479	-0.33410888763446916	-9.19593833086547	-1.6131167892109803						Charcot-Marie-Tooth disease, axonal, type 2W, 616625 (3), Autosomal dominant; Usher syndrome type 3B, 614504 (3), Autosomal recessive
PB.59138.526	Patient15	0	0	0	0	0	0	0	0	0	2573		0.0		23.5		0.0		1967.9909137010707	HARS1	0.0	988.0		0.0	1967.9909137010707	4137.904950127479	-0.4756008021983302	0.0	0.7900814608712654	1.0	1.0	1.0	1.0	1.0	Charcot-Marie-Tooth disease, axonal, type 2W, 616625 (3), Autosomal dominant; Usher syndrome type 3B, 614504 (3), Autosomal recessive
PB.59138.526	Patient16	0	0	0	0	0	0	0	0	0	1271		0.0		23.5		0.0		1967.9909137010707	HARS1	0.0	647.0		0.0	1967.9909137010707	4137.904950127479	-0.4756008021983302	0.0	0.7900814608712654						Charcot-Marie-Tooth disease, axonal, type 2W, 616625 (3), Autosomal dominant; Usher syndrome type 3B, 614504 (3), Autosomal recessive
PB.59138.526	Patient17	0	0	0	0	0	0	0	0	0	1227		0.0		23.5		0.0		1967.9909137010707	HARS1	0.0	543.0		0.0	1967.9909137010707	4137.904950127479	-0.4756008021983302	0.0	0.7900814608712654						Charcot-Marie-Tooth disease, axonal, type 2W, 616625 (3), Autosomal dominant; Usher syndrome type 3B, 614504 (3), Autosomal recessive
PB.59138.526	Patient18	0	0	0	0	0	0	0	0	0	1387		0.0		23.5		0.0		1967.9909137010707	HARS1	0.0	594.0		0.0	1967.9909137010707	4137.904950127479	-0.4756008021983302	0.0	0.7900814608712654						Charcot-Marie-Tooth disease, axonal, type 2W, 616625 (3), Autosomal dominant; Usher syndrome type 3B, 614504 (3), Autosomal recessive
PB.59138.526	Patient19	0	0	0	2	0	0	0	2	0	1548		1291.9896640826873		9.0		0.0		1967.9909137010707	HARS1	0.0	582.0		0.003436426116838488	1967.9909137010707	4137.904950127479	-0.16336799848376346	-10.33649502722228	-1.8131889395172585						Charcot-Marie-Tooth disease, axonal, type 2W, 616625 (3), Autosomal dominant; Usher syndrome type 3B, 614504 (3), Autosomal recessive
PB.59138.526	Patient2	0	0	0	0	0	0	0	0	0	1085		0.0		23.5		0.0		1967.9909137010707	HARS1	0.0	71.0		0.0	1967.9909137010707	4137.904950127479	-0.4756008021983302	0.0	0.7900814608712654						Charcot-Marie-Tooth disease, axonal, type 2W, 616625 (3), Autosomal dominant; Usher syndrome type 3B, 614504 (3), Autosomal recessive
PB.59138.526	Patient20	0	0	0	0	2	1	0	3	0	1738		1726.121979286536		6.0		0.0		1967.9909137010707	HARS1	0.0	781.0		0.0038412291933418692	1967.9909137010707	4137.904950127479	-0.058452027615347506	-10.754154262547633	-1.886453145999702						Charcot-Marie-Tooth disease, axonal, type 2W, 616625 (3), Autosomal dominant; Usher syndrome type 3B, 614504 (3), Autosomal recessive
PB.59138.526	Patient21	0	0	0	0	0	0	0	0	0	1328		0.0		23.5		0.0		1967.9909137010707	HARS1	0.0	461.0		0.0	1967.9909137010707	4137.904950127479	-0.4756008021983302	0.0	0.7900814608712654						Charcot-Marie-Tooth disease, axonal, type 2W, 616625 (3), Autosomal dominant; Usher syndrome type 3B, 614504 (3), Autosomal recessive
PB.59138.526	Patient22	0	0	0	0	0	0	0	0	0	2106		0.0		23.5		0.0		1967.9909137010707	HARS1	0.0	738.0		0.0	1967.9909137010707	4137.904950127479	-0.4756008021983302	0.0	0.7900814608712654						Charcot-Marie-Tooth disease, axonal, type 2W, 616625 (3), Autosomal dominant; Usher syndrome type 3B, 614504 (3), Autosomal recessive
PB.59138.526	Patient23	0	0	0	0	0	0	0	0	0	1159		0.0		23.5		0.0		1967.9909137010707	HARS1	0.0	545.0		0.0	1967.9909137010707	4137.904950127479	-0.4756008021983302	0.0	0.7900814608712654						Charcot-Marie-Tooth disease, axonal, type 2W, 616625 (3), Autosomal dominant; Usher syndrome type 3B, 614504 (3), Autosomal recessive
PB.59138.526	Patient24	0	0	0	0	1	1	0	2	0	1661		1204.0939193257075		10.0		0.0		1967.9909137010707	HARS1	0.0	805.0		0.002484472049689441	1967.9909137010707	4137.904950127479	-0.1846096040344835	-10.234929872333348	-1.7953727634343626						Charcot-Marie-Tooth disease, axonal, type 2W, 616625 (3), Autosomal dominant; Usher syndrome type 3B, 614504 (3), Autosomal recessive
PB.59138.526	Patient25	0	0	0	0	1	0	0	1	0	1946		513.874614594039		15.0		0.0		1967.9909137010707	HARS1	0.0	738.0		0.0013550135501355014	1967.9909137010707	4137.904950127479	-0.3514136541638622	-9.008077330948904	-1.5801629217425308						Charcot-Marie-Tooth disease, axonal, type 2W, 616625 (3), Autosomal dominant; Usher syndrome type 3B, 614504 (3), Autosomal recessive
PB.59138.526	Patient26	0	0	0	0	1	1	0	2	0	1469		1361.4703880190605		8.0		0.0		1967.9909137010707	HARS1	0.0	547.0		0.003656307129798903	1967.9909137010707	4137.904950127479	-0.14657671768495423	-10.412009159305926	-1.8264353435169425						Charcot-Marie-Tooth disease, axonal, type 2W, 616625 (3), Autosomal dominant; Usher syndrome type 3B, 614504 (3), Autosomal recessive
PB.59138.526	Patient27	0	0	0	0	0	0	0	0	0	1439		0.0		23.5		0.0		1967.9909137010707	HARS1	0.0	534.0		0.0	1967.9909137010707	4137.904950127479	-0.4756008021983302	0.0	0.7900814608712654						Charcot-Marie-Tooth disease, axonal, type 2W, 616625 (3), Autosomal dominant; Usher syndrome type 3B, 614504 (3), Autosomal recessive
PB.59138.526	Patient28	0	0	0	0	1	0	0	1	0	1202		831.9467554076539		12.0		0.0		1967.9909137010707	HARS1	0.0	246.0		0.0040650406504065045	1967.9909137010707	4137.904950127479	-0.2745457355801316	-9.702080466680757	-1.7019023320924864						Charcot-Marie-Tooth disease, axonal, type 2W, 616625 (3), Autosomal dominant; Usher syndrome type 3B, 614504 (3), Autosomal recessive
PB.59138.526	Patient29	0	0	0	1	0	0	0	1	0	1857		538.5029617662897		14.0		0.0		1967.9909137010707	HARS1	0.0	544.0		0.001838235294117647	1967.9909137010707	4137.904950127479	-0.34546176607820384	-9.075487069624828	-1.5919876836430624						Charcot-Marie-Tooth disease, axonal, type 2W, 616625 (3), Autosomal dominant; Usher syndrome type 3B, 614504 (3), Autosomal recessive
PB.59138.526	Patient3	0	0	0	0	0	0	0	0	0	2019		0.0		23.5		0.0		1967.9909137010707	HARS1	0.0	838.0		0.0	1967.9909137010707	4137.904950127479	-0.4756008021983302	0.0	0.7900814608712654						Charcot-Marie-Tooth disease, axonal, type 2W, 616625 (3), Autosomal dominant; Usher syndrome type 3B, 614504 (3), Autosomal recessive
PB.59138.526	Patient30	0	0	0	0	0	0	0	0	0	1808		0.0		23.5		0.0		1967.9909137010707	HARS1	0.0	512.0		0.0	1967.9909137010707	4137.904950127479	-0.4756008021983302	0.0	0.7900814608712654						Charcot-Marie-Tooth disease, axonal, type 2W, 616625 (3), Autosomal dominant; Usher syndrome type 3B, 614504 (3), Autosomal recessive
PB.59138.526	Patient31	0	0	0	0	0	0	0	0	0	1858		0.0		23.5		0.0		1967.9909137010707	HARS1	0.0	537.0		0.0	1967.9909137010707	4137.904950127479	-0.4756008021983302	0.0	0.7900814608712654						Charcot-Marie-Tooth disease, axonal, type 2W, 616625 (3), Autosomal dominant; Usher syndrome type 3B, 614504 (3), Autosomal recessive
PB.59138.526	Patient4	0	0	0	0	0	0	0	0	0	1450		0.0		23.5		0.0		1967.9909137010707	HARS1	0.0	453.0		0.0	1967.9909137010707	4137.904950127479	-0.4756008021983302	0.0	0.7900814608712654						Charcot-Marie-Tooth disease, axonal, type 2W, 616625 (3), Autosomal dominant; Usher syndrome type 3B, 614504 (3), Autosomal recessive
PB.59138.526	Patient5	0	0	0	0	0	0	0	0	0	1596		0.0		23.5		0.0		1967.9909137010707	HARS1	0.0	559.0		0.0	1967.9909137010707	4137.904950127479	-0.4756008021983302	0.0	0.7900814608712654						Charcot-Marie-Tooth disease, axonal, type 2W, 616625 (3), Autosomal dominant; Usher syndrome type 3B, 614504 (3), Autosomal recessive
PB.59138.526	Patient6	0	0	0	0	0	0	0	0	0	1602		0.0		23.5		0.0		1967.9909137010707	HARS1	0.0	657.0		0.0	1967.9909137010707	4137.904950127479	-0.4756008021983302	0.0	0.7900814608712654						Charcot-Marie-Tooth disease, axonal, type 2W, 616625 (3), Autosomal dominant; Usher syndrome type 3B, 614504 (3), Autosomal recessive
PB.59138.526	Patient8	0	0	0	1	1	0	0	2	0	1359		1471.6703458425313		7.0		0.0		1967.9909137010707	HARS1	0.0	410.0		0.004878048780487805	1967.9909137010707	4137.904950127479	-0.11994489333140647	-10.52421880692711	-1.8461187363341434						Charcot-Marie-Tooth disease, axonal, type 2W, 616625 (3), Autosomal dominant; Usher syndrome type 3B, 614504 (3), Autosomal recessive
PB.59138.526	Patient9	0	0	0	0	1	1	0	2	0	1722		1161.4401858304298		11.0		0.0		1967.9909137010707	HARS1	0.0	592.0		0.0033783783783783786	1967.9909137010707	4137.904950127479	-0.19491765460823185	-10.182940767914218	-1.786253030985412						Charcot-Marie-Tooth disease, axonal, type 2W, 616625 (3), Autosomal dominant; Usher syndrome type 3B, 614504 (3), Autosomal recessive
PB.70308.12	Patient11	0	0	0	8	10	11	0	29	0	1367		21214.33796634967		31.0		59763.724808895066		66103.79118478937	VTA1	0.0	810.0		0.03580246913580247	66103.79118478937	26587.832262364933	-1.6883457355784774	5.97393326760625	2.872665168529361	1.0	1.0	1.0	1.0	1.0	
PB.70308.12	Patient12	0	0	0	34	34	32	0	100	0	1791		55834.72920156337		18.0		59763.724808895066		66103.79118478937	VTA1	0.0	1046.0		0.09560229445506692	66103.79118478937	26587.832262364933	-0.38623163715989933	-22.16132063999752	0.15423829790516366						
PB.70308.12	Patient13	0	0	0	42	31	45	0	118	0	2218		53201.08205590622		19.0		59763.724808895066		66103.79118478937	VTA1	0.0	1281.0		0.09211553473848556	66103.79118478937	26587.832262364933	-0.48528623926768677	-21.054812751051433	0.2611490365729876						
PB.70308.12	Patient15	0	0	0	45	46	41	0	132	0	2573		51301.982122036534		21.0		59763.724808895066		66103.79118478937	VTA1	0.0	1275.0		0.10352941176470588	66103.79118478937	26587.832262364933	-0.5567136469303213	-20.222382467949018	0.3415784102313268						
PB.70308.12	Patient16	0	0	0	16	9	10	0	35	0	1271		27537.37214791503		30.0		59763.724808895066		66103.79118478937	VTA1	0.0	567.0		0.06172839506172839	66103.79118478937	26587.832262364933	-1.4505288981932196	-5.973933267606251	1.7182628822512382						
PB.70308.12	Patient17	0	0	0	21	27	17	0	65	0	1227		52974.73512632437		20.0		59763.724808895066		66103.79118478937	VTA1	0.0	645.0		0.10077519379844961	66103.79118478937	26587.832262364933	-0.4937994165492452	-20.95717201415137	0.2705830798458276						
PB.70308.12	Patient19	0	0	0	29	31	27	0	87	0	1548		56201.5503875969		17.0		59763.724808895066		66103.79118478937	VTA1	0.0	912.0		0.09539473684210527	66103.79118478937	26587.832262364933	-0.3724350559864592	-22.311281909013495	0.13974904735193663						
PB.70308.12	Patient20	0	0	0	32	24	30	0	86	0	1738		49482.16340621404		23.0		59763.724808895066		66103.79118478937	VTA1	0.0	862.0		0.09976798143851508	66103.79118478937	26587.832262364933	-0.6251591936700774	-19.395270946276433	0.4214938854177783						
PB.70308.12	Patient23	0	0	0	20	16	13	0	49	0	1159		42277.82571182054		27.0		59763.724808895066		66103.79118478937	VTA1	0.0	581.0		0.08433734939759036	66103.79118478937	26587.832262364933	-0.8961229045624182	-15.791845502265085	0.7696566773890294						
PB.70308.12	Patient24	0	0	0	25	26	32	0	83	0	1661		49969.89765201686		22.0		59763.724808895066		66103.79118478937	VTA1	0.0	804.0		0.10323383084577115	66103.79118478937	26587.832262364933	-0.606814928481779	-19.61989372014373	0.39979084387991703						
PB.70308.12	Patient25	0	0	0	32	29	28	0	89	0	1946		45734.84069886948		25.0		59763.724808895066		66103.79118478937	VTA1	0.0	856.0		0.10397196261682243	66103.79118478937	26587.832262364933	-0.7661004584699497	-17.591790667015612	0.595746062699835						
PB.70308.12	Patient27	0	0	0	33	25	28	0	86	0	1439		59763.724808895066		16.0		59763.724808895066		66103.79118478937	VTA1	0.0	847.0		0.10153482880755609	66103.79118478937	26587.832262364933	-0.23845743847529333	-23.653743480423408	-0.05481381071675237						
PB.70308.12	Patient28	0	0	0	12	13	10	0	35	0	1202		29118.136439267884		29.0		59763.724808895066		66103.79118478937	VTA1	0.0	786.0		0.044529262086514	66103.79118478937	26587.832262364933	-1.3910744727344573	-7.252171921738055	1.5947595253640514						
PB.70308.12	Patient3	0	0	0	29	32	27	0	88	0	2019		43585.93363051015		26.0		59763.724808895066		66103.79118478937	VTA1	0.0	1000.0		0.088	66103.79118478937	26587.832262364933	-0.8469234096287435	-16.489670843516855	0.7022328266965486						
PB.70308.12	Patient31	0	0	0	31	18	24	0	73	0	1858		39289.55866523144		28.0		59763.724808895066		66103.79118478937	VTA1	0.0	1178.0		0.06196943972835314	66103.79118478937	26587.832262364933	-1.0085151829964516	-14.113133488441514	0.9318537509041308						
PB.70308.12	Patient7	0	0	0	33	24	25	0	82	0	1726		47508.690614136736		24.0		59763.724808895066		66103.79118478937	VTA1	0.0	856.0		0.09579439252336448	66103.79118478937	26587.832262364933	-0.6993838530030894	-18.463217275392818	0.51154886598112						
PB.70308.12	Patient8	0	0	0	29	28	25	0	82	0	1359		60338.48417954378		15.0		59763.724808895066		66103.79118478937	VTA1	0.0	726.0		0.11294765840220386	66103.79118478937	26587.832262364933	-0.21684005481734506	-23.861577890202117	-0.08493523663518392						
PB.70308.12	Patient9	0	0	0	36	42	26	0	104	0	1722		60394.88966318235		14.0		59763.724808895066		66103.79118478937	VTA1	0.0	1124.0		0.09252669039145907	66103.79118478937	26587.832262364933	-0.21471857747831388	-23.882907882832825	-0.08699613949065316						
PB.70308.15	Patient1	0	0	0	1	1	1	0	3	0	1717		1747.2335468841002		15.0		1663.8935108153078		2160.3392508303905	VTA1	0.0	979.0		0.0030643513789581204	2160.3392508303905	1585.6889737159845	-0.2605212691731073	-115.1204743538263	-0.011343141582668465						
PB.70308.15	Patient11	0	0	0	1	1	0	0	2	0	1367		1463.057790782736		18.0		1663.8935108153078		2160.3392508303905	VTA1	0.0	810.0		0.0024691358024691358	2160.3392508303905	1585.6889737159845	-0.43973406614136284	-112.91528917894937	0.05093260249445371						
PB.70308.15	Patient12	0	0	0	1	0	0	0	1	0	1791		558.3472920156337		30.0		1663.8935108153078		2160.3392508303905	VTA1	0.0	1046.0		0.0009560229445506692	2160.3392508303905	1585.6889737159845	-1.0102813258898855	-98.00965077410376	0.42652847018605						
PB.70308.15	Patient13	0	0	0	0	0	2	0	2	0	2218		901.7132551848512		25.0		1663.8935108153078		2160.3392508303905	VTA1	0.0	1281.0		0.00156128024980484	2160.3392508303905	1585.6889737159845	-0.7937407754662068	-105.42430098200988	0.23969232786001313						
PB.70308.15	Patient15	0	0	0	0	0	2	0	2	0	2573		777.3027594247959		27.0		1663.8935108153078		2160.3392508303905	VTA1	0.0	1275.0		0.001568627450980392	2160.3392508303905	1585.6889737159845	-0.8721990972570844	-103.12711192775498	0.29757745110331						
PB.70308.15	Patient16	0	0	0	0	0	1	0	1	0	1271		786.7820613690008		26.0		1663.8935108153078		2160.3392508303905	VTA1	0.0	567.0		0.001763668430335097	2160.3392508303905	1585.6889737159845	-0.8662210636695831	-103.31464727349012	0.2928518902792036						
PB.70308.15	Patient17	0	0	0	1	0	1	0	2	0	1227		1629.9918500407498		17.0		1663.8935108153078		2160.3392508303905	VTA1	0.0	645.0		0.0031007751937984496	2160.3392508303905	1585.6889737159845	-0.3344586546167358	-114.58798029822154	0.008783728675079263						
PB.70308.15	Patient18	0	0	0	1	0	1	0	2	0	1387		1441.9610670511895		19.0		1663.8935108153078		2160.3392508303905	VTA1	0.0	699.0		0.002861230329041488	2160.3392508303905	1585.6889737159845	-0.45303851870503764	-112.69043987691292	0.05659840937936879						
PB.70308.15	Patient19	0	0	0	1	1	0	0	2	0	1548		1291.9896640826873		20.0		1663.8935108153078		2160.3392508303905	VTA1	0.0	912.0		0.0021929824561403508	2160.3392508303905	1585.6889737159845	-0.5476165888400979	-110.99042596204562	0.09943576958494023						
PB.70308.15	Patient2	0	0	0	0	2	0	0	2	0	1085		1843.3179723502303		14.0		1663.8935108153078		2160.3392508303905	VTA1	0.0	937.0		0.0021344717182497333	2160.3392508303905	1585.6889737159845	-0.19992652010263798	-115.94542344932675	-0.03213040764335359						
PB.70308.15	Patient28	0	0	0	0	1	1	0	2	0	1202		1663.8935108153078		16.0		1663.8935108153078		2160.3392508303905	VTA1	0.0	786.0		0.002544529262086514	2160.3392508303905	1585.6889737159845	-0.3130788876280614	-114.75265623163546	0.002559412907589202						
PB.70308.15	Patient3	0	0	0	0	0	2	0	2	0	2019		990.5894006934126		24.0		1663.8935108153078		2160.3392508303905	VTA1	0.0	1000.0		0.002	2160.3392508303905	1585.6889737159845	-0.7376918610941251	-106.87899470728892	0.20303660489587066						
PB.70308.15	Patient31	0	0	0	1	1	0	0	2	0	1858		1076.426264800861		23.0		1663.8935108153078		2160.3392508303905	VTA1	0.0	1178.0		0.001697792869269949	2160.3392508303905	1585.6889737159845	-0.683559641263969	-108.16509893458831	0.1706290407195312						
PB.70308.15	Patient4	0	0	0	1	0	2	0	3	0	1450		2068.9655172413795		13.0		1663.8935108153078		2160.3392508303905	VTA1	0.0	891.0		0.003367003367003367	2160.3392508303905	1585.6889737159845	-0.05762399506057047	-117.72506970956228	-0.07697436287307188						
PB.70308.15	Patient5	0	0	0	0	0	0	0	0	0	1596		0.0		31.0		1663.8935108153078		2160.3392508303905	VTA1	0.0	676.0		0.0	2160.3392508303905	1585.6889737159845	-1.362397851432202	98.00965077410375	5.365870056881563	1.0	1.0	1.0	1.0	1.0	
PB.70308.15	Patient6	0	0	0	0	0	1	0	1	0	1602		624.2197253433209		29.0		1663.8935108153078		2160.3392508303905	VTA1	0.0	866.0		0.0011547344110854503	2160.3392508303905	1585.6889737159845	-0.9687394886068033	-99.73433299804495	0.38306951198518036						
PB.70308.15	Patient7	0	0	0	0	1	1	0	2	0	1726		1158.7485515643104		22.0		1663.8935108153078		2160.3392508303905	VTA1	0.0	856.0		0.002336448598130841	2160.3392508303905	1585.6889737159845	-0.6316438569405584	-109.3056911173426	0.1418881240993761						
PB.70308.15	Patient8	0	0	0	0	0	1	0	1	0	1359		735.8351729212657		28.0		1663.8935108153078		2160.3392508303905	VTA1	0.0	726.0		0.0013774104683195593	2160.3392508303905	1585.6889737159845	-0.8983502449227917	-102.27894406530461	0.3189497892476199						
PB.70308.15	Patient9	0	0	0	0	2	0	0	2	0	1722		1161.4401858304298		21.0		1663.8935108153078		2160.3392508303905	VTA1	0.0	1124.0		0.0017793594306049821	2160.3392508303905	1585.6889737159845	-0.6299464028302408	-109.3416027773971	0.14098321343724513						
PB.70308.16	Patient1	0	0	0	70	59	86	0	215	0	1717		125218.4041933605		12.0		109988.34045860863		133455.12353472013	VTA1	0.0	979.0		0.21961184882533197	133455.12353472013	57036.77582221597	-0.14441067578983668	-14.602999221557184	-0.39783711872495686						
PB.70308.16	Patient14	0	0	0	68	71	69	0	208	0	1708		121779.85948477751		15.0		109988.34045860863		133455.12353472013	VTA1	0.0	1194.0		0.17420435510887772	133455.12353472013	57036.77582221597	-0.20469712534829282	-13.931450048832364	-0.3229853923017802						
PB.70308.16	Patient15	0	0	0	101	88	94	0	283	0	2573		109988.34045860863		16.0		109988.34045860863		133455.12353472013	VTA1	0.0	1275.0		0.22196078431372548	133455.12353472013	57036.77582221597	-0.4114324966273976	-11.528026937242517	0.07884751108319847						
PB.70308.16	Patient17	0	0	0	42	47	37	0	126	0	1227		102689.48655256724		21.0		109988.34045860863		133455.12353472013	VTA1	0.0	645.0		0.19534883720930232	133455.12353472013	57036.77582221597	-0.5394000018172416	-9.880890220794385	0.31753625818619907						
PB.70308.16	Patient18	0	0	0	45	40	31	0	116	0	1387		83633.74188896899		28.0		109988.34045860863		133455.12353472013	VTA1	0.0	699.0		0.1659513590844063	133455.12353472013	57036.77582221597	-0.8734957565105843	-4.899317475423618	0.8727887034847063						
PB.70308.16	Patient19	0	0	0	57	52	48	0	157	0	1548		101421.18863049096		22.0		109988.34045860863		133455.12353472013	VTA1	0.0	912.0		0.17214912280701755	133455.12353472013	57036.77582221597	-0.5616364957949092	-9.579278618857176	0.3511542716261636						
PB.70308.16	Patient20	0	0	0	61	64	45	0	170	0	1738		97813.57882623705		25.0		109988.34045860863		133455.12353472013	VTA1	0.0	862.0		0.19721577726218098	133455.12353472013	57036.77582221597	-0.6248870872290893	-8.700278993537857	0.44912868981137816						
PB.70308.16	Patient21	0	0	0	41	45	53	0	139	0	1328		104668.67469879518		19.0		109988.34045860863		133455.12353472013	VTA1	0.0	737.0		0.18860244233378562	133455.12353472013	57036.77582221597	-0.5046997909848993	-10.344194269812958	0.26589579857967865						
PB.70308.16	Patient22	0	0	0	58	72	80	0	210	0	2106		99715.09971509971		24.0		109988.34045860863		133455.12353472013	VTA1	0.0	1319.0		0.15921152388172857	133455.12353472013	57036.77582221597	-0.5915485813010943	-9.167552446625955	0.397045795369789						
PB.70308.16	Patient23	0	0	0	39	32	32	0	103	0	1159		88869.71527178603		27.0		109988.34045860863		133455.12353472013	VTA1	0.0	581.0		0.17728055077452667	133455.12353472013	57036.77582221597	-0.7816958027555262	-6.3730516714227985	0.7085244122909277						
PB.70308.16	Patient24	0	0	0	38	47	36	0	121	0	1661		72847.68211920529		30.0		109988.34045860863		133455.12353472013	VTA1	0.0	804.0		0.15049751243781095	133455.12353472013	57036.77582221597	-1.0626028652886808	-1.5483143418780543	1.2462957823150185						
PB.70308.16	Patient25	0	0	0	38	42	53	0	133	0	1946		68345.3237410072		31.0		109988.34045860863		133455.12353472013	VTA1	0.0	856.0		0.15537383177570094	133455.12353472013	57036.77582221597	-1.1415406788886635	1.548314341878054	1.5914499608693466						
PB.70308.16	Patient26	0	0	0	54	47	54	0	155	0	1469		105513.95507147719		17.0		109988.34045860863		133455.12353472013	VTA1	0.0	695.0		0.22302158273381295	133455.12353472013	57036.77582221597	-0.48987987242364045	-10.539400340564791	0.24413788121858193						
PB.70308.16	Patient27	0	0	0	70	48	61	0	179	0	1439		124391.93884642112		13.0		109988.34045860863		133455.12353472013	VTA1	0.0	847.0		0.21133412042502953	133455.12353472013	57036.77582221597	-0.1589007190123968	-14.443289011541177	-0.38003561522730483						
PB.70308.16	Patient29	0	0	0	86	77	80	0	243	0	1857		130856.21970920841		11.0		109988.34045860863		133455.12353472013	VTA1	0.0	1270.0		0.19133858267716536	133455.12353472013	57036.77582221597	-0.04556540561851744	-15.665143736575919	-0.5162250996638271						
PB.70308.16	Patient3	0	0	0	68	55	63	0	186	0	2019		92124.81426448737		26.0		109988.34045860863		133455.12353472013	VTA1	0.0	1000.0		0.186	133455.12353472013	57036.77582221597	-0.7246256239844205	-7.246087223003108	0.6112147573635823						
PB.70308.16	Patient30	0	0	0	73	68	80	0	221	0	1808		122234.51327433628		14.0		109988.34045860863		133455.12353472013	VTA1	0.0	1148.0		0.19250871080139373	133455.12353472013	57036.77582221597	-0.19672588603813393	-14.021324210566126	-0.3330028808786957						
PB.70308.16	Patient4	0	0	0	47	49	50	0	146	0	1450		100689.6551724138		23.0		109988.34045860863		133455.12353472013	VTA1	0.0	891.0		0.1638608305274972	133455.12353472013	57036.77582221597	-0.5744621411356864	-9.403594167983542	0.370736284362836						
PB.70308.16	Patient5	0	0	0	45	46	41	0	132	0	1596		82706.76691729322		29.0		109988.34045860863		133455.12353472013	VTA1	0.0	676.0		0.1952662721893491	133455.12353472013	57036.77582221597	-0.8897479895359074	-4.628821751261901	0.9029385015425895						
PB.70308.16	Patient6	0	0	0	53	57	58	0	168	0	1602		104868.91385767791		18.0		109988.34045860863		133455.12353472013	VTA1	0.0	866.0		0.19399538106235567	133455.12353472013	57036.77582221597	-0.5011890883549526	-10.390578911422056	0.2607257073265337						
PB.70308.16	Patient8	0	0	0	38	46	57	0	141	0	1359		103752.75938189846		20.0		109988.34045860863		133455.12353472013	VTA1	0.0	726.0		0.19421487603305784	133455.12353472013	57036.77582221597	-0.5207581200838587	-10.130888443606887	0.28967113774488523						
PB.70308.18	Patient1	0	0	0	31	26	29	0	86	0	1717		50087.361677344205		18.0		52119.527449617795		53498.15672269605	VTA1	0.0	979.0		0.08784473953013279	53498.15672269605	12198.719000430292	-0.27960272264911845	-9.327749348565836	0.21292729636424898						
PB.70308.18	Patient10	0	0	0	27	26	17	0	70	0	1394		50215.208034433286		17.0		52119.527449617795		53498.15672269605	VTA1	0.0	741.0		0.09446693657219973	53498.15672269605	12198.719000430292	-0.2691224126194693	-9.385426426618922	0.20163869264187007						
PB.70308.18	Patient13	0	0	0	31	36	37	0	104	0	2218		46889.08926961227		23.0		52119.527449617795		53498.15672269605	VTA1	0.0	1281.0		0.08118657298985169	53498.15672269605	12198.719000430292	-0.5417837276890018	-7.834841125114621	0.5051204846687986						
PB.70308.18	Patient15	0	0	0	37	40	44	0	121	0	2573		47026.81694520015		22.0		52119.527449617795		53498.15672269605	VTA1	0.0	1275.0		0.09490196078431372	53498.15672269605	12198.719000430292	-0.53049338846707	-7.901201450155342	0.49213238891985167						
PB.70308.18	Patient16	0	0	0	16	21	19	0	56	0	1271		44059.79543666404		26.0		52119.527449617795		53498.15672269605	VTA1	0.0	567.0		0.09876543209876543	53498.15672269605	12198.719000430292	-0.7737174112871262	-6.426698482467265	0.7807232858855806						
PB.70308.18	Patient17	0	0	0	17	26	18	0	61	0	1227		49714.75142624287		20.0		52119.527449617795		53498.15672269605	VTA1	0.0	645.0		0.09457364341085271	53498.15672269605	12198.719000430292	-0.31014775373707076	-9.158804966708539	0.24599322553898914						
PB.70308.18	Patient18	0	0	0	14	14	18	0	46	0	1387		33165.10454217736		31.0		52119.527449617795		53498.15672269605	VTA1	0.0	699.0		0.06580829756795423	53498.15672269605	12198.719000430292	-1.6668186372521139	1.1900993428831101	2.2714890317633354	1.0	1.0	1.0	1.0	1.0	
PB.70308.18	Patient20	0	0	0	22	31	25	0	78	0	1738		44879.17146144994		25.0		52119.527449617795		53498.15672269605	VTA1	0.0	862.0		0.09048723897911833	53498.15672269605	12198.719000430292	-0.7065483892974402	-6.843595770334139	0.6991278161682675						
PB.70308.18	Patient23	0	0	0	21	22	12	0	55	0	1159		47454.702329594475		21.0		52119.527449617795		53498.15672269605	VTA1	0.0	581.0		0.09466437177280551	53498.15672269605	12198.719000430292	-0.49541713297014206	-8.106133430623952	0.45202293823957973						
PB.70308.18	Patient25	0	0	0	26	25	26	0	77	0	1946		39568.34532374101		27.0		52119.527449617795		53498.15672269605	VTA1	0.0	856.0		0.08995327102803738	53498.15672269605	12198.719000430292	-1.1419077198567888	-3.994062062084733	1.2568408264629607						
PB.70308.18	Patient26	0	0	0	21	16	19	0	56	0	1469		38121.1708645337		29.0		52119.527449617795		53498.15672269605	VTA1	0.0	695.0		0.08057553956834532	53498.15672269605	12198.719000430292	-1.2605410336626286	-3.151051712863946	1.4218354844353853						
PB.70308.18	Patient27	0	0	0	28	27	20	0	75	0	1439		52119.527449617795		16.0		52119.527449617795		53498.15672269605	VTA1	0.0	847.0		0.0885478158205431	53498.15672269605	12198.719000430292	-0.11301426592657987	-10.210401137730877	-0.04055837010172267						
PB.70308.18	Patient3	0	0	0	32	32	37	0	101	0	2019		50024.764735017336		19.0		52119.527449617795		53498.15672269605	VTA1	0.0	1000.0		0.101	53498.15672269605	12198.719000430292	-0.2847341583617257	-9.299455423992944	0.21846500585016104						
PB.70308.18	Patient30	0	0	0	26	35	35	0	96	0	1808		53097.345132743365		15.0		52119.527449617795		53498.15672269605	VTA1	0.0	1148.0		0.08362369337979095	53498.15672269605	12198.719000430292	-0.03285685898154912	-10.62092454280123	-0.1610803225401474						
PB.70308.18	Patient5	0	0	0	21	15	25	0	61	0	1596		38220.551378446115		28.0		52119.527449617795		53498.15672269605	VTA1	0.0	676.0		0.09023668639053255	53498.15672269605	12198.719000430292	-1.2523942344856895	-3.209958254992099	1.4103062490235585						
PB.70308.18	Patient6	0	0	0	25	15	16	0	56	0	1602		34956.30461922597		30.0		52119.527449617795		53498.15672269605	VTA1	0.0	866.0		0.06466512702078522	53498.15672269605	12198.719000430292	-1.5199835411255918	-1.190099342883112	1.805634646431753						
PB.70308.18	Patient7	0	0	0	23	26	31	0	80	0	1726		46349.94206257242		24.0		52119.527449617795		53498.15672269605	VTA1	0.0	856.0		0.09345794392523364	53498.15672269605	12198.719000430292	-0.5859807623957467	-7.57317921423836	0.5563331625787973						
PB.70308.19	Patient10	0	0	0	0	1	0	0	1	0	1394		717.3601147776184		28.0		1742.1602787456445		2370.0747777365027	VTA1	0.0	741.0		0.001349527665317139	2370.0747777365027	1577.71053226462	-1.0475398554807165	-3.909914150265709	1.3622504177518904						
PB.70308.19	Patient11	0	0	0	0	0	3	0	3	0	1367		2194.5866861741038		13.0		1742.1602787456445		2370.0747777365027	VTA1	0.0	810.0		0.003703703703703704	2370.0747777365027	1577.71053226462	-0.1112295874139258	-21.23010806539202	-0.3341363031364503						
PB.70308.19	Patient12	0	0	0	0	1	0	0	1	0	1791		558.3472920156337		31.0		1742.1602787456445		2370.0747777365027	VTA1	0.0	1046.0		0.0009560229445506692	2370.0747777365027	1577.71053226462	-1.1483269260555324	0.576682322628365	1.7849178403138597						
PB.70308.19	Patient13	0	0	0	1	1	0	0	2	0	2218		901.7132551848512		26.0		1742.1602787456445		2370.0747777365027	VTA1	0.0	1281.0		0.00156128024980484	2370.0747777365027	1577.71053226462	-0.9306913356558437	-7.479680719889865	1.0259545096517222						
PB.70308.19	Patient17	0	0	0	1	0	1	0	2	0	1227		1629.9918500407498		19.0		1742.1602787456445		2370.0747777365027	VTA1	0.0	645.0		0.0031007751937984496	2370.0747777365027	1577.71053226462	-0.46908663697227776	-16.723730483914764	0.15510313904145723						
PB.70308.19	Patient18	0	0	0	1	1	0	0	2	0	1387		1441.9610670511895		22.0		1742.1602787456445		2370.0747777365027	VTA1	0.0	699.0		0.002861230329041488	2370.0747777365027	1577.71053226462	-0.5882661563735103	-14.809547601849752	0.3354319807286115						
PB.70308.19	Patient20	0	0	0	2	1	1	0	4	0	1738		2301.4959723820484		12.0		1742.1602787456445		2370.0747777365027	VTA1	0.0	862.0		0.004640371229698376	2370.0747777365027	1577.71053226462	-0.04346729260659583	-21.96825975295697	-0.4036751335455946						
PB.70308.19	Patient21	0	0	0	0	0	1	0	1	0	1328		753.0120481927711		27.0		1742.1602787456445		2370.0747777365027	VTA1	0.0	737.0		0.0013568521031207597	2370.0747777365027	1577.71053226462	-1.0249425965500947	-4.666850798944219	1.2909419182528774						
PB.70308.19	Patient22	0	0	0	1	2	1	0	4	0	2106		1899.335232668566		15.0		1742.1602787456445		2370.0747777365027	VTA1	0.0	1319.0		0.003032600454890068	2370.0747777365027	1577.71053226462	-0.29836876628581843	-18.987929930976858	-0.12290811296521535						
PB.70308.19	Patient23	0	0	0	0	1	1	0	2	0	1159		1725.625539257981		17.0		1742.1602787456445		2370.0747777365027	VTA1	0.0	581.0		0.0034423407917383822	2370.0747777365027	1577.71053226462	-0.4084711518997656	-17.614173910405075	0.0712174073324193						
PB.70308.19	Patient25	0	0	0	2	2	0	0	4	0	1946		2055.498458376156		14.0		1742.1602787456445		2370.0747777365027	VTA1	0.0	856.0		0.004672897196261682	2370.0747777365027	1577.71053226462	-0.1993878553303494	-20.21404840472604	-0.238416681249916						
PB.70308.19	Patient26	0	0	0	0	0	1	0	1	0	1469		680.7351940095302		29.0		1742.1602787456445		2370.0747777365027	VTA1	0.0	695.0		0.0014388489208633094	2370.0747777365027	1577.71053226462	-1.0707538228207947	-3.0921513922254444	1.4392891439436155						
PB.70308.19	Patient27	0	0	0	1	0	1	0	2	0	1439		1389.854065323141		23.0		1742.1602787456445		2370.0747777365027	VTA1	0.0	847.0		0.0023612750885478157	2370.0747777365027	1577.71053226462	-0.6212931284716524	-14.234792722701572	0.38957773795062794						
PB.70308.19	Patient28	0	0	0	1	0	1	0	2	0	1202		1663.8935108153078		18.0		1742.1602787456445		2370.0747777365027	VTA1	0.0	786.0		0.002544529262086514	2370.0747777365027	1577.71053226462	-0.44759875305361235	-17.04522482924315	0.12481621951812778						
PB.70308.19	Patient29	0	0	0	0	2	1	0	3	0	1857		1615.5088852988692		20.0		1742.1602787456445		2370.0747777365027	VTA1	0.0	1270.0		0.002362204724409449	2370.0747777365027	1577.71053226462	-0.47826637206670725	-16.584344135909426	0.16823426612357245						
PB.70308.19	Patient3	0	0	0	1	1	1	0	3	0	2019		1485.8841010401188		21.0		1742.1602787456445		2370.0747777365027	VTA1	0.0	1000.0		0.003	2370.0747777365027	1577.71053226462	-0.5604264271641966	-15.278133640722011	0.2912880389912116						
PB.70308.19	Patient5	0	0	0	2	0	0	0	2	0	1596		1253.1328320802004		24.0		1742.1602787456445		2370.0747777365027	VTA1	0.0	676.0		0.0029585798816568047	2370.0747777365027	1577.71053226462	-0.7079511246293463	-12.617797127257719	0.5419095477644601						
PB.70308.19	Patient6	0	0	0	0	2	0	0	2	0	1602		1248.4394506866417		25.0		1742.1602787456445		2370.0747777365027	VTA1	0.0	866.0		0.0023094688221709007	2370.0747777365027	1577.71053226462	-0.7109259297647483	-12.559205526124204	0.5474292688235076						
PB.70308.19	Patient7	0	0	0	0	1	0	0	1	0	1726		579.3742757821552		30.0		1742.1602787456445		2370.0747777365027	VTA1	0.0	856.0		0.0011682242990654205	2370.0747777365027	1577.71053226462	-1.1349993964887877	-0.5766823226283665	1.676263169712225						
PB.70308.19	Patient9	0	0	0	1	1	1	0	3	0	1722		1742.1602787456445		16.0		1742.1602787456445		2370.0747777365027	VTA1	0.0	1124.0		0.0026690391459074734	2370.0747777365027	1577.71053226462	-0.39799094076500835	-17.752357308345946	0.051690705632796055						
PB.70308.21	Patient1	0	0	0	147	144	155	0	446	0	1717		259755.38730343623		22.0		280207.1346375144		283911.87846636825	VTA1	0.0	979.0		0.45556690500510727	283911.87846636825	57023.01363157352	-0.42362705203564716	-7.368097125700647	0.4071807184812418						
PB.70308.21	Patient10	0	0	0	96	123	113	0	332	0	1394		238163.55810616928		24.0		280207.1346375144		283911.87846636825	VTA1	0.0	741.0		0.44804318488529016	283911.87846636825	57023.01363157352	-0.8022781934287004	-5.1013722799429555	0.8406974250759688						
PB.70308.21	Patient11	0	0	0	90	103	102	0	295	0	1367		215801.02414045355		27.0		280207.1346375144		283911.87846636825	VTA1	0.0	810.0		0.36419753086419754	283911.87846636825	57023.01363157352	-1.1944450141828677	-2.525963905124692	1.33325061646894						
PB.70308.21	Patient12	0	0	0	182	155	143	0	480	0	1791		268006.70016750414		20.0		280207.1346375144		283911.87846636825	VTA1	0.0	1046.0		0.4588910133843212	283911.87846636825	57023.01363157352	-0.2789256001380019	-8.184897505822414	0.250965635120585						
PB.70308.21	Patient13	0	0	0	168	169	159	0	496	0	2218		223624.88728584308		25.0		280207.1346375144		283911.87846636825	VTA1	0.0	1281.0		0.3871975019516003	283911.87846636825	57023.01363157352	-1.0572396536254685	-3.456164955738481	1.1553473757259072						
PB.70308.21	Patient15	0	0	0	216	236	227	0	679	0	2573		263894.28682471823		21.0		280207.1346375144		283911.87846636825	VTA1	0.0	1275.0		0.5325490196078432	283911.87846636825	57023.01363157352	-0.35104408495461054	-7.781000804892427	0.32821187341869423						
PB.70308.21	Patient16	0	0	0	95	80	74	0	249	0	1271		195908.73328088122		31.0		280207.1346375144		283911.87846636825	VTA1	0.0	567.0		0.43915343915343913	283911.87846636825	57023.01363157352	-1.5432917269872224	0.6463158142552664	1.939956921787241	1.0	1.0	1.0	1.0	1.0	
PB.70308.21	Patient18	0	0	0	111	135	134	0	380	0	1387		273972.602739726		19.0		280207.1346375144		283911.87846636825	VTA1	0.0	699.0		0.5436337625178826	283911.87846636825	57023.01363157352	-0.17430288393489732	-8.759948972437703	0.14098562656502667						
PB.70308.21	Patient20	0	0	0	145	176	166	0	487	0	1738		280207.1346375144		16.0		280207.1346375144		283911.87846636825	VTA1	0.0	862.0		0.5649651972157773	283911.87846636825	57023.01363157352	-0.06496927455974576	-9.343959617626602	0.004586772596158297						
PB.70308.21	Patient21	0	0	0	119	116	129	0	364	0	1328		274096.3855421687		18.0		280207.1346375144		283911.87846636825	VTA1	0.0	737.0		0.49389416553595655	283911.87846636825	57023.01363157352	-0.17213213225834734	-8.771747310237973	0.13872916541755312						
PB.70308.21	Patient24	0	0	0	175	151	145	0	471	0	1661		283564.11800120404		15.0		280207.1346375144		283911.87846636825	VTA1	0.0	804.0		0.585820895522388	283911.87846636825	57023.01363157352	-0.006098598495882529	-9.650278844088065	-0.08328968656302292						
PB.70308.21	Patient25	0	0	0	175	171	159	0	505	0	1946		259506.68036998968		23.0		280207.1346375144		283911.87846636825	VTA1	0.0	856.0		0.5899532710280374	283911.87846636825	57023.01363157352	-0.42798857061573214	-7.3430765685306705	0.41196596163141674						
PB.70308.21	Patient26	0	0	0	101	96	98	0	295	0	1469		200816.88223281145		30.0		280207.1346375144		283911.87846636825	VTA1	0.0	695.0		0.4244604316546763	283911.87846636825	57023.01363157352	-1.4572186024827576	-0.6463158142552651	1.6927379408505632						
PB.70308.21	Patient28	0	0	0	82	79	94	0	255	0	1202		212146.42262895175		28.0		280207.1346375144		283911.87846636825	VTA1	0.0	786.0		0.3244274809160305	283911.87846636825	57023.01363157352	-1.2585349539940855	-2.079840056915959	1.418572900631828						
PB.70308.21	Patient5	0	0	0	106	116	123	0	345	0	1596		216165.4135338346		26.0		280207.1346375144		283911.87846636825	VTA1	0.0	676.0		0.5103550295857988	283911.87846636825	57023.01363157352	-1.1880547978443317	-2.5700306667334596	1.3248227398350905						
PB.70308.21	Patient7	0	0	0	115	119	125	0	359	0	1726		207995.36500579375		29.0		280207.1346375144		283911.87846636825	VTA1	0.0	856.0		0.41939252336448596	283911.87846636825	57023.01363157352	-1.3313311350233459	-1.5636944093315677	1.517287026293248						
PB.70308.21	Patient8	0	0	0	137	117	123	0	377	0	1359		277409.86019131716		17.0		280207.1346375144		283911.87846636825	VTA1	0.0	726.0		0.5192837465564738	283911.87846636825	57023.01363157352	-0.11402445891514462	-9.085606023157597	0.0787029139668643						
PB.70308.26	Patient12	0	0	0	1	1	3	0	5	0	1791		2791.736460078169		18.0		2927.4004683840753		3201.7783566946323	VTA1	0.0	1046.0		0.004780114722753346	3201.7783566946323	2207.5462473473685	-0.18574555215283844	-132.66321141719098	0.023605011428766105						
PB.70308.26	Patient14	0	0	0	1	1	3	0	5	0	1708		2927.4004683840753		16.0		2927.4004683840753		3201.7783566946323	VTA1	0.0	1194.0		0.0041876046901172526	3201.7783566946323	2207.5462473473685	-0.12429089023174707	-133.2435007127784	0.0065712543673825796						
PB.70308.26	Patient15	0	0	0	2	0	2	0	4	0	2573		1554.6055188495918		25.0		2927.4004683840753		3201.7783566946323	VTA1	0.0	1275.0		0.003137254901960784	3201.7783566946323	2207.5462473473685	-0.7461555289382119	-122.87984737369209	0.26141795830393827						
PB.70308.26	Patient16	0	0	0	2	1	0	0	3	0	1271		2360.3461841070025		21.0		2927.4004683840753		3201.7783566946323	VTA1	0.0	567.0		0.005291005291005291	3201.7783566946323	2207.5462473473685	-0.3811617417296292	-129.85789419853705	0.09179635662674747						
PB.70308.26	Patient17	0	0	0	1	1	0	0	2	0	1227		1629.9918500407498		24.0		2927.4004683840753		3201.7783566946323	VTA1	0.0	645.0		0.0031007751937984496	3201.7783566946323	2207.5462473473685	-0.7120061509662923	-123.67105819739487	0.2421852918358715						
PB.70308.26	Patient18	0	0	0	1	1	1	0	3	0	1387		2162.9416005767844		22.0		2927.4004683840753		3201.7783566946323	VTA1	0.0	699.0		0.004291845493562232	3201.7783566946323	2207.5462473473685	-0.47058436821703503	-128.39829875752847	0.12727604352467867						
PB.70308.26	Patient20	0	0	0	1	0	1	0	2	0	1738		1150.7479861910242		27.0		2927.4004683840753		3201.7783566946323	VTA1	0.0	862.0		0.002320185614849188	3201.7783566946323	2207.5462473473685	-0.9290996159052917	-117.85431858145428	0.3835779644505227						
PB.70308.26	Patient21	0	0	0	0	0	0	0	0	0	1328		0.0		30.0		2927.4004683840753		3201.7783566946323	VTA1	0.0	737.0		0.0	3201.7783566946323	2207.5462473473685	-1.4503788360230065	0.0	3.248367895521861	1.0	1.0	1.0	1.0	1.0	
PB.70308.26	Patient22	0	0	0	2	2	2	0	6	0	2106		2849.002849002849		17.0		2927.4004683840753		3201.7783566946323	VTA1	0.0	1319.0		0.004548900682335102	3201.7783566946323	2207.5462473473685	-0.159804356586271	-133.00257910348253	0.015355698698260818						
PB.70308.26	Patient23	0	0	0	0	0	0	0	0	0	1159		0.0		30.0		2927.4004683840753		3201.7783566946323	VTA1	0.0	581.0		0.0	3201.7783566946323	2207.5462473473685	-1.4503788360230065	0.0	3.248367895521861	1.0	1.0	1.0	1.0	1.0	
PB.70308.26	Patient24	0	0	0	1	1	0	0	2	0	1661		1204.0939193257075		26.0		2927.4004683840753		3201.7783566946323	VTA1	0.0	804.0		0.0024875621890547263	3201.7783566946323	2207.5462473473685	-0.90493435404553	-118.61130974878189	0.36517710566000455						
PB.70308.26	Patient28	0	0	0	0	0	0	0	0	0	1202		0.0		30.0		2927.4004683840753		3201.7783566946323	VTA1	0.0	786.0		0.0	3201.7783566946323	2207.5462473473685	-1.4503788360230065	0.0	3.248367895521861	1.0	1.0	1.0	1.0	1.0	
PB.70308.26	Patient29	0	0	0	1	2	2	0	5	0	1857		2692.5148088314486		19.0		2927.4004683840753		3201.7783566946323	VTA1	0.0	1270.0		0.003937007874015748	3201.7783566946323	2207.5462473473685	-0.23069213090105128	-132.05839457260328	0.038306833367685235						
PB.70308.26	Patient30	0	0	0	0	0	1	0	1	0	1808		553.0973451327434		28.0		2927.4004683840753		3201.7783566946323	VTA1	0.0	1148.0		0.0008710801393728223	3201.7783566946323	2207.5462473473685	-1.1998303613093484	-105.62094454095649	0.6809454873048143						
PB.70308.26	Patient6	0	0	0	1	1	2	0	4	0	1602		2496.8789013732835		20.0		2927.4004683840753		3201.7783566946323	VTA1	0.0	866.0		0.004618937644341801	3201.7783566946323	2207.5462473473685	-0.3193135619099124	-130.79768201289534	0.06895209686331431						
PB.70308.26	Patient7	0	0	0	2	1	0	0	3	0	1726		1738.1228273464658		23.0		2927.4004683840753		3201.7783566946323	VTA1	0.0	856.0		0.0035046728971962616	3201.7783566946323	2207.5462473473685	-0.6630237219749865	-124.74430674773036	0.21609688304826294						
PB.70308.42	Patient10	0	0	0	2	4	4	0	10	0	1394		7173.601147776184		28.0		12509.197939661517		13172.93256224263	VTA1	0.0	741.0		0.01349527665317139	13172.93256224263	5972.3441377880035	-1.0045187075720718	-11.203679205655611	1.1531336000710253						
PB.70308.42	Patient11	0	0	0	1	3	2	0	6	0	1367		4389.1733723482075		30.0		12509.197939661517		13172.93256224263	VTA1	0.0	810.0		0.007407407407407408	13172.93256224263	5972.3441377880035	-1.4707389573079244	-1.55261983447492	2.162364363656197						
PB.70308.42	Patient12	0	0	0	5	3	6	0	14	0	1791		7816.8620882188725		24.0		12509.197939661517		13172.93256224263	VTA1	0.0	1046.0		0.01338432122370937	13172.93256224263	5972.3441377880035	-0.8968120976376793	-12.890801540861329	0.9767078112394142						
PB.70308.42	Patient13	0	0	0	4	5	4	0	13	0	2218		5861.1361587015335		29.0		12509.197939661517		13172.93256224263	VTA1	0.0	1281.0		0.01014832162373146	13172.93256224263	5972.3441377880035	-1.2242758010674832	-7.23397440686204	1.5682536455716913						
PB.70308.42	Patient15	0	0	0	10	14	8	0	32	0	2573		12436.844150796735		17.0		12509.197939661517		13172.93256224263	VTA1	0.0	1275.0		0.025098039215686273	13172.93256224263	5972.3441377880035	-0.12324949709253064	-22.014373455893768	0.02263747592181527						
PB.70308.42	Patient16	0	0	0	7	3	2	0	12	0	1271		9441.38473642801		22.0		12509.197939661517		13172.93256224263	VTA1	0.0	567.0		0.021164021164021163	13172.93256224263	5972.3441377880035	-0.624804555752992	-16.600441716266328	0.5887832484675867						
PB.70308.42	Patient17	0	0	0	0	3	7	0	10	0	1227		8149.9592502037485		23.0		12509.197939661517		13172.93256224263	VTA1	0.0	645.0		0.015503875968992248	13172.93256224263	5972.3441377880035	-0.8410388276619398	-13.710637092820093	0.890975952352674						
PB.70308.42	Patient18	0	0	0	6	9	3	0	18	0	1387		12977.649603460706		14.0		12509.197939661517		13172.93256224263	VTA1	0.0	699.0		0.02575107296137339	13172.93256224263	5972.3441377880035	-0.03269787444871703	-22.829280061375684	-0.07961017469763727						
PB.70308.42	Patient20	0	0	0	10	7	5	0	22	0	1738		12658.227848101265		15.0		12509.197939661517		13172.93256224263	VTA1	0.0	862.0		0.025522041763341066	13172.93256224263	5972.3441377880035	-0.08618135563969644	-22.34010536364311	-0.028456188929669442						
PB.70308.42	Patient22	0	0	0	6	5	5	0	16	0	2106		7597.340930674264		25.0		12509.197939661517		13172.93256224263	VTA1	0.0	1319.0		0.012130401819560273	13172.93256224263	5972.3441377880035	-0.9335683783341754	-12.331180549992467	1.035228508109169						
PB.70308.42	Patient24	0	0	0	6	4	10	0	20	0	1661		12040.939193257074		18.0		12509.197939661517		13172.93256224263	VTA1	0.0	804.0		0.024875621890547265	13172.93256224263	5972.3441377880035	-0.18953920652750852	-21.37876902558802	0.08910391446130911						
PB.70308.42	Patient25	0	0	0	11	2	9	0	22	0	1946		11305.24152106886		19.0		12509.197939661517		13172.93256224263	VTA1	0.0	856.0		0.02570093457943925	13172.93256224263	5972.3441377880035	-0.31272327884734263	-20.14009848940356	0.21863419326125838						
PB.70308.42	Patient3	0	0	0	6	4	11	0	21	0	2019		10401.188707280831		21.0		12509.197939661517		13172.93256224263	VTA1	0.0	1000.0		0.021	13172.93256224263	5972.3441377880035	-0.46409647384927455	-18.502594686162436	0.38987127202730526						
PB.70308.42	Patient5	0	0	0	6	3	3	0	12	0	1596		7518.796992481202		26.0		12509.197939661517		13172.93256224263	VTA1	0.0	676.0		0.01775147928994083	13172.93256224263	5972.3441377880035	-0.9467196530063935	-12.12701429893635	1.056578585186405						
PB.70308.42	Patient6	0	0	0	3	6	3	0	12	0	1602		7490.63670411985		27.0		12509.197939661517		13172.93256224263	VTA1	0.0	866.0		0.013856812933025405	13172.93256224263	5972.3441377880035	-0.951434767827587	-12.053295014406219	1.0642875596062975						
PB.70308.42	Patient7	0	0	0	1	3	3	0	7	0	1726		4055.6199304750867		31.0		12509.197939661517		13172.93256224263	VTA1	0.0	856.0		0.008177570093457943	13172.93256224263	5972.3441377880035	-1.526588626077457	1.5526198344749196	2.4870855452051837	1.0	1.0	1.0	1.0	1.0	
PB.70308.42	Patient8	0	0	0	8	4	5	0	17	0	1359		12509.197939661517		16.0		12509.197939661517		13172.93256224263	VTA1	0.0	726.0		0.023415977961432508	13172.93256224263	5972.3441377880035	-0.11113469138215837	-22.121596293517033	0.005818713007854544						
PB.70308.42	Patient9	0	0	0	9	1	9	0	19	0	1722		11033.681765389081		20.0		12509.197939661517		13172.93256224263	VTA1	0.0	1124.0		0.016903914590747332	13172.93256224263	5972.3441377880035	-0.3581928213610727	-19.66240275939372	0.26858780019883804						
PB.70308.51	Patient1	0	0	0	2	4	2	0	8	0	1717		4659.289458357601		17.0		4864.489228630994		6201.890516865472	VTA1	0.0	979.0		0.008171603677221655	6201.890516865472	4445.690786137766	-0.3469879334203582	-23.247921377358036	0.0879001470874903						
PB.70308.51	Patient15	0	0	0	4	7	2	0	13	0	2573		5052.467936261173		15.0		4864.489228630994		6201.890516865472	VTA1	0.0	1275.0		0.01019607843137255	6201.890516865472	4445.690786137766	-0.258547576945375	-24.565158185779318	-0.08393754292402157						
PB.70308.51	Patient17	0	0	0	1	1	5	0	7	0	1227		5704.9714751426245		13.0		4864.489228630994		6201.890516865472	VTA1	0.0	645.0		0.010852713178294573	6201.890516865472	4445.690786137766	-0.11177543954975562	-26.70572334420477	-0.2700998537003215						
PB.70308.51	Patient18	0	0	0	1	2	1	0	4	0	1387		2883.922134102379		26.0		4864.489228630994		6201.890516865472	VTA1	0.0	699.0		0.005722460658082976	6201.890516865472	4445.690786137766	-0.7463335941197135	-14.754131902598084	0.8265945379799576						
PB.70308.51	Patient2	0	0	0	2	1	0	0	3	0	1085		2764.9769585253457		27.0		4864.489228630994		6201.890516865472	VTA1	0.0	937.0		0.0032017075773745998	6201.890516865472	4445.690786137766	-0.773088755758017	-14.008431855382026	0.8914471510337227						
PB.70308.51	Patient20	0	0	0	3	3	2	0	8	0	1738		4602.991944764097		19.0		4864.489228630994		6201.890516865472	VTA1	0.0	862.0		0.009280742459396751	6201.890516865472	4445.690786137766	-0.3596513228241033	-23.032666221821042	0.10662062238045215						
PB.70308.51	Patient21	0	0	0	1	2	2	0	5	0	1328		3765.0602409638554		21.0		4864.489228630994		6201.890516865472	VTA1	0.0	737.0		0.0067842605156037995	6201.890516865472	4445.690786137766	-0.5481331008220288	-19.47464616809156	0.41605723653048243						
PB.70308.51	Patient22	0	0	0	1	2	2	0	5	0	2106		2374.1690408357076		28.0		4864.489228630994		6201.890516865472	VTA1	0.0	1319.0		0.0037907505686125853	6201.890516865472	4445.690786137766	-0.8609958857159141	-11.310613121502774	1.1260731177218768						
PB.70308.51	Patient24	0	0	0	1	1	3	0	5	0	1661		3010.2347983142686		25.0		4864.489228630994		6201.890516865472	VTA1	0.0	804.0		0.006218905472636816	6201.890516865472	4445.690786137766	-0.7179212122676627	-15.513085200867414	0.760589306034091						
PB.70308.51	Patient25	0	0	0	3	3	3	0	9	0	1946		4624.871531346352		18.0		4864.489228630994		6201.890516865472	VTA1	0.0	856.0		0.010514018691588784	6201.890516865472	4445.690786137766	-0.35472979597152093	-23.116634527076673	0.09931800247335419						
PB.70308.51	Patient26	0	0	0	3	2	3	0	8	0	1469		5445.881552076242		14.0		4864.489228630994		6201.890516865472	VTA1	0.0	695.0		0.011510791366906475	6201.890516865472	4445.690786137766	-0.1700543292724188	-25.886608781362952	-0.19886247080219088						
PB.70308.51	Patient27	0	0	0	1	3	3	0	7	0	1439		4864.489228630994		16.0		4864.489228630994		6201.890516865472	VTA1	0.0	847.0		0.008264462809917356	6201.890516865472	4445.690786137766	-0.30083092877369394	-23.952103313593938	-0.003962604163468738						
PB.70308.51	Patient3	0	0	0	1	1	1	0	3	0	2019		1485.8841010401188		30.0		4864.489228630994		6201.890516865472	VTA1	0.0	1000.0		0.003	6201.890516865472	4445.690786137766	-1.060803965613278	-3.0150753507119545	1.8475258025252008	1.0	1.0	1.0	1.0	1.0	
PB.70308.51	Patient4	0	0	0	3	1	1	0	5	0	1450		3448.2758620689656		24.0		4864.489228630994		6201.890516865472	VTA1	0.0	891.0		0.005611672278338945	6201.890516865472	4445.690786137766	-0.6193896038344885	-17.91847554737423	0.5513954753944766						
PB.70308.51	Patient5	0	0	0	0	2	0	0	2	0	1596		1253.1328320802004		31.0		4864.489228630994		6201.890516865472	VTA1	0.0	676.0		0.0029585798816568047	6201.890516865472	4445.690786137766	-1.1131583195610755	3.015075350711954	2.3719605689642416						
PB.70308.51	Patient6	0	0	0	3	3	1	0	7	0	1602		4369.5380774032465		20.0		4864.489228630994		6201.890516865472	VTA1	0.0	866.0		0.008083140877598153	6201.890516865472	4445.690786137766	-0.412163717093356	-22.11103307675357	0.18677391988623535						
PB.70308.51	Patient7	0	0	0	3	2	1	0	6	0	1726		3476.2456546929316		23.0		4864.489228630994		6201.890516865472	VTA1	0.0	856.0		0.007009345794392523	6201.890516865472	4445.690786137766	-0.6130981647827264	-18.061512141056497	0.5389557593219939						
PB.70308.51	Patient8	0	0	0	2	2	1	0	5	0	1359		3679.175864606328		22.0		4864.489228630994		6201.890516865472	VTA1	0.0	726.0		0.006887052341597796	6201.890516865472	4445.690786137766	-0.5674516680569174	-19.066075332368698	0.45159013801427583						
PB.70308.51	Patient9	0	0	0	1	1	2	0	4	0	1722		2322.8803716608595		29.0		4864.489228630994		6201.890516865472	VTA1	0.0	1124.0		0.0035587188612099642	6201.890516865472	4445.690786137766	-0.8725326010751498	-10.923979689038058	1.1596981503109096						
