Isoform	Sample	H0_cyclo_count	H1_cyclo_count	H2_cyclo_count	H0_noncyclo_count	H1_noncyclo_count	H2_noncyclo_count	cyclo_count	noncyclo_count	total_cyclo	total_noncyclo	Cyclo_TPM	Noncyclo_TPM	Cyclo_TPM_Rank	Noncyclo_TPM_Rank	Cyclo_TPM_Median	Noncyclo_TPM_Median	Cyclo_TPM_Mean	Noncyclo_TPM_Mean	associated_gene	gene_cyclo_count	gene_noncyclo_count	isoform_cyclo_proportion	isoform_noncyclo_proportion	NoncycloHaplotypeDifference	test_statistic	z_score_of_test_stat	rank_top_99_9_percentile	rank_top_99_5_percentile	rank_top_99_percentile	rank_top_98_percentile	rank_top_95_percentile	Phenotypes
PB.161541.3	Patient1	0	0	0	0	0	0	0	0	0	1717		0.0		30.0		2971.7682020802376		4217.210237181577	novelGene_SRSF6_AS	0.0	0.0				0.0	0.0						
PB.161541.3	Patient10	0	0	0	0	0	2	0	2	0	1394		1434.7202295552368		24.0		2971.7682020802376		4217.210237181577	novelGene_SRSF6_AS	0.0	3.0		0.6666666666666666	-1.0	0.0	0.0						
PB.161541.3	Patient11	0	0	0	0	2	1	0	3	0	1367		2194.5866861741038		19.0		2971.7682020802376		4217.210237181577	novelGene_SRSF6_AS	0.0	6.0		0.5	0.3333333333333333	0.0	0.0						
PB.161541.3	Patient12	0	0	0	0	0	0	0	0	0	1791		0.0		30.0		2971.7682020802376		4217.210237181577	novelGene_SRSF6_AS	0.0	2.0		0.0		0.0	0.0						
PB.161541.3	Patient13	0	0	0	0	0	1	0	1	0	2218		450.8566275924256		28.0		2971.7682020802376		4217.210237181577	novelGene_SRSF6_AS	0.0	2.0		0.5	-1.0	0.0	0.0						
PB.161541.3	Patient14	0	0	0	2	0	4	0	6	0	1708		3512.88056206089		15.0		2971.7682020802376		4217.210237181577	novelGene_SRSF6_AS	0.0	6.0		1.0	-1.0	0.0	0.0						
PB.161541.3	Patient15	0	0	0	6	2	5	0	13	0	2573		5052.467936261173		10.0		2971.7682020802376		4217.210237181577	novelGene_SRSF6_AS	0.0	15.0		0.8666666666666667	-0.42857142857142855	0.0	0.0						
PB.161541.3	Patient16	0	0	0	1	0	1	0	2	0	1271		1573.5641227380015		22.0		2971.7682020802376		4217.210237181577	novelGene_SRSF6_AS	0.0	3.0		0.6666666666666666	-1.0	0.0	0.0						
PB.161541.3	Patient17	0	0	0	0	6	2	0	8	0	1227		6519.967400162999		7.0		2971.7682020802376		4217.210237181577	novelGene_SRSF6_AS	0.0	14.0		0.5714285714285714	0.5	0.0	0.0						
PB.161541.3	Patient18	0	0	0	5	3	2	0	10	0	1387		7209.805335255947		6.0		2971.7682020802376		4217.210237181577	novelGene_SRSF6_AS	0.0	12.0		0.8333333333333334	0.2	0.0	0.0						
PB.161541.3	Patient19	0	0	0	8	5	8	0	21	0	1548		13565.891472868218		2.0		2971.7682020802376		4217.210237181577	novelGene_SRSF6_AS	0.0	22.0		0.9545454545454546	-0.23076923076923078	2.1646184712917043	4.087673572929198	1.0	1.0	1.0	1.0	1.0	
PB.161541.3	Patient2	0	0	0	2	4	3	0	9	0	1085		8294.930875576038		5.0		2971.7682020802376		4217.210237181577	novelGene_SRSF6_AS	0.0	9.0		1.0	0.14285714285714285	0.0	0.0						
PB.161541.3	Patient20	0	0	0	3	3	3	0	9	0	1738		5178.3659378596085		9.0		2971.7682020802376		4217.210237181577	novelGene_SRSF6_AS	0.0	13.0		0.6923076923076923	0.0	0.0	0.0						
PB.161541.3	Patient21	0	0	0	0	4	4	0	8	0	1328		6024.096385542169		8.0		2971.7682020802376		4217.210237181577	novelGene_SRSF6_AS	0.0	8.0		1.0	0.0	0.0	0.0						
PB.161541.3	Patient22	0	0	0	1	2	2	0	5	0	2106		2374.1690408357076		18.0		2971.7682020802376		4217.210237181577	novelGene_SRSF6_AS	0.0	6.0		0.8333333333333334	0.0	0.0	0.0						
PB.161541.3	Patient23	0	0	0	3	2	0	0	5	0	1159		4314.063848144952		12.0		2971.7682020802376		4217.210237181577	novelGene_SRSF6_AS	0.0	14.0		0.35714285714285715	1.0	0.0	0.0						
PB.161541.3	Patient24	0	0	0	0	2	0	0	2	0	1661		1204.0939193257075		26.0		2971.7682020802376		4217.210237181577	novelGene_SRSF6_AS	0.0	11.0		0.18181818181818182	1.0	0.0	0.0						
PB.161541.3	Patient25	0	0	0	2	0	1	0	3	0	1946		1541.623843782117		23.0		2971.7682020802376		4217.210237181577	novelGene_SRSF6_AS	0.0	6.0		0.5	-1.0	0.0	0.0						
PB.161541.3	Patient26	0	0	0	9	7	8	0	24	0	1469		16337.644656228726		1.0		2971.7682020802376		4217.210237181577	novelGene_SRSF6_AS	0.0	26.0		0.9230769230769231	-0.06666666666666667	0.6638783900937345	1.2536704212847116						
PB.161541.3	Patient27	0	0	0	2	1	3	0	6	0	1439		4169.562195969423		13.0		2971.7682020802376		4217.210237181577	novelGene_SRSF6_AS	0.0	11.0		0.5454545454545454	-0.5	0.0	0.0						
PB.161541.3	Patient28	0	0	0	0	0	3	0	3	0	1202		2495.840266222962		17.0		2971.7682020802376		4217.210237181577	novelGene_SRSF6_AS	0.0	5.0		0.6	-1.0	0.0	0.0						
PB.161541.3	Patient29	0	0	0	2	0	2	0	4	0	1857		2154.0118470651587		20.0		2971.7682020802376		4217.210237181577	novelGene_SRSF6_AS	0.0	8.0		0.5	-1.0	0.0	0.0						
PB.161541.3	Patient3	0	0	0	3	1	2	0	6	0	2019		2971.7682020802376		16.0		2971.7682020802376		4217.210237181577	novelGene_SRSF6_AS	0.0	7.0		0.8571428571428571	-0.3333333333333333	0.0	0.0						
PB.161541.3	Patient30	0	0	0	9	5	5	0	19	0	1808		10508.849557522124		3.0		2971.7682020802376		4217.210237181577	novelGene_SRSF6_AS	0.0	21.0		0.9047619047619048	0.0	0.0	0.0						
PB.161541.3	Patient31	0	0	0	3	9	6	0	18	0	1858		9687.83638320775		4.0		2971.7682020802376		4217.210237181577	novelGene_SRSF6_AS	0.0	18.0		1.0	0.2	2.0103810896810193	3.7964111277780352	1.0	1.0	1.0	1.0	2.0	
PB.161541.3	Patient4	0	0	0	2	1	0	0	3	0	1450		2068.9655172413795		21.0		2971.7682020802376		4217.210237181577	novelGene_SRSF6_AS	0.0	6.0		0.5	1.0	0.0	0.0						
PB.161541.3	Patient5	0	0	0	2	3	2	0	7	0	1596		4385.964912280701		11.0		2971.7682020802376		4217.210237181577	novelGene_SRSF6_AS	0.0	7.0		1.0	0.2	0.0	0.0						
PB.161541.3	Patient6	0	0	0	1	0	1	0	2	0	1602		1248.4394506866417		25.0		2971.7682020802376		4217.210237181577	novelGene_SRSF6_AS	0.0	2.0		1.0	-1.0	0.0	0.0						
PB.161541.3	Patient7	0	0	0	1	0	0	0	1	0	1726		579.3742757821552		27.0		2971.7682020802376		4217.210237181577	novelGene_SRSF6_AS	0.0	3.0		0.3333333333333333		0.0	0.0						
PB.161541.3	Patient8	0	0	0	2	2	1	0	5	0	1359		3679.175864606328		14.0		2971.7682020802376		4217.210237181577	novelGene_SRSF6_AS	0.0	6.0		0.8333333333333334	0.3333333333333333	0.0	0.0						
PB.161541.3	Patient9	0	0	0	0	0	0	0	0	0	1722		0.0		30.0		2971.7682020802376		4217.210237181577	novelGene_SRSF6_AS	0.0	2.0		0.0		0.0	0.0						
PB.161551.18	Patient1	0	0	0	25	21	25	0	71	0	1717		41351.1939429237		16.0		41351.1939429237		56432.168021848614	SRSF6	0.0	95.0		0.7473684210526316	-0.08695652173913043	1.3312231695207648	0.3529395582793576						
PB.161551.18	Patient10	0	0	0	60	52	49	0	161	0	1394		115494.97847919655		6.0		41351.1939429237		56432.168021848614	SRSF6	0.0	248.0		0.6491935483870968	0.0297029702970297	0.5597176531037086	-0.1928647052470007						
PB.161551.18	Patient11	0	0	0	36	45	41	0	122	0	1367		89246.52523774689		8.0		41351.1939429237		56432.168021848614	SRSF6	0.0	299.0		0.4080267558528428	0.046511627906976744	0.8434121184533621	0.02281278793741114						
PB.161551.18	Patient12	0	0	0	63	57	63	0	183	0	1791		102177.55443886097		7.0		41351.1939429237		56432.168021848614	SRSF6	0.0	223.0		0.820627802690583	-0.05	0.9809097291510526	0.11736464854540261						
PB.161551.18	Patient13	0	0	0	89	88	88	0	265	0	2218		119477.0063119928		4.0		41351.1939429237		56432.168021848614	SRSF6	0.0	387.0		0.6847545219638242	0.0	0.0	-0.5692574450381154						
PB.161551.18	Patient14	0	0	0	11	10	11	0	32	0	1708		18735.362997658078		23.0		41351.1939429237		56432.168021848614	SRSF6	0.0	44.0		0.7272727272727273	-0.047619047619047616	0.55137148047372	-0.19847724715192602						
PB.161551.18	Patient15	0	0	0	64	69	71	0	204	0	2573		79284.88146132919		9.0		41351.1939429237		56432.168021848614	SRSF6	0.0	294.0		0.6938775510204082	-0.014285714285714285	0.28974820985186894	-0.37441077198614264						
PB.161551.18	Patient16	0	0	0	10	11	8	0	29	0	1271		22816.679779701022		22.0		41351.1939429237		56432.168021848614	SRSF6	0.0	54.0		0.5370370370370371	0.15789473684210525	1.7630492122974226	0.6433291617742208					1.0	
PB.161551.18	Patient17	0	0	0	7	2	8	0	17	0	1227		13854.930725346372		27.0		41351.1939429237		56432.168021848614	SRSF6	0.0	25.0		0.68	-0.6	5.26513146048854	2.9983707172104634	1.0	1.0	1.0	1.0	1.0	
PB.161551.18	Patient18	0	0	0	15	23	12	0	50	0	1387		36049.02667627974		19.0		41351.1939429237		56432.168021848614	SRSF6	0.0	82.0		0.6097560975609756	0.3142857142857143	4.536967686788828	2.5087031923795307	1.0	1.0	1.0	1.0	1.0	
PB.161551.18	Patient19	0	0	0	6	6	5	0	17	0	1548		10981.912144702841		28.0		41351.1939429237		56432.168021848614	SRSF6	0.0	31.0		0.5483870967741935	0.09090909090909091	0.7693513741166161	-0.05189253799960743						
PB.161551.18	Patient2	0	0	0	18	19	9	0	46	0	1085		42396.3133640553		15.0		41351.1939429237		56432.168021848614	SRSF6	0.0	62.0		0.7419354838709677	0.35714285714285715	4.807354922057604	2.6905302112756133	1.0	1.0	1.0	1.0	1.0	
PB.161551.18	Patient20	0	0	0	15	15	17	0	47	0	1738		27042.57767548907		21.0		41351.1939429237		56432.168021848614	SRSF6	0.0	81.0		0.5802469135802469	-0.0625	0.8496250072115623	0.029079750062196284						
PB.161551.18	Patient21	0	0	0	23	28	30	0	81	0	1328		60993.97590361446		12.0		41351.1939429237		56432.168021848614	SRSF6	0.0	122.0		0.6639344262295082	-0.034482758620689655	0.5636274882292058	-0.1902354625442611						
PB.161551.18	Patient22	0	0	0	8	14	10	0	32	0	2106		15194.681861348528		26.0		41351.1939429237		56432.168021848614	SRSF6	0.0	43.0		0.7441860465116279	0.16666666666666666	2.0515826300241002	0.8373589248471318	1.0	1.0	1.0	1.0	1.0	
PB.161551.18	Patient23	0	0	0	6	4	1	0	11	0	1159		9490.940465918895		30.0		41351.1939429237		56432.168021848614	SRSF6	0.0	18.0		0.6111111111111112	0.6	0.0	-0.5692574450381154						
PB.161551.18	Patient24	0	0	0	8	9	12	0	29	0	1661		17459.36183022276		25.0		41351.1939429237		56432.168021848614	SRSF6	0.0	41.0		0.7073170731707317	-0.14285714285714285	1.6625431975416274	0.575741988045379						
PB.161551.18	Patient25	0	0	0	82	85	90	0	257	0	1946		132065.77595066803		2.0		41351.1939429237		56432.168021848614	SRSF6	0.0	346.0		0.7427745664739884	-0.02857142857142857	0.6074963887586712	-0.1607349892782341						
PB.161551.18	Patient26	0	0	0	33	39	42	0	114	0	1469		77603.81211708646		10.0		41351.1939429237		56432.168021848614	SRSF6	0.0	201.0		0.5671641791044776	-0.037037037037037035	0.6614787730274236	-0.1244335122697758						
PB.161551.18	Patient27	0	0	0	6	6	14	0	26	0	1439		18068.102849200834		24.0		41351.1939429237		56432.168021848614	SRSF6	0.0	45.0		0.5777777777777777	-0.4	4.752114118850596	2.6533824866111297	1.0	1.0	1.0	1.0	1.0	
PB.161551.18	Patient28	0	0	0	20	21	23	0	64	0	1202		53244.59234608985		13.0		41351.1939429237		56432.168021848614	SRSF6	0.0	165.0		0.3878787878787879	-0.045454545454545456	0.68532726676405	-0.10839614084215564						
PB.161551.18	Patient29	0	0	0	4	6	8	0	18	0	1857		9693.053311793215		29.0		41351.1939429237		56432.168021848614	SRSF6	0.0	35.0		0.5142857142857142	-0.14285714285714285	1.3804329763361853	0.38603162516190004						
PB.161551.18	Patient3	0	0	0	42	45	44	0	131	0	2019		64883.60574541853		11.0		41351.1939429237		56432.168021848614	SRSF6	0.0	172.0		0.7616279069767442	0.011235955056179775	0.20533812299414705	-0.43117393405939086						
PB.161551.18	Patient30	0	0	0	24	27	21	0	72	0	1808		39823.00884955752		17.0		41351.1939429237		56432.168021848614	SRSF6	0.0	127.0		0.5669291338582677	0.125	1.9431386027294422	0.7644336841993158						
PB.161551.18	Patient31	0	0	0	18	18	24	0	60	0	1858		32292.787944025833		20.0		41351.1939429237		56432.168021848614	SRSF6	0.0	125.0		0.48	-0.14285714285714285	2.1349730995581346	0.8934364259342147						
PB.161551.18	Patient4	0	0	0	25	24	25	0	74	0	1450		51034.482758620696		14.0		41351.1939429237		56432.168021848614	SRSF6	0.0	100.0		0.74	-0.02040816326530612	0.3177000937334153	-0.35561399811603406						
PB.161551.18	Patient5	0	0	0	93	87	90	0	270	0	1596		169172.93233082705		1.0		41351.1939429237		56432.168021848614	SRSF6	0.0	354.0		0.7627118644067796	-0.01694915254237288	0.36115596823068685	-0.32639127203021545						
PB.161551.18	Patient6	0	0	0	24	19	18	0	61	0	1602		38077.40324594257		18.0		41351.1939429237		56432.168021848614	SRSF6	0.0	77.0		0.7922077922077922	0.02702702702702703	0.38550257806078214	-0.3100189329986343						
PB.161551.18	Patient7	0	0	0	78	59	65	0	202	0	1726		117033.60370799537		5.0		41351.1939429237		56432.168021848614	SRSF6	0.0	262.0		0.7709923664122137	-0.04838709677419355	0.9562264975269917	0.10076594181110293						
PB.161551.18	Patient8	0	0	0	56	62	51	0	169	0	1359		124356.1442236939		3.0		41351.1939429237		56432.168021848614	SRSF6	0.0	217.0		0.7788018433179723	0.09734513274336283	1.8880997445389531	0.7274217612870786						
PB.161551.18	Patient9	0	0	0	0	0	0	0	0	0	1722		0.0		31.0		41351.1939429237		56432.168021848614	SRSF6	0.0	3.0		0.0		0.0	-0.5692574450381154						
PB.161551.19	Patient1	0	0	0	2	4	4	0	10	0	1717		5824.111822947		15.0		5559.416261292564		12344.236204445102	SRSF6	0.0	95.0		0.10526315789473684	0.0	0.0	0.0						
PB.161551.19	Patient10	0	0	0	0	0	0	0	0	0	1394		0.0		29.0		5559.416261292564		12344.236204445102	SRSF6	0.0	248.0		0.0		0.0	0.0						
PB.161551.19	Patient11	0	0	0	43	51	29	0	123	0	1367		89978.05413313826		1.0		5559.416261292564		12344.236204445102	SRSF6	0.0	299.0		0.411371237458194	0.275	5.016760492411892	3.1535990314572206	1.0	1.0	1.0	1.0	1.0	
PB.161551.19	Patient12	0	0	0	5	6	8	0	19	0	1791		10608.59854829704		11.0		5559.416261292564		12344.236204445102	SRSF6	0.0	223.0		0.08520179372197309	-0.14285714285714285	1.3804329763361853	0.8677576104639719					1.0	
PB.161551.19	Patient13	0	0	0	33	29	32	0	94	0	2218		42380.52299368801		2.0		5559.416261292564		12344.236204445102	SRSF6	0.0	387.0		0.24289405684754523	-0.04918032786885246	0.8154972823502045	0.5126318953566762						
PB.161551.19	Patient14	0	0	0	1	2	1	0	4	0	1708		2341.9203747072597		25.0		5559.416261292564		12344.236204445102	SRSF6	0.0	44.0		0.09090909090909091	0.3333333333333333	0.0	0.0						
PB.161551.19	Patient15	0	0	0	18	19	14	0	51	0	2573		19821.220365332298		6.0		5559.416261292564		12344.236204445102	SRSF6	0.0	294.0		0.17346938775510204	0.15151515151515152	2.093612720675438	1.3160714086620378	1.0	1.0	1.0	1.0	2.0	
PB.161551.19	Patient16	0	0	0	2	0	5	0	7	0	1271		5507.474429583005		17.0		5559.416261292564		12344.236204445102	SRSF6	0.0	54.0		0.12962962962962962	-1.0	0.0	0.0						
PB.161551.19	Patient17	0	0	0	1	2	2	0	5	0	1227		4074.9796251018743		20.0		5559.416261292564		12344.236204445102	SRSF6	0.0	25.0		0.2	0.0	0.0	0.0						
PB.161551.19	Patient18	0	0	0	2	5	4	0	11	0	1387		7930.785868781542		13.0		5559.416261292564		12344.236204445102	SRSF6	0.0	82.0		0.13414634146341464	0.1111111111111111	0.0	0.0						
PB.161551.19	Patient19	0	0	0	2	2	0	0	4	0	1548		2583.9793281653747		24.0		5559.416261292564		12344.236204445102	SRSF6	0.0	31.0		0.12903225806451613	1.0	0.0	0.0						
PB.161551.19	Patient2	0	0	0	3	1	4	0	8	0	1085		7373.271889400921		14.0		5559.416261292564		12344.236204445102	SRSF6	0.0	62.0		0.12903225806451613	-0.6	0.0	0.0						
PB.161551.19	Patient20	0	0	0	3	1	4	0	8	0	1738		4602.991944764097		19.0		5559.416261292564		12344.236204445102	SRSF6	0.0	81.0		0.09876543209876543	-0.6	0.0	0.0						
PB.161551.19	Patient21	0	0	0	9	8	8	0	25	0	1328		18825.30120481928		8.0		5559.416261292564		12344.236204445102	SRSF6	0.0	122.0		0.20491803278688525	0.0	0.0	0.0						
PB.161551.19	Patient22	0	0	0	1	0	0	0	1	0	2106		474.8338081671415		26.0		5559.416261292564		12344.236204445102	SRSF6	0.0	43.0		0.023255813953488372		0.0	0.0						
PB.161551.19	Patient23	0	0	0	1	2	1	0	4	0	1159		3451.251078515962		21.0		5559.416261292564		12344.236204445102	SRSF6	0.0	18.0		0.2222222222222222	0.3333333333333333	0.0	0.0						
PB.161551.19	Patient24	0	0	0	1	3	1	0	5	0	1661		3010.2347983142686		23.0		5559.416261292564		12344.236204445102	SRSF6	0.0	41.0		0.12195121951219512	0.5	0.0	0.0						
PB.161551.19	Patient25	0	0	0	18	12	15	0	45	0	1946		23124.357656731758		5.0		5559.416261292564		12344.236204445102	SRSF6	0.0	346.0		0.13005780346820808	-0.1111111111111111	1.4243754403554867	0.8953803985521649						
PB.161551.19	Patient26	0	0	0	20	9	16	0	45	0	1469		30633.08373042886		3.0		5559.416261292564		12344.236204445102	SRSF6	0.0	201.0		0.22388059701492538	-0.28	3.5550332703853345	2.234738831013126					1.0	
PB.161551.19	Patient27	0	0	0	4	2	2	0	8	0	1439		5559.416261292564		16.0		5559.416261292564		12344.236204445102	SRSF6	0.0	45.0		0.17777777777777778	0.0	0.0	0.0						
PB.161551.19	Patient28	0	0	0	0	0	0	0	0	0	1202		0.0		29.0		5559.416261292564		12344.236204445102	SRSF6	0.0	165.0		0.0		0.0	0.0						
PB.161551.19	Patient29	0	0	0	0	0	0	0	0	0	1857		0.0		29.0		5559.416261292564		12344.236204445102	SRSF6	0.0	35.0		0.0		0.0	0.0						
PB.161551.19	Patient3	0	0	0	7	7	9	0	23	0	2019		11391.778107974244		10.0		5559.416261292564		12344.236204445102	SRSF6	0.0	172.0		0.13372093023255813	-0.125	1.2877123795494492	0.8094722718146459					2.0	
PB.161551.19	Patient30	0	0	0	0	0	0	0	0	0	1808		0.0		29.0		5559.416261292564		12344.236204445102	SRSF6	0.0	127.0		0.0		0.0	0.0						
PB.161551.19	Patient31	0	0	0	22	15	16	0	53	0	1858		28525.29601722282		4.0		5559.416261292564		12344.236204445102	SRSF6	0.0	125.0		0.424	-0.03225806451612903	0.43330808541838456	0.272382937268955						
PB.161551.19	Patient4	0	0	0	3	3	1	0	7	0	1450		4827.586206896552		18.0		5559.416261292564		12344.236204445102	SRSF6	0.0	100.0		0.07	0.5	0.0	0.0						
PB.161551.19	Patient5	0	0	0	4	8	17	0	29	0	1596		18170.426065162905		9.0		5559.416261292564		12344.236204445102	SRSF6	0.0	354.0		0.08192090395480225	-0.36	4.643856189774724	2.9191866752361997	1.0	1.0	1.0	1.0	1.0	
PB.161551.19	Patient6	0	0	0	2	0	3	0	5	0	1602		3121.098626716604		22.0		5559.416261292564		12344.236204445102	SRSF6	0.0	77.0		0.06493506493506493	-1.0	0.0	0.0						
PB.161551.19	Patient7	0	0	0	9	14	11	0	34	0	1726		19698.725376593276		7.0		5559.416261292564		12344.236204445102	SRSF6	0.0	262.0		0.1297709923664122	0.12	1.4949877761050625	0.9397682049793631						
PB.161551.19	Patient8	0	0	0	2	8	2	0	12	0	1359		8830.022075055187		12.0		5559.416261292564		12344.236204445102	SRSF6	0.0	217.0		0.055299539170506916	0.6	5.265131460488539	3.3097281601157107	1.0	1.0	1.0	1.0	1.0	
PB.161551.19	Patient9	0	0	0	0	0	0	0	0	0	1722		0.0		29.0		5559.416261292564		12344.236204445102	SRSF6	0.0	3.0		0.0		0.0	0.0						
PB.161551.263	Patient1	0	0	0	0	0	0	0	0	0	1717		0.0		16.5		0.0		2173.7963609038698	SRSF6	0.0	95.0		0.0		0.0	0.0						
PB.161551.263	Patient10	0	0	0	0	0	0	0	0	0	1394		0.0		16.5		0.0		2173.7963609038698	SRSF6	0.0	248.0		0.0		0.0	0.0						
PB.161551.263	Patient11	0	0	0	0	0	0	0	0	0	1367		0.0		16.5		0.0		2173.7963609038698	SRSF6	0.0	299.0		0.0		0.0	0.0						
PB.161551.263	Patient12	0	0	0	0	0	0	0	0	0	1791		0.0		16.5		0.0		2173.7963609038698	SRSF6	0.0	223.0		0.0		0.0	0.0						
PB.161551.263	Patient13	0	0	0	0	0	0	0	0	0	2218		0.0		16.5		0.0		2173.7963609038698	SRSF6	0.0	387.0		0.0		0.0	0.0						
PB.161551.263	Patient14	0	0	0	0	0	0	0	0	0	1708		0.0		16.5		0.0		2173.7963609038698	SRSF6	0.0	44.0		0.0		0.0	0.0						
PB.161551.263	Patient15	0	0	0	0	0	0	0	0	0	2573		0.0		16.5		0.0		2173.7963609038698	SRSF6	0.0	294.0		0.0		0.0	0.0						
PB.161551.263	Patient16	0	0	0	0	0	0	0	0	0	1271		0.0		16.5		0.0		2173.7963609038698	SRSF6	0.0	54.0		0.0		0.0	0.0						
PB.161551.263	Patient17	0	0	0	0	0	0	0	0	0	1227		0.0		16.5		0.0		2173.7963609038698	SRSF6	0.0	25.0		0.0		0.0	0.0						
PB.161551.263	Patient18	0	0	0	0	0	0	0	0	0	1387		0.0		16.5		0.0		2173.7963609038698	SRSF6	0.0	82.0		0.0		0.0	0.0						
PB.161551.263	Patient19	0	0	0	0	0	0	0	0	0	1548		0.0		16.5		0.0		2173.7963609038698	SRSF6	0.0	31.0		0.0		0.0	0.0						
PB.161551.263	Patient2	0	0	0	0	0	0	0	0	0	1085		0.0		16.5		0.0		2173.7963609038698	SRSF6	0.0	62.0		0.0		0.0	0.0						
PB.161551.263	Patient20	0	0	0	0	0	0	0	0	0	1738		0.0		16.5		0.0		2173.7963609038698	SRSF6	0.0	81.0		0.0		0.0	0.0						
PB.161551.263	Patient21	0	0	0	0	0	0	0	0	0	1328		0.0		16.5		0.0		2173.7963609038698	SRSF6	0.0	122.0		0.0		0.0	0.0						
PB.161551.263	Patient22	0	0	0	0	0	0	0	0	0	2106		0.0		16.5		0.0		2173.7963609038698	SRSF6	0.0	43.0		0.0		0.0	0.0						
PB.161551.263	Patient23	0	0	0	0	0	0	0	0	0	1159		0.0		16.5		0.0		2173.7963609038698	SRSF6	0.0	18.0		0.0		0.0	0.0						
PB.161551.263	Patient24	0	0	0	0	0	0	0	0	0	1661		0.0		16.5		0.0		2173.7963609038698	SRSF6	0.0	41.0		0.0		0.0	0.0						
PB.161551.263	Patient25	0	0	0	0	0	0	0	0	0	1946		0.0		16.5		0.0		2173.7963609038698	SRSF6	0.0	346.0		0.0		0.0	0.0						
PB.161551.263	Patient26	0	0	0	0	0	0	0	0	0	1469		0.0		16.5		0.0		2173.7963609038698	SRSF6	0.0	201.0		0.0		0.0	0.0						
PB.161551.263	Patient27	0	0	0	0	0	0	0	0	0	1439		0.0		16.5		0.0		2173.7963609038698	SRSF6	0.0	45.0		0.0		0.0	0.0						
PB.161551.263	Patient28	0	0	0	34	17	30	0	81	0	1202		67387.68718801996		1.0		0.0		2173.7963609038698	SRSF6	0.0	165.0		0.4909090909090909	-0.2765957446808511	4.356304669354096	5.5677643628300215	1.0	1.0	1.0	1.0	1.0	
PB.161551.263	Patient29	0	0	0	0	0	0	0	0	0	1857		0.0		16.5		0.0		2173.7963609038698	SRSF6	0.0	35.0		0.0		0.0	0.0						
PB.161551.263	Patient3	0	0	0	0	0	0	0	0	0	2019		0.0		16.5		0.0		2173.7963609038698	SRSF6	0.0	172.0		0.0		0.0	0.0						
PB.161551.263	Patient30	0	0	0	0	0	0	0	0	0	1808		0.0		16.5		0.0		2173.7963609038698	SRSF6	0.0	127.0		0.0		0.0	0.0						
PB.161551.263	Patient31	0	0	0	0	0	0	0	0	0	1858		0.0		16.5		0.0		2173.7963609038698	SRSF6	0.0	125.0		0.0		0.0	0.0						
PB.161551.263	Patient4	0	0	0	0	0	0	0	0	0	1450		0.0		16.5		0.0		2173.7963609038698	SRSF6	0.0	100.0		0.0		0.0	0.0						
PB.161551.263	Patient5	0	0	0	0	0	0	0	0	0	1596		0.0		16.5		0.0		2173.7963609038698	SRSF6	0.0	354.0		0.0		0.0	0.0						
PB.161551.263	Patient6	0	0	0	0	0	0	0	0	0	1602		0.0		16.5		0.0		2173.7963609038698	SRSF6	0.0	77.0		0.0		0.0	0.0						
PB.161551.263	Patient7	0	0	0	0	0	0	0	0	0	1726		0.0		16.5		0.0		2173.7963609038698	SRSF6	0.0	262.0		0.0		0.0	0.0						
PB.161551.263	Patient8	0	0	0	0	0	0	0	0	0	1359		0.0		16.5		0.0		2173.7963609038698	SRSF6	0.0	217.0		0.0		0.0	0.0						
PB.161551.263	Patient9	0	0	0	0	0	0	0	0	0	1722		0.0		16.5		0.0		2173.7963609038698	SRSF6	0.0	3.0		0.0		0.0	0.0						
PB.161551.31	Patient1	0	0	0	2	1	1	0	4	0	1717		2329.6447291788004		15.0		2259.0361445783133		3554.9944215789756	SRSF6	0.0	95.0		0.042105263157894736	0.0	0.0	0.0						
PB.161551.31	Patient10	0	0	0	3	4	5	0	12	0	1394		8608.32137733142		5.0		2259.0361445783133		3554.9944215789756	SRSF6	0.0	248.0		0.04838709677419355	-0.1111111111111111	0.0	0.0						
PB.161551.31	Patient11	0	0	0	3	4	5	0	12	0	1367		8778.346744696415		4.0		2259.0361445783133		3554.9944215789756	SRSF6	0.0	299.0		0.04013377926421405	-0.1111111111111111	0.0	0.0						
PB.161551.31	Patient12	0	0	0	2	2	2	0	6	0	1791		3350.0837520938026		13.0		2259.0361445783133		3554.9944215789756	SRSF6	0.0	223.0		0.026905829596412557	0.0	0.0	0.0						
PB.161551.31	Patient13	0	0	0	1	5	1	0	7	0	2218		3155.9963931469792		14.0		2259.0361445783133		3554.9944215789756	SRSF6	0.0	387.0		0.01808785529715762	0.6666666666666666	0.0	0.0						
PB.161551.31	Patient14	0	0	0	3	0	0	0	3	0	1708		1756.440281030445		19.0		2259.0361445783133		3554.9944215789756	SRSF6	0.0	44.0		0.06818181818181818		0.0	0.0						
PB.161551.31	Patient15	0	0	0	4	2	4	0	10	0	2573		3886.51379712398		10.0		2259.0361445783133		3554.9944215789756	SRSF6	0.0	294.0		0.034013605442176874	-0.3333333333333333	0.0	0.0						
PB.161551.31	Patient16	0	0	0	4	1	0	0	5	0	1271		3933.910306845004		9.0		2259.0361445783133		3554.9944215789756	SRSF6	0.0	54.0		0.09259259259259259	1.0	0.0	0.0						
PB.161551.31	Patient17	0	0	0	0	0	0	0	0	0	1227		0.0		27.0		2259.0361445783133		3554.9944215789756	SRSF6	0.0	25.0		0.0		0.0	0.0						
PB.161551.31	Patient18	0	0	0	4	3	4	0	11	0	1387		7930.785868781542		7.0		2259.0361445783133		3554.9944215789756	SRSF6	0.0	82.0		0.13414634146341464	-0.14285714285714285	0.0	0.0						
PB.161551.31	Patient19	0	0	0	0	0	0	0	0	0	1548		0.0		27.0		2259.0361445783133		3554.9944215789756	SRSF6	0.0	31.0		0.0		0.0	0.0						
PB.161551.31	Patient2	0	0	0	1	0	1	0	2	0	1085		1843.3179723502303		18.0		2259.0361445783133		3554.9944215789756	SRSF6	0.0	62.0		0.03225806451612903	-1.0	0.0	0.0						
PB.161551.31	Patient20	0	0	0	0	0	0	0	0	0	1738		0.0		27.0		2259.0361445783133		3554.9944215789756	SRSF6	0.0	81.0		0.0		0.0	0.0						
PB.161551.31	Patient21	0	0	0	2	1	0	0	3	0	1328		2259.0361445783133		16.0		2259.0361445783133		3554.9944215789756	SRSF6	0.0	122.0		0.02459016393442623	1.0	0.0	0.0						
PB.161551.31	Patient22	0	0	0	0	0	0	0	0	0	2106		0.0		27.0		2259.0361445783133		3554.9944215789756	SRSF6	0.0	43.0		0.0		0.0	0.0						
PB.161551.31	Patient23	0	0	0	0	0	0	0	0	0	1159		0.0		27.0		2259.0361445783133		3554.9944215789756	SRSF6	0.0	18.0		0.0		0.0	0.0						
PB.161551.31	Patient24	0	0	0	0	0	0	0	0	0	1661		0.0		27.0		2259.0361445783133		3554.9944215789756	SRSF6	0.0	41.0		0.0		0.0	0.0						
PB.161551.31	Patient25	0	0	0	5	12	5	0	22	0	1946		11305.24152106886		2.0		2259.0361445783133		3554.9944215789756	SRSF6	0.0	346.0		0.06358381502890173	0.4117647058823529	4.559471676465313	4.2617509806238685	1.0	1.0	1.0	1.0	2.0	
PB.161551.31	Patient26	0	0	0	2	7	3	0	12	0	1469		8168.822328114363		6.0		2259.0361445783133		3554.9944215789756	SRSF6	0.0	201.0		0.05970149253731343	0.4	3.321928094887362	3.105015519456731	1.0	1.0	1.0	1.0	2.0	
PB.161551.31	Patient27	0	0	0	0	0	1	0	1	0	1439		694.9270326615705		22.0		2259.0361445783133		3554.9944215789756	SRSF6	0.0	45.0		0.022222222222222223	-1.0	0.0	0.0						
PB.161551.31	Patient28	0	0	0	1	1	0	0	2	0	1202		1663.8935108153078		20.0		2259.0361445783133		3554.9944215789756	SRSF6	0.0	165.0		0.012121212121212121	1.0	0.0	0.0						
PB.161551.31	Patient29	0	0	0	0	0	0	0	0	0	1857		0.0		27.0		2259.0361445783133		3554.9944215789756	SRSF6	0.0	35.0		0.0		0.0	0.0						
PB.161551.31	Patient3	0	0	0	5	2	0	0	7	0	2019		3467.0629024269438		11.0		2259.0361445783133		3554.9944215789756	SRSF6	0.0	172.0		0.040697674418604654	1.0	0.0	0.0						
PB.161551.31	Patient30	0	0	0	1	0	3	0	4	0	1808		2212.3893805309735		17.0		2259.0361445783133		3554.9944215789756	SRSF6	0.0	127.0		0.031496062992125984	-1.0	0.0	0.0						
PB.161551.31	Patient31	0	0	0	1	0	1	0	2	0	1858		1076.426264800861		21.0		2259.0361445783133		3554.9944215789756	SRSF6	0.0	125.0		0.016	-1.0	0.0	0.0						
PB.161551.31	Patient4	0	0	0	1	1	3	0	5	0	1450		3448.2758620689656		12.0		2259.0361445783133		3554.9944215789756	SRSF6	0.0	100.0		0.05	-0.5	0.0	0.0						
PB.161551.31	Patient5	0	0	0	7	11	7	0	25	0	1596		15664.160401002506		1.0		2259.0361445783133		3554.9944215789756	SRSF6	0.0	354.0		0.07062146892655367	0.2222222222222222	2.4392497566633655	2.279973597841411						
PB.161551.31	Patient6	0	0	0	2	2	3	0	7	0	1602		4369.5380774032465		8.0		2259.0361445783133		3554.9944215789756	SRSF6	0.0	77.0		0.09090909090909091	-0.2	0.0	0.0						
PB.161551.31	Patient7	0	0	0	0	0	0	0	0	0	1726		0.0		27.0		2259.0361445783133		3554.9944215789756	SRSF6	0.0	262.0		0.0		0.0	0.0						
PB.161551.31	Patient8	0	0	0	7	2	5	0	14	0	1359		10301.69242089772		3.0		2259.0361445783133		3554.9944215789756	SRSF6	0.0	217.0		0.06451612903225806	-0.42857142857142855	0.0	0.0						
PB.161551.31	Patient9	0	0	0	0	0	0	0	0	0	1722		0.0		27.0		2259.0361445783133		3554.9944215789756	SRSF6	0.0	3.0		0.0		0.0	0.0						
PB.161551.38	Patient1	0	0	0	1	3	2	0	6	0	1717		3494.4670937682004		8.0		1573.5641227380015		2633.5546940838576	SRSF6	0.0	95.0		0.06315789473684211	0.2	0.0	0.0						
PB.161551.38	Patient10	0	0	0	7	5	3	0	15	0	1394		10760.401721664277		1.0		1573.5641227380015		2633.5546940838576	SRSF6	0.0	248.0		0.06048387096774194	0.25	0.0	0.0						
PB.161551.38	Patient11	0	0	0	2	6	4	0	12	0	1367		8778.346744696415		3.0		1573.5641227380015		2633.5546940838576	SRSF6	0.0	299.0		0.04013377926421405	0.2	1.6125530151888576	2.645796887262234						
PB.161551.38	Patient12	0	0	0	1	0	0	0	1	0	1791		558.3472920156337		25.0		1573.5641227380015		2633.5546940838576	SRSF6	0.0	223.0		0.004484304932735426		0.0	0.0						
PB.161551.38	Patient13	0	0	0	2	4	4	0	10	0	2218		4508.566275924256		6.0		1573.5641227380015		2633.5546940838576	SRSF6	0.0	387.0		0.025839793281653745	0.0	0.0	0.0						
PB.161551.38	Patient14	0	0	0	1	0	1	0	2	0	1708		1170.9601873536299		17.0		1573.5641227380015		2633.5546940838576	SRSF6	0.0	44.0		0.045454545454545456	-1.0	0.0	0.0						
PB.161551.38	Patient15	0	0	0	0	0	2	0	2	0	2573		777.3027594247959		20.0		1573.5641227380015		2633.5546940838576	SRSF6	0.0	294.0		0.006802721088435374	-1.0	0.0	0.0						
PB.161551.38	Patient16	0	0	0	1	1	0	0	2	0	1271		1573.5641227380015		16.0		1573.5641227380015		2633.5546940838576	SRSF6	0.0	54.0		0.037037037037037035	1.0	0.0	0.0						
PB.161551.38	Patient17	0	0	0	0	0	0	0	0	0	1227		0.0		28.5		1573.5641227380015		2633.5546940838576	SRSF6	0.0	25.0		0.0		0.0	0.0						
PB.161551.38	Patient18	0	0	0	1	0	0	0	1	0	1387		720.9805335255948		21.0		1573.5641227380015		2633.5546940838576	SRSF6	0.0	82.0		0.012195121951219513		0.0	0.0						
PB.161551.38	Patient19	0	0	0	0	0	0	0	0	0	1548		0.0		28.5		1573.5641227380015		2633.5546940838576	SRSF6	0.0	31.0		0.0		0.0	0.0						
PB.161551.38	Patient2	0	0	0	1	1	0	0	2	0	1085		1843.3179723502303		14.0		1573.5641227380015		2633.5546940838576	SRSF6	0.0	62.0		0.03225806451612903	1.0	0.0	0.0						
PB.161551.38	Patient20	0	0	0	0	0	1	0	1	0	1738		575.3739930955121		24.0		1573.5641227380015		2633.5546940838576	SRSF6	0.0	81.0		0.012345679012345678	-1.0	0.0	0.0						
PB.161551.38	Patient21	0	0	0	2	1	1	0	4	0	1328		3012.0481927710844		11.0		1573.5641227380015		2633.5546940838576	SRSF6	0.0	122.0		0.03278688524590164	0.0	0.0	0.0						
PB.161551.38	Patient22	0	0	0	0	0	0	0	0	0	2106		0.0		28.5		1573.5641227380015		2633.5546940838576	SRSF6	0.0	43.0		0.0		0.0	0.0						
PB.161551.38	Patient23	0	0	0	0	0	1	0	1	0	1159		862.8127696289905		18.0		1573.5641227380015		2633.5546940838576	SRSF6	0.0	18.0		0.05555555555555555	-1.0	0.0	0.0						
PB.161551.38	Patient24	0	0	0	1	0	0	0	1	0	1661		602.0469596628537		23.0		1573.5641227380015		2633.5546940838576	SRSF6	0.0	41.0		0.024390243902439025		0.0	0.0						
PB.161551.38	Patient25	0	0	0	0	4	3	0	7	0	1946		3597.1223021582737		7.0		1573.5641227380015		2633.5546940838576	SRSF6	0.0	346.0		0.02023121387283237	0.14285714285714285	0.0	0.0						
PB.161551.38	Patient26	0	0	0	0	1	2	0	3	0	1469		2042.2055820285907		13.0		1573.5641227380015		2633.5546940838576	SRSF6	0.0	201.0		0.014925373134328358	-0.3333333333333333	0.0	0.0						
PB.161551.38	Patient27	0	0	0	1	0	0	0	1	0	1439		694.9270326615705		22.0		1573.5641227380015		2633.5546940838576	SRSF6	0.0	45.0		0.022222222222222223		0.0	0.0						
PB.161551.38	Patient28	0	0	0	0	0	1	0	1	0	1202		831.9467554076539		19.0		1573.5641227380015		2633.5546940838576	SRSF6	0.0	165.0		0.006060606060606061	-1.0	0.0	0.0						
PB.161551.38	Patient29	0	0	0	0	0	0	0	0	0	1857		0.0		28.5		1573.5641227380015		2633.5546940838576	SRSF6	0.0	35.0		0.0		0.0	0.0						
PB.161551.38	Patient3	0	0	0	2	2	3	0	7	0	2019		3467.0629024269438		9.0		1573.5641227380015		2633.5546940838576	SRSF6	0.0	172.0		0.040697674418604654	-0.2	0.0	0.0						
PB.161551.38	Patient30	0	0	0	2	0	1	0	3	0	1808		1659.2920353982302		15.0		1573.5641227380015		2633.5546940838576	SRSF6	0.0	127.0		0.023622047244094488	-1.0	0.0	0.0						
PB.161551.38	Patient31	0	0	0	0	2	2	0	4	0	1858		2152.852529601722		12.0		1573.5641227380015		2633.5546940838576	SRSF6	0.0	125.0		0.032	0.0	0.0	0.0						
PB.161551.38	Patient4	0	0	0	0	4	1	0	5	0	1450		3448.2758620689656		10.0		1573.5641227380015		2633.5546940838576	SRSF6	0.0	100.0		0.05	0.6	0.0	0.0						
PB.161551.38	Patient5	0	0	0	7	4	3	0	14	0	1596		8771.929824561403		4.0		1573.5641227380015		2633.5546940838576	SRSF6	0.0	354.0		0.03954802259887006	0.14285714285714285	0.0	0.0						
PB.161551.38	Patient6	0	0	0	0	0	0	0	0	0	1602		0.0		28.5		1573.5641227380015		2633.5546940838576	SRSF6	0.0	77.0		0.0		0.0	0.0						
PB.161551.38	Patient7	0	0	0	5	8	4	0	17	0	1726		9849.362688296638		2.0		1573.5641227380015		2633.5546940838576	SRSF6	0.0	262.0		0.0648854961832061	0.3333333333333333	3.0400371107270385	4.9879418840572285	1.0	1.0	1.0	1.0	2.0	
PB.161551.38	Patient8	0	0	0	4	1	3	0	8	0	1359		5886.681383370125		5.0		1573.5641227380015		2633.5546940838576	SRSF6	0.0	217.0		0.03686635944700461	-0.5	0.0	0.0						
PB.161551.38	Patient9	0	0	0	0	0	0	0	0	0	1722		0.0		28.5		1573.5641227380015		2633.5546940838576	SRSF6	0.0	3.0		0.0		0.0	0.0						
PB.161551.51	Patient1	0	0	0	0	0	0	0	0	0	1717		0.0		25.0		538.5029617662897		1500.7251854351955	SRSF6	0.0	95.0		0.0		0.0	0.0						
PB.161551.51	Patient10	0	0	0	3	4	7	0	14	0	1394		10043.041606886656		1.0		538.5029617662897		1500.7251854351955	SRSF6	0.0	248.0		0.056451612903225805	-0.2727272727272727	2.345743388256288	5.567764362830023	1.0	1.0	1.0	1.0	1.0	
PB.161551.51	Patient11	0	0	0	2	0	3	0	5	0	1367		3657.6444769568398		5.0		538.5029617662897		1500.7251854351955	SRSF6	0.0	299.0		0.016722408026755852	-1.0	0.0	0.0						
PB.161551.51	Patient12	0	0	0	0	2	3	0	5	0	1791		2791.736460078169		7.0		538.5029617662897		1500.7251854351955	SRSF6	0.0	223.0		0.02242152466367713	-0.2	0.0	0.0						
PB.161551.51	Patient13	0	0	0	1	0	0	0	1	0	2218		450.8566275924256		18.0		538.5029617662897		1500.7251854351955	SRSF6	0.0	387.0		0.002583979328165375		0.0	0.0						
PB.161551.51	Patient14	0	0	0	0	0	0	0	0	0	1708		0.0		25.0		538.5029617662897		1500.7251854351955	SRSF6	0.0	44.0		0.0		0.0	0.0						
PB.161551.51	Patient15	0	0	0	3	3	4	0	10	0	2573		3886.51379712398		4.0		538.5029617662897		1500.7251854351955	SRSF6	0.0	294.0		0.034013605442176874	-0.14285714285714285	0.0	0.0						
PB.161551.51	Patient16	0	0	0	1	1	0	0	2	0	1271		1573.5641227380015		11.0		538.5029617662897		1500.7251854351955	SRSF6	0.0	54.0		0.037037037037037035	1.0	0.0	0.0						
PB.161551.51	Patient17	0	0	0	0	0	0	0	0	0	1227		0.0		25.0		538.5029617662897		1500.7251854351955	SRSF6	0.0	25.0		0.0		0.0	0.0						
PB.161551.51	Patient18	0	0	0	0	0	2	0	2	0	1387		1441.9610670511895		12.0		538.5029617662897		1500.7251854351955	SRSF6	0.0	82.0		0.024390243902439025	-1.0	0.0	0.0						
PB.161551.51	Patient19	0	0	0	0	1	0	0	1	0	1548		645.9948320413437		15.0		538.5029617662897		1500.7251854351955	SRSF6	0.0	31.0		0.03225806451612903	1.0	0.0	0.0						
PB.161551.51	Patient2	0	0	0	0	0	0	0	0	0	1085		0.0		25.0		538.5029617662897		1500.7251854351955	SRSF6	0.0	62.0		0.0		0.0	0.0						
PB.161551.51	Patient20	0	0	0	2	0	1	0	3	0	1738		1726.121979286536		10.0		538.5029617662897		1500.7251854351955	SRSF6	0.0	81.0		0.037037037037037035	-1.0	0.0	0.0						
PB.161551.51	Patient21	0	0	0	0	0	1	0	1	0	1328		753.0120481927711		14.0		538.5029617662897		1500.7251854351955	SRSF6	0.0	122.0		0.00819672131147541	-1.0	0.0	0.0						
PB.161551.51	Patient22	0	0	0	0	0	0	0	0	0	2106		0.0		25.0		538.5029617662897		1500.7251854351955	SRSF6	0.0	43.0		0.0		0.0	0.0						
PB.161551.51	Patient23	0	0	0	0	0	0	0	0	0	1159		0.0		25.0		538.5029617662897		1500.7251854351955	SRSF6	0.0	18.0		0.0		0.0	0.0						
PB.161551.51	Patient24	0	0	0	0	0	0	0	0	0	1661		0.0		25.0		538.5029617662897		1500.7251854351955	SRSF6	0.0	41.0		0.0		0.0	0.0						
PB.161551.51	Patient25	0	0	0	4	1	2	0	7	0	1946		3597.1223021582737		6.0		538.5029617662897		1500.7251854351955	SRSF6	0.0	346.0		0.02023121387283237	-0.3333333333333333	0.0	0.0						
PB.161551.51	Patient26	0	0	0	3	3	2	0	8	0	1469		5445.881552076242		2.0		538.5029617662897		1500.7251854351955	SRSF6	0.0	201.0		0.03980099502487562	0.2	0.0	0.0						
PB.161551.51	Patient27	0	0	0	0	0	0	0	0	0	1439		0.0		25.0		538.5029617662897		1500.7251854351955	SRSF6	0.0	45.0		0.0		0.0	0.0						
PB.161551.51	Patient28	0	0	0	0	0	0	0	0	0	1202		0.0		25.0		538.5029617662897		1500.7251854351955	SRSF6	0.0	165.0		0.0		0.0	0.0						
PB.161551.51	Patient29	0	0	0	1	0	0	0	1	0	1857		538.5029617662897		16.0		538.5029617662897		1500.7251854351955	SRSF6	0.0	35.0		0.02857142857142857		0.0	0.0						
PB.161551.51	Patient3	0	0	0	0	1	0	0	1	0	2019		495.2947003467063		17.0		538.5029617662897		1500.7251854351955	SRSF6	0.0	172.0		0.005813953488372093	1.0	0.0	0.0						
PB.161551.51	Patient30	0	0	0	0	0	0	0	0	0	1808		0.0		25.0		538.5029617662897		1500.7251854351955	SRSF6	0.0	127.0		0.0		0.0	0.0						
PB.161551.51	Patient31	0	0	0	0	0	0	0	0	0	1858		0.0		25.0		538.5029617662897		1500.7251854351955	SRSF6	0.0	125.0		0.0		0.0	0.0						
PB.161551.51	Patient4	0	0	0	2	0	1	0	3	0	1450		2068.9655172413795		8.0		538.5029617662897		1500.7251854351955	SRSF6	0.0	100.0		0.03	-1.0	0.0	0.0						
PB.161551.51	Patient5	0	0	0	1	0	1	0	2	0	1596		1253.1328320802004		13.0		538.5029617662897		1500.7251854351955	SRSF6	0.0	354.0		0.005649717514124294	-1.0	0.0	0.0						
PB.161551.51	Patient6	0	0	0	0	0	0	0	0	0	1602		0.0		25.0		538.5029617662897		1500.7251854351955	SRSF6	0.0	77.0		0.0		0.0	0.0						
PB.161551.51	Patient7	0	0	0	1	0	2	0	3	0	1726		1738.1228273464658		9.0		538.5029617662897		1500.7251854351955	SRSF6	0.0	262.0		0.011450381679389313	-1.0	0.0	0.0						
PB.161551.51	Patient8	0	0	0	0	2	4	0	6	0	1359		4415.0110375275935		3.0		538.5029617662897		1500.7251854351955	SRSF6	0.0	217.0		0.027649769585253458	-0.3333333333333333	0.0	0.0						
PB.161551.51	Patient9	0	0	0	0	0	0	0	0	0	1722		0.0		25.0		538.5029617662897		1500.7251854351955	SRSF6	0.0	3.0		0.0		0.0	0.0						
PB.161551.53	Patient1	0	0	0	0	0	0	0	0	0	1717		0.0		18.5		0.0		1425.0313944161403	SRSF6	0.0	95.0		0.0		0.0	0.0						
PB.161551.53	Patient10	0	0	0	7	11	11	0	29	0	1394		20803.44332855093		1.0		0.0		1425.0313944161403	SRSF6	0.0	248.0		0.11693548387096774	0.0	0.0	0.0						
PB.161551.53	Patient11	0	0	0	0	0	0	0	0	0	1367		0.0		18.5		0.0		1425.0313944161403	SRSF6	0.0	299.0		0.0		0.0	0.0						
PB.161551.53	Patient12	0	0	0	0	0	0	0	0	0	1791		0.0		18.5		0.0		1425.0313944161403	SRSF6	0.0	223.0		0.0		0.0	0.0						
PB.161551.53	Patient13	0	0	0	0	0	1	0	1	0	2218		450.8566275924256		5.0		0.0		1425.0313944161403	SRSF6	0.0	387.0		0.002583979328165375	-1.0	0.0	0.0						
PB.161551.53	Patient14	0	0	0	0	0	0	0	0	0	1708		0.0		18.5		0.0		1425.0313944161403	SRSF6	0.0	44.0		0.0		0.0	0.0						
PB.161551.53	Patient15	0	0	0	0	0	0	0	0	0	2573		0.0		18.5		0.0		1425.0313944161403	SRSF6	0.0	294.0		0.0		0.0	0.0						
PB.161551.53	Patient16	0	0	0	0	0	0	0	0	0	1271		0.0		18.5		0.0		1425.0313944161403	SRSF6	0.0	54.0		0.0		0.0	0.0						
PB.161551.53	Patient17	0	0	0	0	0	0	0	0	0	1227		0.0		18.5		0.0		1425.0313944161403	SRSF6	0.0	25.0		0.0		0.0	0.0						
PB.161551.53	Patient18	0	0	0	0	0	0	0	0	0	1387		0.0		18.5		0.0		1425.0313944161403	SRSF6	0.0	82.0		0.0		0.0	0.0						
PB.161551.53	Patient19	0	0	0	0	0	0	0	0	0	1548		0.0		18.5		0.0		1425.0313944161403	SRSF6	0.0	31.0		0.0		0.0	0.0						
PB.161551.53	Patient2	0	0	0	0	0	0	0	0	0	1085		0.0		18.5		0.0		1425.0313944161403	SRSF6	0.0	62.0		0.0		0.0	0.0						
PB.161551.53	Patient20	0	0	0	0	0	0	0	0	0	1738		0.0		18.5		0.0		1425.0313944161403	SRSF6	0.0	81.0		0.0		0.0	0.0						
PB.161551.53	Patient21	0	0	0	0	0	0	0	0	0	1328		0.0		18.5		0.0		1425.0313944161403	SRSF6	0.0	122.0		0.0		0.0	0.0						
PB.161551.53	Patient22	0	0	0	0	0	0	0	0	0	2106		0.0		18.5		0.0		1425.0313944161403	SRSF6	0.0	43.0		0.0		0.0	0.0						
PB.161551.53	Patient23	0	0	0	0	0	0	0	0	0	1159		0.0		18.5		0.0		1425.0313944161403	SRSF6	0.0	18.0		0.0		0.0	0.0						
PB.161551.53	Patient24	0	0	0	0	0	0	0	0	0	1661		0.0		18.5		0.0		1425.0313944161403	SRSF6	0.0	41.0		0.0		0.0	0.0						
PB.161551.53	Patient25	0	0	0	0	0	0	0	0	0	1946		0.0		18.5		0.0		1425.0313944161403	SRSF6	0.0	346.0		0.0		0.0	0.0						
PB.161551.53	Patient26	0	0	0	0	0	0	0	0	0	1469		0.0		18.5		0.0		1425.0313944161403	SRSF6	0.0	201.0		0.0		0.0	0.0						
PB.161551.53	Patient27	0	0	0	0	0	0	0	0	0	1439		0.0		18.5		0.0		1425.0313944161403	SRSF6	0.0	45.0		0.0		0.0	0.0						
PB.161551.53	Patient28	0	0	0	0	0	0	0	0	0	1202		0.0		18.5		0.0		1425.0313944161403	SRSF6	0.0	165.0		0.0		0.0	0.0						
PB.161551.53	Patient29	0	0	0	0	0	0	0	0	0	1857		0.0		18.5		0.0		1425.0313944161403	SRSF6	0.0	35.0		0.0		0.0	0.0						
PB.161551.53	Patient3	0	0	0	0	0	0	0	0	0	2019		0.0		18.5		0.0		1425.0313944161403	SRSF6	0.0	172.0		0.0		0.0	0.0						
PB.161551.53	Patient30	0	0	0	9	9	12	0	30	0	1808		16592.920353982303		2.0		0.0		1425.0313944161403	SRSF6	0.0	127.0		0.23622047244094488	-0.14285714285714285	1.6625431975416274	5.567764362830023	1.0	1.0	1.0	1.0	2.0	
PB.161551.53	Patient31	0	0	0	0	0	0	0	0	0	1858		0.0		18.5		0.0		1425.0313944161403	SRSF6	0.0	125.0		0.0		0.0	0.0						
PB.161551.53	Patient4	0	0	0	1	0	0	0	1	0	1450		689.655172413793		4.0		0.0		1425.0313944161403	SRSF6	0.0	100.0		0.01		0.0	0.0						
PB.161551.53	Patient5	0	0	0	6	2	1	0	9	0	1596		5639.097744360902		3.0		0.0		1425.0313944161403	SRSF6	0.0	354.0		0.025423728813559324	0.3333333333333333	0.0	0.0						
PB.161551.53	Patient6	0	0	0	0	0	0	0	0	0	1602		0.0		18.5		0.0		1425.0313944161403	SRSF6	0.0	77.0		0.0		0.0	0.0						
PB.161551.53	Patient7	0	0	0	0	0	0	0	0	0	1726		0.0		18.5		0.0		1425.0313944161403	SRSF6	0.0	262.0		0.0		0.0	0.0						
PB.161551.53	Patient8	0	0	0	0	0	0	0	0	0	1359		0.0		18.5		0.0		1425.0313944161403	SRSF6	0.0	217.0		0.0		0.0	0.0						
PB.161551.53	Patient9	0	0	0	0	0	0	0	0	0	1722		0.0		18.5		0.0		1425.0313944161403	SRSF6	0.0	3.0		0.0		0.0	0.0						
PB.161551.604	Patient1	0	0	0	0	0	0	0	0	0	1717		0.0		24.0		602.0469596628537		1023.0107634617355	SRSF6	0.0	95.0		0.0		0.0	0.0						
PB.161551.604	Patient10	0	0	0	0	0	0	0	0	0	1394		0.0		24.0		602.0469596628537		1023.0107634617355	SRSF6	0.0	248.0		0.0		0.0	0.0						
PB.161551.604	Patient11	0	0	0	1	1	0	0	2	0	1367		1463.057790782736		9.0		602.0469596628537		1023.0107634617355	SRSF6	0.0	299.0		0.006688963210702341	1.0	0.0	0.0						
PB.161551.604	Patient12	0	0	0	0	0	0	0	0	0	1791		0.0		24.0		602.0469596628537		1023.0107634617355	SRSF6	0.0	223.0		0.0		0.0	0.0						
PB.161551.604	Patient13	0	0	0	0	0	0	0	0	0	2218		0.0		24.0		602.0469596628537		1023.0107634617355	SRSF6	0.0	387.0		0.0		0.0	0.0						
PB.161551.604	Patient14	0	0	0	0	0	0	0	0	0	1708		0.0		24.0		602.0469596628537		1023.0107634617355	SRSF6	0.0	44.0		0.0		0.0	0.0						
PB.161551.604	Patient15	0	0	0	4	1	1	0	6	0	2573		2331.908278274388		5.0		602.0469596628537		1023.0107634617355	SRSF6	0.0	294.0		0.02040816326530612	0.0	0.0	0.0						
PB.161551.604	Patient16	0	0	0	0	1	1	0	2	0	1271		1573.5641227380015		8.0		602.0469596628537		1023.0107634617355	SRSF6	0.0	54.0		0.037037037037037035	0.0	0.0	0.0						
PB.161551.604	Patient17	0	0	0	0	0	0	0	0	0	1227		0.0		24.0		602.0469596628537		1023.0107634617355	SRSF6	0.0	25.0		0.0		0.0	0.0						
PB.161551.604	Patient18	0	0	0	1	0	1	0	2	0	1387		1441.9610670511895		10.0		602.0469596628537		1023.0107634617355	SRSF6	0.0	82.0		0.024390243902439025	-1.0	0.0	0.0						
PB.161551.604	Patient19	0	0	0	1	0	0	0	1	0	1548		645.9948320413437		15.0		602.0469596628537		1023.0107634617355	SRSF6	0.0	31.0		0.03225806451612903		0.0	0.0						
PB.161551.604	Patient2	0	0	0	0	0	0	0	0	0	1085		0.0		24.0		602.0469596628537		1023.0107634617355	SRSF6	0.0	62.0		0.0		0.0	0.0						
PB.161551.604	Patient20	0	0	0	1	4	2	0	7	0	1738		4027.6179516685847		2.0		602.0469596628537		1023.0107634617355	SRSF6	0.0	81.0		0.08641975308641975	0.3333333333333333	0.0	0.0						
PB.161551.604	Patient21	0	0	0	0	2	1	0	3	0	1328		2259.0361445783133		6.0		602.0469596628537		1023.0107634617355	SRSF6	0.0	122.0		0.02459016393442623	0.3333333333333333	0.0	0.0						
PB.161551.604	Patient22	0	0	0	0	0	0	0	0	0	2106		0.0		24.0		602.0469596628537		1023.0107634617355	SRSF6	0.0	43.0		0.0		0.0	0.0						
PB.161551.604	Patient23	0	0	0	0	0	0	0	0	0	1159		0.0		24.0		602.0469596628537		1023.0107634617355	SRSF6	0.0	18.0		0.0		0.0	0.0						
PB.161551.604	Patient24	0	0	0	1	0	0	0	1	0	1661		602.0469596628537		16.0		602.0469596628537		1023.0107634617355	SRSF6	0.0	41.0		0.024390243902439025		0.0	0.0						
PB.161551.604	Patient25	0	0	0	1	0	1	0	2	0	1946		1027.749229188078		13.0		602.0469596628537		1023.0107634617355	SRSF6	0.0	346.0		0.005780346820809248	-1.0	0.0	0.0						
PB.161551.604	Patient26	0	0	0	2	0	2	0	4	0	1469		2722.940776038121		4.0		602.0469596628537		1023.0107634617355	SRSF6	0.0	201.0		0.01990049751243781	-1.0	0.0	0.0						
PB.161551.604	Patient27	0	0	0	0	0	0	0	0	0	1439		0.0		24.0		602.0469596628537		1023.0107634617355	SRSF6	0.0	45.0		0.0		0.0	0.0						
PB.161551.604	Patient28	0	0	0	1	1	0	0	2	0	1202		1663.8935108153078		7.0		602.0469596628537		1023.0107634617355	SRSF6	0.0	165.0		0.012121212121212121	1.0	0.0	0.0						
PB.161551.604	Patient29	0	0	0	2	0	4	0	6	0	1857		3231.0177705977385		3.0		602.0469596628537		1023.0107634617355	SRSF6	0.0	35.0		0.17142857142857143	-1.0	0.0	0.0						
PB.161551.604	Patient3	0	0	0	0	0	0	0	0	0	2019		0.0		24.0		602.0469596628537		1023.0107634617355	SRSF6	0.0	172.0		0.0		0.0	0.0						
PB.161551.604	Patient30	0	0	0	2	5	3	0	10	0	1808		5530.973451327433		1.0		602.0469596628537		1023.0107634617355	SRSF6	0.0	127.0		0.07874015748031496	0.25	0.0	0.0						
PB.161551.604	Patient31	0	0	0	0	1	1	0	2	0	1858		1076.426264800861		12.0		602.0469596628537		1023.0107634617355	SRSF6	0.0	125.0		0.016	0.0	0.0	0.0						
PB.161551.604	Patient4	0	0	0	2	0	0	0	2	0	1450		1379.310344827586		11.0		602.0469596628537		1023.0107634617355	SRSF6	0.0	100.0		0.02		0.0	0.0						
PB.161551.604	Patient5	0	0	0	0	0	0	0	0	0	1596		0.0		24.0		602.0469596628537		1023.0107634617355	SRSF6	0.0	354.0		0.0		0.0	0.0						
PB.161551.604	Patient6	0	0	0	0	0	0	0	0	0	1602		0.0		24.0		602.0469596628537		1023.0107634617355	SRSF6	0.0	77.0		0.0		0.0	0.0						
PB.161551.604	Patient7	0	0	0	0	0	0	0	0	0	1726		0.0		24.0		602.0469596628537		1023.0107634617355	SRSF6	0.0	262.0		0.0		0.0	0.0						
PB.161551.604	Patient8	0	0	0	0	1	0	0	1	0	1359		735.8351729212657		14.0		602.0469596628537		1023.0107634617355	SRSF6	0.0	217.0		0.004608294930875576	1.0	0.0	0.0						
PB.161551.604	Patient9	0	0	0	0	0	0	0	0	0	1722		0.0		24.0		602.0469596628537		1023.0107634617355	SRSF6	0.0	3.0		0.0		0.0	0.0						
PB.161551.620	Patient1	0	0	0	0	0	0	0	0	0	1717		0.0		25.5		580.7200929152149		1807.8682643669024	SRSF6	0.0	95.0		0.0		0.0	0.0						
PB.161551.620	Patient10	0	0	0	2	4	4	0	10	0	1394		7173.601147776184		2.0		580.7200929152149		1807.8682643669024	SRSF6	0.0	248.0		0.04032258064516129	0.0	0.0	0.0						
PB.161551.620	Patient11	0	0	0	6	4	4	0	14	0	1367		10241.40453547915		1.0		580.7200929152149		1807.8682643669024	SRSF6	0.0	299.0		0.046822742474916385	0.0	0.0	0.0						
PB.161551.620	Patient12	0	0	0	1	6	1	0	8	0	1791		4466.7783361250695		4.0		580.7200929152149		1807.8682643669024	SRSF6	0.0	223.0		0.03587443946188341	0.7142857142857143	0.0	0.0						
PB.161551.620	Patient13	0	0	0	2	3	2	0	7	0	2218		3155.9963931469792		8.0		580.7200929152149		1807.8682643669024	SRSF6	0.0	387.0		0.01808785529715762	0.2	0.0	0.0						
PB.161551.620	Patient14	0	0	0	0	0	0	0	0	0	1708		0.0		25.5		580.7200929152149		1807.8682643669024	SRSF6	0.0	44.0		0.0		0.0	0.0						
PB.161551.620	Patient15	0	0	0	0	1	0	0	1	0	2573		388.65137971239795		19.0		580.7200929152149		1807.8682643669024	SRSF6	0.0	294.0		0.003401360544217687	1.0	0.0	0.0						
PB.161551.620	Patient16	0	0	0	0	0	0	0	0	0	1271		0.0		25.5		580.7200929152149		1807.8682643669024	SRSF6	0.0	54.0		0.0		0.0	0.0						
PB.161551.620	Patient17	0	0	0	0	0	0	0	0	0	1227		0.0		25.5		580.7200929152149		1807.8682643669024	SRSF6	0.0	25.0		0.0		0.0	0.0						
PB.161551.620	Patient18	0	0	0	0	1	2	0	3	0	1387		2162.9416005767844		10.0		580.7200929152149		1807.8682643669024	SRSF6	0.0	82.0		0.036585365853658534	-0.3333333333333333	0.0	0.0						
PB.161551.620	Patient19	0	0	0	2	0	0	0	2	0	1548		1291.9896640826873		13.0		580.7200929152149		1807.8682643669024	SRSF6	0.0	31.0		0.06451612903225806		0.0	0.0						
PB.161551.620	Patient2	0	0	0	0	0	0	0	0	0	1085		0.0		25.5		580.7200929152149		1807.8682643669024	SRSF6	0.0	62.0		0.0		0.0	0.0						
PB.161551.620	Patient20	0	0	0	4	1	2	0	7	0	1738		4027.6179516685847		5.0		580.7200929152149		1807.8682643669024	SRSF6	0.0	81.0		0.08641975308641975	-0.3333333333333333	0.0	0.0						
PB.161551.620	Patient21	0	0	0	0	0	0	0	0	0	1328		0.0		25.5		580.7200929152149		1807.8682643669024	SRSF6	0.0	122.0		0.0		0.0	0.0						
PB.161551.620	Patient22	0	0	0	0	0	1	0	1	0	2106		474.8338081671415		18.0		580.7200929152149		1807.8682643669024	SRSF6	0.0	43.0		0.023255813953488372	-1.0	0.0	0.0						
PB.161551.620	Patient23	0	0	0	0	0	2	0	2	0	1159		1725.625539257981		12.0		580.7200929152149		1807.8682643669024	SRSF6	0.0	18.0		0.1111111111111111	-1.0	0.0	0.0						
PB.161551.620	Patient24	0	0	0	3	1	1	0	5	0	1661		3010.2347983142686		9.0		580.7200929152149		1807.8682643669024	SRSF6	0.0	41.0		0.12195121951219512	0.0	0.0	0.0						
PB.161551.620	Patient25	0	0	0	0	0	0	0	0	0	1946		0.0		25.5		580.7200929152149		1807.8682643669024	SRSF6	0.0	346.0		0.0		0.0	0.0						
PB.161551.620	Patient26	0	0	0	2	2	1	0	5	0	1469		3403.6759700476514		7.0		580.7200929152149		1807.8682643669024	SRSF6	0.0	201.0		0.024875621890547265	0.3333333333333333	0.0	0.0						
PB.161551.620	Patient27	0	0	0	0	0	0	0	0	0	1439		0.0		25.5		580.7200929152149		1807.8682643669024	SRSF6	0.0	45.0		0.0		0.0	0.0						
PB.161551.620	Patient28	0	0	0	4	3	1	0	8	0	1202		6655.574043261231		3.0		580.7200929152149		1807.8682643669024	SRSF6	0.0	165.0		0.048484848484848485	0.5	0.0	0.0						
PB.161551.620	Patient29	0	0	0	0	0	0	0	0	0	1857		0.0		25.5		580.7200929152149		1807.8682643669024	SRSF6	0.0	35.0		0.0		0.0	0.0						
PB.161551.620	Patient3	0	0	0	0	0	0	0	0	0	2019		0.0		25.5		580.7200929152149		1807.8682643669024	SRSF6	0.0	172.0		0.0		0.0	0.0						
PB.161551.620	Patient30	0	0	0	0	1	0	0	1	0	1808		553.0973451327434		17.0		580.7200929152149		1807.8682643669024	SRSF6	0.0	127.0		0.007874015748031496	1.0	0.0	0.0						
PB.161551.620	Patient31	0	0	0	0	0	0	0	0	0	1858		0.0		25.5		580.7200929152149		1807.8682643669024	SRSF6	0.0	125.0		0.0		0.0	0.0						
PB.161551.620	Patient4	0	0	0	1	0	0	0	1	0	1450		689.655172413793		14.0		580.7200929152149		1807.8682643669024	SRSF6	0.0	100.0		0.01		0.0	0.0						
PB.161551.620	Patient5	0	0	0	0	0	0	0	0	0	1596		0.0		25.5		580.7200929152149		1807.8682643669024	SRSF6	0.0	354.0		0.0		0.0	0.0						
PB.161551.620	Patient6	0	0	0	0	1	0	0	1	0	1602		624.2197253433209		15.0		580.7200929152149		1807.8682643669024	SRSF6	0.0	77.0		0.012987012987012988	1.0	0.0	0.0						
PB.161551.620	Patient7	0	0	0	2	0	1	0	3	0	1726		1738.1228273464658		11.0		580.7200929152149		1807.8682643669024	SRSF6	0.0	262.0		0.011450381679389313	-1.0	0.0	0.0						
PB.161551.620	Patient8	0	0	0	1	2	2	0	5	0	1359		3679.175864606328		6.0		580.7200929152149		1807.8682643669024	SRSF6	0.0	217.0		0.02304147465437788	0.0	0.0	0.0						
PB.161551.620	Patient9	0	0	0	1	0	0	0	1	0	1722		580.7200929152149		16.0		580.7200929152149		1807.8682643669024	SRSF6	0.0	3.0		0.3333333333333333		0.0	0.0						
PB.59138.479	Patient1	0	0	0	208	208	204	0	620	0	1717		361094.93302271405		10.0		342731.82957393484		326621.0361678374	HARS1	0.0	643.0		0.9642301710730948	0.009708737864077669	0.2421712311638893	-0.5805120113549639						Charcot-Marie-Tooth disease, axonal, type 2W, 616625 (3), Autosomal dominant; Usher syndrome type 3B, 614504 (3), Autosomal recessive
PB.59138.479	Patient10	0	0	0	139	136	97	0	372	0	1394		266857.962697274		26.0		342731.82957393484		326621.0361678374	HARS1	0.0	402.0		0.9253731343283582	0.16738197424892703	3.8009360541306414	3.6893832317223563						Charcot-Marie-Tooth disease, axonal, type 2W, 616625 (3), Autosomal dominant; Usher syndrome type 3B, 614504 (3), Autosomal recessive
PB.59138.479	Patient11	0	0	0	75	73	73	0	221	0	1367		161667.88588149232		30.0		342731.82957393484		326621.0361678374	HARS1	0.0	252.0		0.876984126984127	0.0	0.0	-0.8652113186151658						Charcot-Marie-Tooth disease, axonal, type 2W, 616625 (3), Autosomal dominant; Usher syndrome type 3B, 614504 (3), Autosomal recessive
PB.59138.479	Patient12	0	0	0	157	158	161	0	476	0	1791		265773.3109994416		27.0		342731.82957393484		326621.0361678374	HARS1	0.0	520.0		0.9153846153846154	-0.009404388714733543	0.2242960618664777	-0.6015262676383121						Charcot-Marie-Tooth disease, axonal, type 2W, 616625 (3), Autosomal dominant; Usher syndrome type 3B, 614504 (3), Autosomal recessive
PB.59138.479	Patient13	0	0	0	179	169	167	0	515	0	2218		232191.16321009918		28.0		342731.82957393484		326621.0361678374	HARS1	0.0	548.0		0.9397810218978102	0.005952380952380952	0.14328634363028986	-0.6967622316805424						Charcot-Marie-Tooth disease, axonal, type 2W, 616625 (3), Autosomal dominant; Usher syndrome type 3B, 614504 (3), Autosomal recessive
PB.59138.479	Patient14	0	0	0	150	155	152	0	457	0	1708		267564.4028103045		25.0		342731.82957393484		326621.0361678374	HARS1	0.0	464.0		0.9849137931034483	0.009771986970684038	0.23145743294708418	-0.5931072767619675						Charcot-Marie-Tooth disease, axonal, type 2W, 616625 (3), Autosomal dominant; Usher syndrome type 3B, 614504 (3), Autosomal recessive
PB.59138.479	Patient15	0	0	0	309	311	325	0	945	0	2573		367275.5538282161		9.0		342731.82957393484		326621.0361678374	HARS1	0.0	988.0		0.9564777327935222	-0.0220125786163522	0.5897470241238079	-0.17189787911257273						Charcot-Marie-Tooth disease, axonal, type 2W, 616625 (3), Autosomal dominant; Usher syndrome type 3B, 614504 (3), Autosomal recessive
PB.59138.479	Patient16	0	0	0	189	208	225	0	622	0	1271		489378.4421715185		1.0		342731.82957393484		326621.0361678374	HARS1	0.0	647.0		0.9613601236476044	-0.03926096997690531	0.9881012571154401	0.38258203036219635						Charcot-Marie-Tooth disease, axonal, type 2W, 616625 (3), Autosomal dominant; Usher syndrome type 3B, 614504 (3), Autosomal recessive
PB.59138.479	Patient17	0	0	0	189	156	178	0	523	0	1227		426242.8687856561		4.0		342731.82957393484		326621.0361678374	HARS1	0.0	543.0		0.9631675874769797	-0.0658682634730539	1.586155171482363	1.0856611463505355						Charcot-Marie-Tooth disease, axonal, type 2W, 616625 (3), Autosomal dominant; Usher syndrome type 3B, 614504 (3), Autosomal recessive
PB.59138.479	Patient18	0	0	0	189	191	176	0	556	0	1387		400865.1766402307		6.0		342731.82957393484		326621.0361678374	HARS1	0.0	594.0		0.936026936026936	0.04087193460490463	0.9998385311799887	0.3963805058427075						Charcot-Marie-Tooth disease, axonal, type 2W, 616625 (3), Autosomal dominant; Usher syndrome type 3B, 614504 (3), Autosomal recessive
PB.59138.479	Patient19	0	0	0	174	201	182	0	557	0	1548		359819.1214470284		11.0		342731.82957393484		326621.0361678374	HARS1	0.0	582.0		0.9570446735395189	0.04960835509138381	1.2229210064377571	0.6586388503311842						Charcot-Marie-Tooth disease, axonal, type 2W, 616625 (3), Autosomal dominant; Usher syndrome type 3B, 614504 (3), Autosomal recessive
PB.59138.479	Patient2	0	0	0	24	26	19	0	69	0	1085		63594.47004608294		31.0		342731.82957393484		326621.0361678374	HARS1	0.0	71.0		0.971830985915493	0.15555555555555556	2.377749461434345	2.0162685719201896					2.0	Charcot-Marie-Tooth disease, axonal, type 2W, 616625 (3), Autosomal dominant; Usher syndrome type 3B, 614504 (3), Autosomal recessive
PB.59138.479	Patient20	0	0	0	267	251	220	0	738	0	1738		424626.0069044879		5.0		342731.82957393484		326621.0361678374	HARS1	0.0	781.0		0.9449423815620999	0.06581740976645435	1.6815920701935232	1.1978578710380416						Charcot-Marie-Tooth disease, axonal, type 2W, 616625 (3), Autosomal dominant; Usher syndrome type 3B, 614504 (3), Autosomal recessive
PB.59138.479	Patient21	0	0	0	151	143	131	0	425	0	1328		320030.1204819277		19.0		342731.82957393484		326621.0361678374	HARS1	0.0	461.0		0.9219088937093276	0.043795620437956206	1.0165531105174235	0.41603035911240893						Charcot-Marie-Tooth disease, axonal, type 2W, 616625 (3), Autosomal dominant; Usher syndrome type 3B, 614504 (3), Autosomal recessive
PB.59138.479	Patient22	0	0	0	270	228	226	0	724	0	2106		343779.67711301043		15.0		342731.82957393484		326621.0361678374	HARS1	0.0	738.0		0.981029810298103	0.004405286343612335	0.11170262618566722	-0.7338924161123207						Charcot-Marie-Tooth disease, axonal, type 2W, 616625 (3), Autosomal dominant; Usher syndrome type 3B, 614504 (3), Autosomal recessive
PB.59138.479	Patient23	0	0	0	187	154	182	0	523	0	1159		451251.078515962		3.0		342731.82957393484		326621.0361678374	HARS1	0.0	545.0		0.9596330275229358	-0.08333333333333333	2.0105930805179506	1.5846352734450284					2.0	Charcot-Marie-Tooth disease, axonal, type 2W, 616625 (3), Autosomal dominant; Usher syndrome type 3B, 614504 (3), Autosomal recessive
PB.59138.479	Patient24	0	0	0	221	265	266	0	752	0	1661		452739.313666466		2.0		342731.82957393484		326621.0361678374	HARS1	0.0	805.0		0.9341614906832298	-0.0018832391713747645	0.049006042619832026	-0.8075992467006942						Charcot-Marie-Tooth disease, axonal, type 2W, 616625 (3), Autosomal dominant; Usher syndrome type 3B, 614504 (3), Autosomal recessive
PB.59138.479	Patient25	0	0	0	215	251	233	0	699	0	1946		359198.3556012333		12.0		342731.82957393484		326621.0361678374	HARS1	0.0	738.0		0.9471544715447154	0.0371900826446281	0.9535620817166945	0.34197737529188876						Charcot-Marie-Tooth disease, axonal, type 2W, 616625 (3), Autosomal dominant; Usher syndrome type 3B, 614504 (3), Autosomal recessive
PB.59138.479	Patient26	0	0	0	196	163	164	0	523	0	1469		356024.50646698434		13.0		342731.82957393484		326621.0361678374	HARS1	0.0	547.0		0.9561243144424132	-0.0030581039755351682	0.07325884871084352	-0.7790873666559741						Charcot-Marie-Tooth disease, axonal, type 2W, 616625 (3), Autosomal dominant; Usher syndrome type 3B, 614504 (3), Autosomal recessive
PB.59138.479	Patient27	0	0	0	170	162	173	0	505	0	1439		350938.1514940931		14.0		342731.82957393484		326621.0361678374	HARS1	0.0	534.0		0.9456928838951311	-0.03283582089552239	0.7902799140335511	0.1500209657550539						Charcot-Marie-Tooth disease, axonal, type 2W, 616625 (3), Autosomal dominant; Usher syndrome type 3B, 614504 (3), Autosomal recessive
PB.59138.479	Patient28	0	0	0	87	81	67	0	235	0	1202		195507.48752079866		29.0		342731.82957393484		326621.0361678374	HARS1	0.0	246.0		0.9552845528455285	0.0945945945945946	1.9471952278614908	1.5101040227827085						Charcot-Marie-Tooth disease, axonal, type 2W, 616625 (3), Autosomal dominant; Usher syndrome type 3B, 614504 (3), Autosomal recessive
PB.59138.479	Patient29	0	0	0	174	164	167	0	505	0	1857		271943.9956919763		23.0		342731.82957393484		326621.0361678374	HARS1	0.0	544.0		0.9283088235294118	-0.00906344410876133	0.21759776470404665	-0.6094008634472441						Charcot-Marie-Tooth disease, axonal, type 2W, 616625 (3), Autosomal dominant; Usher syndrome type 3B, 614504 (3), Autosomal recessive
PB.59138.479	Patient3	0	0	0	285	263	260	0	808	0	2019		400198.1178801387		7.0		342731.82957393484		326621.0361678374	HARS1	0.0	838.0		0.964200477326969	0.0057361376673040155	0.1488987486051352	-0.6901642233179354						Charcot-Marie-Tooth disease, axonal, type 2W, 616625 (3), Autosomal dominant; Usher syndrome type 3B, 614504 (3), Autosomal recessive
PB.59138.479	Patient30	0	0	0	181	160	147	0	488	0	1808		269911.50442477874		24.0		342731.82957393484		326621.0361678374	HARS1	0.0	512.0		0.953125	0.04234527687296417	1.0035430604083884	0.40073559335653697						Charcot-Marie-Tooth disease, axonal, type 2W, 616625 (3), Autosomal dominant; Usher syndrome type 3B, 614504 (3), Autosomal recessive
PB.59138.479	Patient31	0	0	0	175	167	166	0	508	0	1858		273412.27125941875		22.0		342731.82957393484		326621.0361678374	HARS1	0.0	537.0		0.9459962756052142	0.003003003003003003	0.07217267774803589	-0.7803642818336824						Charcot-Marie-Tooth disease, axonal, type 2W, 616625 (3), Autosomal dominant; Usher syndrome type 3B, 614504 (3), Autosomal recessive
PB.59138.479	Patient4	0	0	0	143	147	146	0	436	0	1450		300689.6551724138		20.0		342731.82957393484		326621.0361678374	HARS1	0.0	453.0		0.9624724061810155	0.0034129692832764505	0.0801530871832857	-0.7709824199711113						Charcot-Marie-Tooth disease, axonal, type 2W, 616625 (3), Autosomal dominant; Usher syndrome type 3B, 614504 (3), Autosomal recessive
PB.59138.479	Patient5	0	0	0	182	188	177	0	547	0	1596		342731.82957393484		16.0		342731.82957393484		326621.0361678374	HARS1	0.0	559.0		0.9785330948121646	0.030136986301369864	0.7363431529102239	0.08661228399764793						Charcot-Marie-Tooth disease, axonal, type 2W, 616625 (3), Autosomal dominant; Usher syndrome type 3B, 614504 (3), Autosomal recessive
PB.59138.479	Patient6	0	0	0	198	229	210	0	637	0	1602		397627.9650436954		8.0		342731.82957393484		326621.0361678374	HARS1	0.0	657.0		0.969558599695586	0.04328018223234624	1.091912582927461	0.5046238286484845					2.0	Charcot-Marie-Tooth disease, axonal, type 2W, 616625 (3), Autosomal dominant; Usher syndrome type 3B, 614504 (3), Autosomal recessive
PB.59138.479	Patient7	0	0	0	177	209	197	0	583	0	1726		337775.20278099657		17.0		342731.82957393484		326621.0361678374	HARS1	0.0	605.0		0.9636363636363636	0.029556650246305417	0.7355908132266646	0.08528559511492481						Charcot-Marie-Tooth disease, axonal, type 2W, 616625 (3), Autosomal dominant; Usher syndrome type 3B, 614504 (3), Autosomal recessive
PB.59138.479	Patient8	0	0	0	138	131	125	0	394	0	1359		289919.05813097866		21.0		342731.82957393484		326621.0361678374	HARS1	0.0	410.0		0.9609756097560975	0.0234375	0.5369135668682963	-0.23400950405049198						Charcot-Marie-Tooth disease, axonal, type 2W, 616625 (3), Autosomal dominant; Usher syndrome type 3B, 614504 (3), Autosomal recessive
PB.59138.479	Patient9	0	0	0	200	176	183	0	559	0	1722		324622.53193960513		18.0		342731.82957393484		326621.0361678374	HARS1	0.0	592.0		0.9442567567567568	-0.019498607242339833	0.47494902277510287	-0.30685574054704623						Charcot-Marie-Tooth disease, axonal, type 2W, 616625 (3), Autosomal dominant; Usher syndrome type 3B, 614504 (3), Autosomal recessive
PB.59138.482	Patient1	0	0	0	1	0	0	0	1	0	1717		582.4111822947001		11.0		0.0		797.0790902521202	HARS1	0.0	643.0		0.0015552099533437014		0.0	0.0						Charcot-Marie-Tooth disease, axonal, type 2W, 616625 (3), Autosomal dominant; Usher syndrome type 3B, 614504 (3), Autosomal recessive
PB.59138.482	Patient10	0	0	0	0	0	0	0	0	0	1394		0.0		22.0		0.0		797.0790902521202	HARS1	0.0	402.0		0.0		0.0	0.0						Charcot-Marie-Tooth disease, axonal, type 2W, 616625 (3), Autosomal dominant; Usher syndrome type 3B, 614504 (3), Autosomal recessive
PB.59138.482	Patient11	0	0	0	0	0	0	0	0	0	1367		0.0		22.0		0.0		797.0790902521202	HARS1	0.0	252.0		0.0		0.0	0.0						Charcot-Marie-Tooth disease, axonal, type 2W, 616625 (3), Autosomal dominant; Usher syndrome type 3B, 614504 (3), Autosomal recessive
PB.59138.482	Patient12	0	0	0	0	0	0	0	0	0	1791		0.0		22.0		0.0		797.0790902521202	HARS1	0.0	520.0		0.0		0.0	0.0						Charcot-Marie-Tooth disease, axonal, type 2W, 616625 (3), Autosomal dominant; Usher syndrome type 3B, 614504 (3), Autosomal recessive
PB.59138.482	Patient13	0	0	0	0	0	0	0	0	0	2218		0.0		22.0		0.0		797.0790902521202	HARS1	0.0	548.0		0.0		0.0	0.0						Charcot-Marie-Tooth disease, axonal, type 2W, 616625 (3), Autosomal dominant; Usher syndrome type 3B, 614504 (3), Autosomal recessive
PB.59138.482	Patient14	0	0	0	0	0	0	0	0	0	1708		0.0		22.0		0.0		797.0790902521202	HARS1	0.0	464.0		0.0		0.0	0.0						Charcot-Marie-Tooth disease, axonal, type 2W, 616625 (3), Autosomal dominant; Usher syndrome type 3B, 614504 (3), Autosomal recessive
PB.59138.482	Patient15	0	0	0	0	0	0	0	0	0	2573		0.0		22.0		0.0		797.0790902521202	HARS1	0.0	988.0		0.0		0.0	0.0						Charcot-Marie-Tooth disease, axonal, type 2W, 616625 (3), Autosomal dominant; Usher syndrome type 3B, 614504 (3), Autosomal recessive
PB.59138.482	Patient16	0	0	0	2	1	0	0	3	0	1271		2360.3461841070025		6.0		0.0		797.0790902521202	HARS1	0.0	647.0		0.00463678516228748	1.0	0.0	0.0						Charcot-Marie-Tooth disease, axonal, type 2W, 616625 (3), Autosomal dominant; Usher syndrome type 3B, 614504 (3), Autosomal recessive
PB.59138.482	Patient17	0	0	0	0	0	0	0	0	0	1227		0.0		22.0		0.0		797.0790902521202	HARS1	0.0	543.0		0.0		0.0	0.0						Charcot-Marie-Tooth disease, axonal, type 2W, 616625 (3), Autosomal dominant; Usher syndrome type 3B, 614504 (3), Autosomal recessive
PB.59138.482	Patient18	0	0	0	0	0	0	0	0	0	1387		0.0		22.0		0.0		797.0790902521202	HARS1	0.0	594.0		0.0		0.0	0.0						Charcot-Marie-Tooth disease, axonal, type 2W, 616625 (3), Autosomal dominant; Usher syndrome type 3B, 614504 (3), Autosomal recessive
PB.59138.482	Patient19	0	0	0	0	0	0	0	0	0	1548		0.0		22.0		0.0		797.0790902521202	HARS1	0.0	582.0		0.0		0.0	0.0						Charcot-Marie-Tooth disease, axonal, type 2W, 616625 (3), Autosomal dominant; Usher syndrome type 3B, 614504 (3), Autosomal recessive
PB.59138.482	Patient2	0	0	0	0	0	0	0	0	0	1085		0.0		22.0		0.0		797.0790902521202	HARS1	0.0	71.0		0.0		0.0	0.0						Charcot-Marie-Tooth disease, axonal, type 2W, 616625 (3), Autosomal dominant; Usher syndrome type 3B, 614504 (3), Autosomal recessive
PB.59138.482	Patient20	0	0	0	1	1	2	0	4	0	1738		2301.4959723820484		7.0		0.0		797.0790902521202	HARS1	0.0	781.0		0.005121638924455826	-0.3333333333333333	0.0	0.0						Charcot-Marie-Tooth disease, axonal, type 2W, 616625 (3), Autosomal dominant; Usher syndrome type 3B, 614504 (3), Autosomal recessive
PB.59138.482	Patient21	0	0	0	1	0	3	0	4	0	1328		3012.0481927710844		3.0		0.0		797.0790902521202	HARS1	0.0	461.0		0.008676789587852495	-1.0	0.0	0.0						Charcot-Marie-Tooth disease, axonal, type 2W, 616625 (3), Autosomal dominant; Usher syndrome type 3B, 614504 (3), Autosomal recessive
PB.59138.482	Patient22	0	0	0	0	0	1	0	1	0	2106		474.8338081671415		12.0		0.0		797.0790902521202	HARS1	0.0	738.0		0.0013550135501355014	-1.0	0.0	0.0						Charcot-Marie-Tooth disease, axonal, type 2W, 616625 (3), Autosomal dominant; Usher syndrome type 3B, 614504 (3), Autosomal recessive
PB.59138.482	Patient23	0	0	0	0	0	0	0	0	0	1159		0.0		22.0		0.0		797.0790902521202	HARS1	0.0	545.0		0.0		0.0	0.0						Charcot-Marie-Tooth disease, axonal, type 2W, 616625 (3), Autosomal dominant; Usher syndrome type 3B, 614504 (3), Autosomal recessive
PB.59138.482	Patient24	0	0	0	2	1	1	0	4	0	1661		2408.187838651415		5.0		0.0		797.0790902521202	HARS1	0.0	805.0		0.004968944099378882	0.0	0.0	0.0						Charcot-Marie-Tooth disease, axonal, type 2W, 616625 (3), Autosomal dominant; Usher syndrome type 3B, 614504 (3), Autosomal recessive
PB.59138.482	Patient25	0	0	0	3	1	2	0	6	0	1946		3083.247687564234		2.0		0.0		797.0790902521202	HARS1	0.0	738.0		0.008130081300813009	-0.3333333333333333	0.0	0.0						Charcot-Marie-Tooth disease, axonal, type 2W, 616625 (3), Autosomal dominant; Usher syndrome type 3B, 614504 (3), Autosomal recessive
PB.59138.482	Patient26	0	0	0	0	0	0	0	0	0	1469		0.0		22.0		0.0		797.0790902521202	HARS1	0.0	547.0		0.0		0.0	0.0						Charcot-Marie-Tooth disease, axonal, type 2W, 616625 (3), Autosomal dominant; Usher syndrome type 3B, 614504 (3), Autosomal recessive
PB.59138.482	Patient27	0	0	0	1	0	0	0	1	0	1439		694.9270326615705		10.0		0.0		797.0790902521202	HARS1	0.0	534.0		0.0018726591760299626		0.0	0.0						Charcot-Marie-Tooth disease, axonal, type 2W, 616625 (3), Autosomal dominant; Usher syndrome type 3B, 614504 (3), Autosomal recessive
PB.59138.482	Patient28	0	0	0	1	0	0	0	1	0	1202		831.9467554076539		9.0		0.0		797.0790902521202	HARS1	0.0	246.0		0.0040650406504065045		0.0	0.0						Charcot-Marie-Tooth disease, axonal, type 2W, 616625 (3), Autosomal dominant; Usher syndrome type 3B, 614504 (3), Autosomal recessive
PB.59138.482	Patient29	0	0	0	0	0	0	0	0	0	1857		0.0		22.0		0.0		797.0790902521202	HARS1	0.0	544.0		0.0		0.0	0.0						Charcot-Marie-Tooth disease, axonal, type 2W, 616625 (3), Autosomal dominant; Usher syndrome type 3B, 614504 (3), Autosomal recessive
PB.59138.482	Patient3	0	0	0	5	5	0	0	10	0	2019		4952.947003467063		1.0		0.0		797.0790902521202	HARS1	0.0	838.0		0.011933174224343675	1.0	0.0	0.0						Charcot-Marie-Tooth disease, axonal, type 2W, 616625 (3), Autosomal dominant; Usher syndrome type 3B, 614504 (3), Autosomal recessive
PB.59138.482	Patient30	0	0	0	0	0	0	0	0	0	1808		0.0		22.0		0.0		797.0790902521202	HARS1	0.0	512.0		0.0		0.0	0.0						Charcot-Marie-Tooth disease, axonal, type 2W, 616625 (3), Autosomal dominant; Usher syndrome type 3B, 614504 (3), Autosomal recessive
PB.59138.482	Patient31	0	0	0	0	0	0	0	0	0	1858		0.0		22.0		0.0		797.0790902521202	HARS1	0.0	537.0		0.0		0.0	0.0						Charcot-Marie-Tooth disease, axonal, type 2W, 616625 (3), Autosomal dominant; Usher syndrome type 3B, 614504 (3), Autosomal recessive
PB.59138.482	Patient4	0	0	0	1	1	2	0	4	0	1450		2758.620689655172		4.0		0.0		797.0790902521202	HARS1	0.0	453.0		0.008830022075055188	-0.3333333333333333	0.0	0.0						Charcot-Marie-Tooth disease, axonal, type 2W, 616625 (3), Autosomal dominant; Usher syndrome type 3B, 614504 (3), Autosomal recessive
PB.59138.482	Patient5	0	0	0	0	0	0	0	0	0	1596		0.0		22.0		0.0		797.0790902521202	HARS1	0.0	559.0		0.0		0.0	0.0						Charcot-Marie-Tooth disease, axonal, type 2W, 616625 (3), Autosomal dominant; Usher syndrome type 3B, 614504 (3), Autosomal recessive
PB.59138.482	Patient6	0	0	0	0	1	1	0	2	0	1602		1248.4394506866417		8.0		0.0		797.0790902521202	HARS1	0.0	657.0		0.0030441400304414	0.0	0.0	0.0						Charcot-Marie-Tooth disease, axonal, type 2W, 616625 (3), Autosomal dominant; Usher syndrome type 3B, 614504 (3), Autosomal recessive
PB.59138.482	Patient7	0	0	0	0	0	0	0	0	0	1726		0.0		22.0		0.0		797.0790902521202	HARS1	0.0	605.0		0.0		0.0	0.0						Charcot-Marie-Tooth disease, axonal, type 2W, 616625 (3), Autosomal dominant; Usher syndrome type 3B, 614504 (3), Autosomal recessive
PB.59138.482	Patient8	0	0	0	0	0	0	0	0	0	1359		0.0		22.0		0.0		797.0790902521202	HARS1	0.0	410.0		0.0		0.0	0.0						Charcot-Marie-Tooth disease, axonal, type 2W, 616625 (3), Autosomal dominant; Usher syndrome type 3B, 614504 (3), Autosomal recessive
PB.59138.482	Patient9	0	0	0	0	0	0	0	0	0	1722		0.0		22.0		0.0		797.0790902521202	HARS1	0.0	592.0		0.0		0.0	0.0						Charcot-Marie-Tooth disease, axonal, type 2W, 616625 (3), Autosomal dominant; Usher syndrome type 3B, 614504 (3), Autosomal recessive
PB.59138.483	Patient1	0	0	0	3	6	1	0	10	0	1717		5824.111822947		20.0		6866.4169787765295		7679.858053412392	HARS1	0.0	643.0		0.015552099533437015	0.7142857142857143	0.0	0.0						Charcot-Marie-Tooth disease, axonal, type 2W, 616625 (3), Autosomal dominant; Usher syndrome type 3B, 614504 (3), Autosomal recessive
PB.59138.483	Patient10	0	0	0	2	2	2	0	6	0	1394		4304.16068866571		24.0		6866.4169787765295		7679.858053412392	HARS1	0.0	402.0		0.014925373134328358	0.0	0.0	0.0						Charcot-Marie-Tooth disease, axonal, type 2W, 616625 (3), Autosomal dominant; Usher syndrome type 3B, 614504 (3), Autosomal recessive
PB.59138.483	Patient11	0	0	0	3	3	2	0	8	0	1367		5852.231163130944		19.0		6866.4169787765295		7679.858053412392	HARS1	0.0	252.0		0.031746031746031744	0.2	0.0	0.0						Charcot-Marie-Tooth disease, axonal, type 2W, 616625 (3), Autosomal dominant; Usher syndrome type 3B, 614504 (3), Autosomal recessive
PB.59138.483	Patient12	0	0	0	3	0	3	0	6	0	1791		3350.0837520938026		27.0		6866.4169787765295		7679.858053412392	HARS1	0.0	520.0		0.011538461538461539	-1.0	0.0	0.0						Charcot-Marie-Tooth disease, axonal, type 2W, 616625 (3), Autosomal dominant; Usher syndrome type 3B, 614504 (3), Autosomal recessive
PB.59138.483	Patient13	0	0	0	5	1	4	0	10	0	2218		4508.566275924256		23.0		6866.4169787765295		7679.858053412392	HARS1	0.0	548.0		0.01824817518248175	-0.6	0.0	0.0						Charcot-Marie-Tooth disease, axonal, type 2W, 616625 (3), Autosomal dominant; Usher syndrome type 3B, 614504 (3), Autosomal recessive
PB.59138.483	Patient14	0	0	0	2	0	1	0	3	0	1708		1756.440281030445		30.0		6866.4169787765295		7679.858053412392	HARS1	0.0	464.0		0.00646551724137931	-1.0	0.0	0.0						Charcot-Marie-Tooth disease, axonal, type 2W, 616625 (3), Autosomal dominant; Usher syndrome type 3B, 614504 (3), Autosomal recessive
PB.59138.483	Patient15	0	0	0	7	10	11	0	28	0	2573		10882.238631947142		7.0		6866.4169787765295		7679.858053412392	HARS1	0.0	988.0		0.02834008097165992	-0.047619047619047616	0.55137148047372	0.42474759436363324						Charcot-Marie-Tooth disease, axonal, type 2W, 616625 (3), Autosomal dominant; Usher syndrome type 3B, 614504 (3), Autosomal recessive
PB.59138.483	Patient16	0	0	0	3	6	4	0	13	0	1271		10228.166797797012		9.0		6866.4169787765295		7679.858053412392	HARS1	0.0	647.0		0.02009273570324575	0.2	1.6125530151888576	1.2422260458535566	1.0	1.0	1.0	1.0	2.0	Charcot-Marie-Tooth disease, axonal, type 2W, 616625 (3), Autosomal dominant; Usher syndrome type 3B, 614504 (3), Autosomal recessive
PB.59138.483	Patient17	0	0	0	4	3	4	0	11	0	1227		8964.955175224124		13.0		6866.4169787765295		7679.858053412392	HARS1	0.0	543.0		0.020257826887661142	-0.14285714285714285	0.0	0.0						Charcot-Marie-Tooth disease, axonal, type 2W, 616625 (3), Autosomal dominant; Usher syndrome type 3B, 614504 (3), Autosomal recessive
PB.59138.483	Patient18	0	0	0	1	10	6	0	17	0	1387		12256.669069935111		5.0		6866.4169787765295		7679.858053412392	HARS1	0.0	594.0		0.02861952861952862	0.25	2.6083067863187726	2.0093023888348216					2.0	Charcot-Marie-Tooth disease, axonal, type 2W, 616625 (3), Autosomal dominant; Usher syndrome type 3B, 614504 (3), Autosomal recessive
PB.59138.483	Patient19	0	0	0	10	5	3	0	18	0	1548		11627.906976744185		6.0		6866.4169787765295		7679.858053412392	HARS1	0.0	582.0		0.030927835051546393	0.25	0.0	0.0						Charcot-Marie-Tooth disease, axonal, type 2W, 616625 (3), Autosomal dominant; Usher syndrome type 3B, 614504 (3), Autosomal recessive
PB.59138.483	Patient2	0	0	0	0	1	0	0	1	0	1085		921.6589861751152		31.0		6866.4169787765295		7679.858053412392	HARS1	0.0	71.0		0.014084507042253521	1.0	0.0	0.0						Charcot-Marie-Tooth disease, axonal, type 2W, 616625 (3), Autosomal dominant; Usher syndrome type 3B, 614504 (3), Autosomal recessive
PB.59138.483	Patient20	0	0	0	6	11	8	0	25	0	1738		14384.349827387801		3.0		6866.4169787765295		7679.858053412392	HARS1	0.0	781.0		0.03201024327784891	0.15789473684210525	1.7630492122974226	1.358160402175029					2.0	Charcot-Marie-Tooth disease, axonal, type 2W, 616625 (3), Autosomal dominant; Usher syndrome type 3B, 614504 (3), Autosomal recessive
PB.59138.483	Patient21	0	0	0	8	2	7	0	17	0	1328		12801.204819277107		4.0		6866.4169787765295		7679.858053412392	HARS1	0.0	461.0		0.0368763557483731	-0.5555555555555556	0.0	0.0						Charcot-Marie-Tooth disease, axonal, type 2W, 616625 (3), Autosomal dominant; Usher syndrome type 3B, 614504 (3), Autosomal recessive
PB.59138.483	Patient22	0	0	0	3	2	2	0	7	0	2106		3323.8366571699903		28.0		6866.4169787765295		7679.858053412392	HARS1	0.0	738.0		0.009485094850948509	0.0	0.0	0.0						Charcot-Marie-Tooth disease, axonal, type 2W, 616625 (3), Autosomal dominant; Usher syndrome type 3B, 614504 (3), Autosomal recessive
PB.59138.483	Patient23	0	0	0	3	4	4	0	11	0	1159		9490.940465918895		10.0		6866.4169787765295		7679.858053412392	HARS1	0.0	545.0		0.02018348623853211	0.0	0.0	0.0						Charcot-Marie-Tooth disease, axonal, type 2W, 616625 (3), Autosomal dominant; Usher syndrome type 3B, 614504 (3), Autosomal recessive
PB.59138.483	Patient24	0	0	0	16	3	8	0	27	0	1661		16255.26791089705		1.0		6866.4169787765295		7679.858053412392	HARS1	0.0	805.0		0.03354037267080745	-0.45454545454545453	4.047275541423821	3.117808248750137					1.0	Charcot-Marie-Tooth disease, axonal, type 2W, 616625 (3), Autosomal dominant; Usher syndrome type 3B, 614504 (3), Autosomal recessive
PB.59138.483	Patient25	0	0	0	2	4	7	0	13	0	1946		6680.369989722507		17.0		6866.4169787765295		7679.858053412392	HARS1	0.0	738.0		0.017615176151761516	-0.2727272727272727	2.345743388256288	1.8070373540180693						Charcot-Marie-Tooth disease, axonal, type 2W, 616625 (3), Autosomal dominant; Usher syndrome type 3B, 614504 (3), Autosomal recessive
PB.59138.483	Patient26	0	0	0	3	4	5	0	12	0	1469		8168.822328114363		15.0		6866.4169787765295		7679.858053412392	HARS1	0.0	547.0		0.021937842778793418	-0.1111111111111111	0.0	0.0						Charcot-Marie-Tooth disease, axonal, type 2W, 616625 (3), Autosomal dominant; Usher syndrome type 3B, 614504 (3), Autosomal recessive
PB.59138.483	Patient27	0	0	0	7	5	9	0	21	0	1439		14593.467685892982		2.0		6866.4169787765295		7679.858053412392	HARS1	0.0	534.0		0.03932584269662921	-0.2857142857142857	2.805889582335812	2.1615097848789087					2.0	Charcot-Marie-Tooth disease, axonal, type 2W, 616625 (3), Autosomal dominant; Usher syndrome type 3B, 614504 (3), Autosomal recessive
PB.59138.483	Patient28	0	0	0	0	2	4	0	6	0	1202		4991.680532445924		22.0		6866.4169787765295		7679.858053412392	HARS1	0.0	246.0		0.024390243902439025	-0.3333333333333333	0.0	0.0						Charcot-Marie-Tooth disease, axonal, type 2W, 616625 (3), Autosomal dominant; Usher syndrome type 3B, 614504 (3), Autosomal recessive
PB.59138.483	Patient29	0	0	0	3	9	4	0	16	0	1857		8616.047388260635		14.0		6866.4169787765295		7679.858053412392	HARS1	0.0	544.0		0.029411764705882353	0.38461538461538464	3.700439718141092	2.850624169058712					1.0	Charcot-Marie-Tooth disease, axonal, type 2W, 616625 (3), Autosomal dominant; Usher syndrome type 3B, 614504 (3), Autosomal recessive
PB.59138.483	Patient3	0	0	0	5	3	4	0	12	0	2019		5943.536404160475		18.0		6866.4169787765295		7679.858053412392	HARS1	0.0	838.0		0.014319809069212411	-0.14285714285714285	0.0	0.0						Charcot-Marie-Tooth disease, axonal, type 2W, 616625 (3), Autosomal dominant; Usher syndrome type 3B, 614504 (3), Autosomal recessive
PB.59138.483	Patient30	0	0	0	5	5	7	0	17	0	1808		9402.654867256639		11.0		6866.4169787765295		7679.858053412392	HARS1	0.0	512.0		0.033203125	-0.16666666666666666	1.487893871307739	1.146195196681881						Charcot-Marie-Tooth disease, axonal, type 2W, 616625 (3), Autosomal dominant; Usher syndrome type 3B, 614504 (3), Autosomal recessive
PB.59138.483	Patient31	0	0	0	5	6	6	0	17	0	1858		9149.62325080732		12.0		6866.4169787765295		7679.858053412392	HARS1	0.0	537.0		0.03165735567970205	0.0	0.0	0.0						Charcot-Marie-Tooth disease, axonal, type 2W, 616625 (3), Autosomal dominant; Usher syndrome type 3B, 614504 (3), Autosomal recessive
PB.59138.483	Patient4	0	0	0	0	2	4	0	6	0	1450		4137.931034482759		25.0		6866.4169787765295		7679.858053412392	HARS1	0.0	453.0		0.013245033112582781	-0.3333333333333333	0.0	0.0						Charcot-Marie-Tooth disease, axonal, type 2W, 616625 (3), Autosomal dominant; Usher syndrome type 3B, 614504 (3), Autosomal recessive
PB.59138.483	Patient5	0	0	0	1	0	4	0	5	0	1596		3132.832080200501		29.0		6866.4169787765295		7679.858053412392	HARS1	0.0	559.0		0.008944543828264758	-1.0	0.0	0.0						Charcot-Marie-Tooth disease, axonal, type 2W, 616625 (3), Autosomal dominant; Usher syndrome type 3B, 614504 (3), Autosomal recessive
PB.59138.483	Patient6	0	0	0	1	3	7	0	11	0	1602		6866.4169787765295		16.0		6866.4169787765295		7679.858053412392	HARS1	0.0	657.0		0.0167427701674277	-0.4	3.321928094887362	2.5590387187601844	1.0	1.0	1.0	1.0	1.0	Charcot-Marie-Tooth disease, axonal, type 2W, 616625 (3), Autosomal dominant; Usher syndrome type 3B, 614504 (3), Autosomal recessive
PB.59138.483	Patient7	0	0	0	2	2	3	0	7	0	1726		4055.6199304750867		26.0		6866.4169787765295		7679.858053412392	HARS1	0.0	605.0		0.011570247933884297	-0.2	0.0	0.0						Charcot-Marie-Tooth disease, axonal, type 2W, 616625 (3), Autosomal dominant; Usher syndrome type 3B, 614504 (3), Autosomal recessive
PB.59138.483	Patient8	0	0	0	1	4	2	0	7	0	1359		5150.84621044886		21.0		6866.4169787765295		7679.858053412392	HARS1	0.0	410.0		0.01707317073170732	0.3333333333333333	0.0	0.0						Charcot-Marie-Tooth disease, axonal, type 2W, 616625 (3), Autosomal dominant; Usher syndrome type 3B, 614504 (3), Autosomal recessive
PB.59138.483	Patient9	0	0	0	10	3	5	0	18	0	1722		10452.961672473868		8.0		6866.4169787765295		7679.858053412392	HARS1	0.0	592.0		0.030405405405405407	-0.25	0.0	0.0						Charcot-Marie-Tooth disease, axonal, type 2W, 616625 (3), Autosomal dominant; Usher syndrome type 3B, 614504 (3), Autosomal recessive
PB.59138.484	Patient1	0	0	0	1	1	2	0	4	0	1717		2329.6447291788004		8.0		645.9948320413437		1392.177547937169	HARS1	0.0	643.0		0.006220839813374806	-0.3333333333333333	0.0	0.0						Charcot-Marie-Tooth disease, axonal, type 2W, 616625 (3), Autosomal dominant; Usher syndrome type 3B, 614504 (3), Autosomal recessive
PB.59138.484	Patient10	0	0	0	0	0	0	0	0	0	1394		0.0		25.0		645.9948320413437		1392.177547937169	HARS1	0.0	402.0		0.0		0.0	0.0						Charcot-Marie-Tooth disease, axonal, type 2W, 616625 (3), Autosomal dominant; Usher syndrome type 3B, 614504 (3), Autosomal recessive
PB.59138.484	Patient11	0	0	0	0	0	0	0	0	0	1367		0.0		25.0		645.9948320413437		1392.177547937169	HARS1	0.0	252.0		0.0		0.0	0.0						Charcot-Marie-Tooth disease, axonal, type 2W, 616625 (3), Autosomal dominant; Usher syndrome type 3B, 614504 (3), Autosomal recessive
PB.59138.484	Patient12	0	0	0	1	1	1	0	3	0	1791		1675.0418760469013		12.0		645.9948320413437		1392.177547937169	HARS1	0.0	520.0		0.0057692307692307696	0.0	0.0	0.0						Charcot-Marie-Tooth disease, axonal, type 2W, 616625 (3), Autosomal dominant; Usher syndrome type 3B, 614504 (3), Autosomal recessive
PB.59138.484	Patient13	0	0	0	0	0	0	0	0	0	2218		0.0		25.0		645.9948320413437		1392.177547937169	HARS1	0.0	548.0		0.0		0.0	0.0						Charcot-Marie-Tooth disease, axonal, type 2W, 616625 (3), Autosomal dominant; Usher syndrome type 3B, 614504 (3), Autosomal recessive
PB.59138.484	Patient14	0	0	0	0	0	0	0	0	0	1708		0.0		25.0		645.9948320413437		1392.177547937169	HARS1	0.0	464.0		0.0		0.0	0.0						Charcot-Marie-Tooth disease, axonal, type 2W, 616625 (3), Autosomal dominant; Usher syndrome type 3B, 614504 (3), Autosomal recessive
PB.59138.484	Patient15	0	0	0	1	1	0	0	2	0	2573		777.3027594247959		14.0		645.9948320413437		1392.177547937169	HARS1	0.0	988.0		0.0020242914979757085	1.0	0.0	0.0						Charcot-Marie-Tooth disease, axonal, type 2W, 616625 (3), Autosomal dominant; Usher syndrome type 3B, 614504 (3), Autosomal recessive
PB.59138.484	Patient16	0	0	0	0	0	0	0	0	0	1271		0.0		25.0		645.9948320413437		1392.177547937169	HARS1	0.0	647.0		0.0		0.0	0.0						Charcot-Marie-Tooth disease, axonal, type 2W, 616625 (3), Autosomal dominant; Usher syndrome type 3B, 614504 (3), Autosomal recessive
PB.59138.484	Patient17	0	0	0	2	1	0	0	3	0	1227		2444.9877750611245		7.0		645.9948320413437		1392.177547937169	HARS1	0.0	543.0		0.0055248618784530384	1.0	0.0	0.0						Charcot-Marie-Tooth disease, axonal, type 2W, 616625 (3), Autosomal dominant; Usher syndrome type 3B, 614504 (3), Autosomal recessive
PB.59138.484	Patient18	0	0	0	4	4	2	0	10	0	1387		7209.805335255947		2.0		645.9948320413437		1392.177547937169	HARS1	0.0	594.0		0.016835016835016835	0.3333333333333333	0.0	0.0						Charcot-Marie-Tooth disease, axonal, type 2W, 616625 (3), Autosomal dominant; Usher syndrome type 3B, 614504 (3), Autosomal recessive
PB.59138.484	Patient19	0	0	0	0	0	1	0	1	0	1548		645.9948320413437		16.0		645.9948320413437		1392.177547937169	HARS1	0.0	582.0		0.001718213058419244	-1.0	0.0	0.0						Charcot-Marie-Tooth disease, axonal, type 2W, 616625 (3), Autosomal dominant; Usher syndrome type 3B, 614504 (3), Autosomal recessive
PB.59138.484	Patient2	0	0	0	0	1	0	0	1	0	1085		921.6589861751152		13.0		645.9948320413437		1392.177547937169	HARS1	0.0	71.0		0.014084507042253521	1.0	0.0	0.0						Charcot-Marie-Tooth disease, axonal, type 2W, 616625 (3), Autosomal dominant; Usher syndrome type 3B, 614504 (3), Autosomal recessive
PB.59138.484	Patient20	0	0	0	2	1	0	0	3	0	1738		1726.121979286536		11.0		645.9948320413437		1392.177547937169	HARS1	0.0	781.0		0.0038412291933418692	1.0	0.0	0.0						Charcot-Marie-Tooth disease, axonal, type 2W, 616625 (3), Autosomal dominant; Usher syndrome type 3B, 614504 (3), Autosomal recessive
PB.59138.484	Patient21	0	0	0	1	5	4	0	10	0	1328		7530.120481927711		1.0		645.9948320413437		1392.177547937169	HARS1	0.0	461.0		0.021691973969631236	0.1111111111111111	0.0	0.0						Charcot-Marie-Tooth disease, axonal, type 2W, 616625 (3), Autosomal dominant; Usher syndrome type 3B, 614504 (3), Autosomal recessive
PB.59138.484	Patient22	0	0	0	0	0	0	0	0	0	2106		0.0		25.0		645.9948320413437		1392.177547937169	HARS1	0.0	738.0		0.0		0.0	0.0						Charcot-Marie-Tooth disease, axonal, type 2W, 616625 (3), Autosomal dominant; Usher syndrome type 3B, 614504 (3), Autosomal recessive
PB.59138.484	Patient23	0	0	0	2	0	1	0	3	0	1159		2588.4383088869713		6.0		645.9948320413437		1392.177547937169	HARS1	0.0	545.0		0.005504587155963303	-1.0	0.0	0.0						Charcot-Marie-Tooth disease, axonal, type 2W, 616625 (3), Autosomal dominant; Usher syndrome type 3B, 614504 (3), Autosomal recessive
PB.59138.484	Patient24	0	0	0	0	2	3	0	5	0	1661		3010.2347983142686		4.0		645.9948320413437		1392.177547937169	HARS1	0.0	805.0		0.006211180124223602	-0.2	0.0	0.0						Charcot-Marie-Tooth disease, axonal, type 2W, 616625 (3), Autosomal dominant; Usher syndrome type 3B, 614504 (3), Autosomal recessive
PB.59138.484	Patient25	0	0	0	2	3	2	0	7	0	1946		3597.1223021582737		3.0		645.9948320413437		1392.177547937169	HARS1	0.0	738.0		0.009485094850948509	0.2	0.0	0.0						Charcot-Marie-Tooth disease, axonal, type 2W, 616625 (3), Autosomal dominant; Usher syndrome type 3B, 614504 (3), Autosomal recessive
PB.59138.484	Patient26	0	0	0	0	0	0	0	0	0	1469		0.0		25.0		645.9948320413437		1392.177547937169	HARS1	0.0	547.0		0.0		0.0	0.0						Charcot-Marie-Tooth disease, axonal, type 2W, 616625 (3), Autosomal dominant; Usher syndrome type 3B, 614504 (3), Autosomal recessive
PB.59138.484	Patient27	0	0	0	1	1	1	0	3	0	1439		2084.7810979847113		9.0		645.9948320413437		1392.177547937169	HARS1	0.0	534.0		0.0056179775280898875	0.0	0.0	0.0						Charcot-Marie-Tooth disease, axonal, type 2W, 616625 (3), Autosomal dominant; Usher syndrome type 3B, 614504 (3), Autosomal recessive
PB.59138.484	Patient28	0	0	0	0	0	0	0	0	0	1202		0.0		25.0		645.9948320413437		1392.177547937169	HARS1	0.0	246.0		0.0		0.0	0.0						Charcot-Marie-Tooth disease, axonal, type 2W, 616625 (3), Autosomal dominant; Usher syndrome type 3B, 614504 (3), Autosomal recessive
PB.59138.484	Patient29	0	0	0	1	3	1	0	5	0	1857		2692.5148088314486		5.0		645.9948320413437		1392.177547937169	HARS1	0.0	544.0		0.009191176470588236	0.5	0.0	0.0						Charcot-Marie-Tooth disease, axonal, type 2W, 616625 (3), Autosomal dominant; Usher syndrome type 3B, 614504 (3), Autosomal recessive
PB.59138.484	Patient3	0	0	0	0	0	0	0	0	0	2019		0.0		25.0		645.9948320413437		1392.177547937169	HARS1	0.0	838.0		0.0		0.0	0.0						Charcot-Marie-Tooth disease, axonal, type 2W, 616625 (3), Autosomal dominant; Usher syndrome type 3B, 614504 (3), Autosomal recessive
PB.59138.484	Patient30	0	0	0	0	0	0	0	0	0	1808		0.0		25.0		645.9948320413437		1392.177547937169	HARS1	0.0	512.0		0.0		0.0	0.0						Charcot-Marie-Tooth disease, axonal, type 2W, 616625 (3), Autosomal dominant; Usher syndrome type 3B, 614504 (3), Autosomal recessive
PB.59138.484	Patient31	0	0	0	0	0	1	0	1	0	1858		538.2131324004305		18.0		645.9948320413437		1392.177547937169	HARS1	0.0	537.0		0.00186219739292365	-1.0	0.0	0.0						Charcot-Marie-Tooth disease, axonal, type 2W, 616625 (3), Autosomal dominant; Usher syndrome type 3B, 614504 (3), Autosomal recessive
PB.59138.484	Patient4	0	0	0	0	0	3	0	3	0	1450		2068.9655172413795		10.0		645.9948320413437		1392.177547937169	HARS1	0.0	453.0		0.006622516556291391	-1.0	0.0	0.0						Charcot-Marie-Tooth disease, axonal, type 2W, 616625 (3), Autosomal dominant; Usher syndrome type 3B, 614504 (3), Autosomal recessive
PB.59138.484	Patient5	0	0	0	0	0	0	0	0	0	1596		0.0		25.0		645.9948320413437		1392.177547937169	HARS1	0.0	559.0		0.0		0.0	0.0						Charcot-Marie-Tooth disease, axonal, type 2W, 616625 (3), Autosomal dominant; Usher syndrome type 3B, 614504 (3), Autosomal recessive
PB.59138.484	Patient6	0	0	0	0	0	0	0	0	0	1602		0.0		25.0		645.9948320413437		1392.177547937169	HARS1	0.0	657.0		0.0		0.0	0.0						Charcot-Marie-Tooth disease, axonal, type 2W, 616625 (3), Autosomal dominant; Usher syndrome type 3B, 614504 (3), Autosomal recessive
PB.59138.484	Patient7	0	0	0	0	0	0	0	0	0	1726		0.0		25.0		645.9948320413437		1392.177547937169	HARS1	0.0	605.0		0.0		0.0	0.0						Charcot-Marie-Tooth disease, axonal, type 2W, 616625 (3), Autosomal dominant; Usher syndrome type 3B, 614504 (3), Autosomal recessive
PB.59138.484	Patient8	0	0	0	1	0	0	0	1	0	1359		735.8351729212657		15.0		645.9948320413437		1392.177547937169	HARS1	0.0	410.0		0.0024390243902439024		0.0	0.0						Charcot-Marie-Tooth disease, axonal, type 2W, 616625 (3), Autosomal dominant; Usher syndrome type 3B, 614504 (3), Autosomal recessive
PB.59138.484	Patient9	0	0	0	0	0	1	0	1	0	1722		580.7200929152149		17.0		645.9948320413437		1392.177547937169	HARS1	0.0	592.0		0.0016891891891891893	-1.0	0.0	0.0						Charcot-Marie-Tooth disease, axonal, type 2W, 616625 (3), Autosomal dominant; Usher syndrome type 3B, 614504 (3), Autosomal recessive
PB.59138.487	Patient1	0	0	0	0	5	2	0	7	0	1717		4076.8782760629006		17.0		4369.5380774032465		4418.789350323991	HARS1	0.0	643.0		0.01088646967340591	0.42857142857142855	0.0	0.0						Charcot-Marie-Tooth disease, axonal, type 2W, 616625 (3), Autosomal dominant; Usher syndrome type 3B, 614504 (3), Autosomal recessive
PB.59138.487	Patient10	0	0	0	1	2	1	0	4	0	1394		2869.4404591104735		22.0		4369.5380774032465		4418.789350323991	HARS1	0.0	402.0		0.009950248756218905	0.3333333333333333	0.0	0.0						Charcot-Marie-Tooth disease, axonal, type 2W, 616625 (3), Autosomal dominant; Usher syndrome type 3B, 614504 (3), Autosomal recessive
PB.59138.487	Patient11	0	0	0	1	0	0	0	1	0	1367		731.528895391368		30.0		4369.5380774032465		4418.789350323991	HARS1	0.0	252.0		0.003968253968253968		0.0	0.0						Charcot-Marie-Tooth disease, axonal, type 2W, 616625 (3), Autosomal dominant; Usher syndrome type 3B, 614504 (3), Autosomal recessive
PB.59138.487	Patient12	0	0	0	5	6	3	0	14	0	1791		7816.8620882188725		3.0		4369.5380774032465		4418.789350323991	HARS1	0.0	520.0		0.026923076923076925	0.3333333333333333	0.0	0.0						Charcot-Marie-Tooth disease, axonal, type 2W, 616625 (3), Autosomal dominant; Usher syndrome type 3B, 614504 (3), Autosomal recessive
PB.59138.487	Patient13	0	0	0	4	4	2	0	10	0	2218		4508.566275924256		15.0		4369.5380774032465		4418.789350323991	HARS1	0.0	548.0		0.01824817518248175	0.3333333333333333	0.0	0.0						Charcot-Marie-Tooth disease, axonal, type 2W, 616625 (3), Autosomal dominant; Usher syndrome type 3B, 614504 (3), Autosomal recessive
PB.59138.487	Patient14	0	0	0	0	1	2	0	3	0	1708		1756.440281030445		28.0		4369.5380774032465		4418.789350323991	HARS1	0.0	464.0		0.00646551724137931	-0.3333333333333333	0.0	0.0						Charcot-Marie-Tooth disease, axonal, type 2W, 616625 (3), Autosomal dominant; Usher syndrome type 3B, 614504 (3), Autosomal recessive
PB.59138.487	Patient15	0	0	0	8	0	5	0	13	0	2573		5052.467936261173		12.0		4369.5380774032465		4418.789350323991	HARS1	0.0	988.0		0.013157894736842105	-1.0	0.0	0.0						Charcot-Marie-Tooth disease, axonal, type 2W, 616625 (3), Autosomal dominant; Usher syndrome type 3B, 614504 (3), Autosomal recessive
PB.59138.487	Patient16	0	0	0	4	2	3	0	9	0	1271		7081.038552321007		5.0		4369.5380774032465		4418.789350323991	HARS1	0.0	647.0		0.013910355486862442	-0.2	0.0	0.0						Charcot-Marie-Tooth disease, axonal, type 2W, 616625 (3), Autosomal dominant; Usher syndrome type 3B, 614504 (3), Autosomal recessive
PB.59138.487	Patient17	0	0	0	1	1	4	0	6	0	1227		4889.975550122249		13.0		4369.5380774032465		4418.789350323991	HARS1	0.0	543.0		0.011049723756906077	-0.6	0.0	0.0						Charcot-Marie-Tooth disease, axonal, type 2W, 616625 (3), Autosomal dominant; Usher syndrome type 3B, 614504 (3), Autosomal recessive
PB.59138.487	Patient18	0	0	0	3	4	3	0	10	0	1387		7209.805335255947		4.0		4369.5380774032465		4418.789350323991	HARS1	0.0	594.0		0.016835016835016835	0.14285714285714285	0.0	0.0						Charcot-Marie-Tooth disease, axonal, type 2W, 616625 (3), Autosomal dominant; Usher syndrome type 3B, 614504 (3), Autosomal recessive
PB.59138.487	Patient19	0	0	0	1	0	1	0	2	0	1548		1291.9896640826873		29.0		4369.5380774032465		4418.789350323991	HARS1	0.0	582.0		0.003436426116838488	-1.0	0.0	0.0						Charcot-Marie-Tooth disease, axonal, type 2W, 616625 (3), Autosomal dominant; Usher syndrome type 3B, 614504 (3), Autosomal recessive
PB.59138.487	Patient2	0	0	0	0	0	0	0	0	0	1085		0.0		31.0		4369.5380774032465		4418.789350323991	HARS1	0.0	71.0		0.0		0.0	0.0						Charcot-Marie-Tooth disease, axonal, type 2W, 616625 (3), Autosomal dominant; Usher syndrome type 3B, 614504 (3), Autosomal recessive
PB.59138.487	Patient20	0	0	0	1	4	3	0	8	0	1738		4602.991944764097		14.0		4369.5380774032465		4418.789350323991	HARS1	0.0	781.0		0.010243277848911651	0.14285714285714285	0.0	0.0						Charcot-Marie-Tooth disease, axonal, type 2W, 616625 (3), Autosomal dominant; Usher syndrome type 3B, 614504 (3), Autosomal recessive
PB.59138.487	Patient21	0	0	0	1	3	1	0	5	0	1328		3765.0602409638554		19.0		4369.5380774032465		4418.789350323991	HARS1	0.0	461.0		0.010845986984815618	0.5	0.0	0.0						Charcot-Marie-Tooth disease, axonal, type 2W, 616625 (3), Autosomal dominant; Usher syndrome type 3B, 614504 (3), Autosomal recessive
PB.59138.487	Patient22	0	0	0	0	3	2	0	5	0	2106		2374.1690408357076		25.0		4369.5380774032465		4418.789350323991	HARS1	0.0	738.0		0.006775067750677507	0.2	0.0	0.0						Charcot-Marie-Tooth disease, axonal, type 2W, 616625 (3), Autosomal dominant; Usher syndrome type 3B, 614504 (3), Autosomal recessive
PB.59138.487	Patient23	0	0	0	1	4	3	0	8	0	1159		6902.502157031924		6.0		4369.5380774032465		4418.789350323991	HARS1	0.0	545.0		0.014678899082568808	0.14285714285714285	0.0	0.0						Charcot-Marie-Tooth disease, axonal, type 2W, 616625 (3), Autosomal dominant; Usher syndrome type 3B, 614504 (3), Autosomal recessive
PB.59138.487	Patient24	0	0	0	2	5	8	0	15	0	1661		9030.704394942806		1.0		4369.5380774032465		4418.789350323991	HARS1	0.0	805.0		0.018633540372670808	-0.23076923076923078	2.1646184712917043	5.567764362830022	1.0	1.0	1.0	1.0	2.0	Charcot-Marie-Tooth disease, axonal, type 2W, 616625 (3), Autosomal dominant; Usher syndrome type 3B, 614504 (3), Autosomal recessive
PB.59138.487	Patient25	0	0	0	5	3	3	0	11	0	1946		5652.62076053443		10.0		4369.5380774032465		4418.789350323991	HARS1	0.0	738.0		0.014905149051490514	0.0	0.0	0.0						Charcot-Marie-Tooth disease, axonal, type 2W, 616625 (3), Autosomal dominant; Usher syndrome type 3B, 614504 (3), Autosomal recessive
PB.59138.487	Patient26	0	0	0	6	0	4	0	10	0	1469		6807.351940095303		7.0		4369.5380774032465		4418.789350323991	HARS1	0.0	547.0		0.018281535648994516	-1.0	0.0	0.0						Charcot-Marie-Tooth disease, axonal, type 2W, 616625 (3), Autosomal dominant; Usher syndrome type 3B, 614504 (3), Autosomal recessive
PB.59138.487	Patient27	0	0	0	1	3	0	0	4	0	1439		2779.708130646282		23.0		4369.5380774032465		4418.789350323991	HARS1	0.0	534.0		0.00749063670411985	1.0	0.0	0.0						Charcot-Marie-Tooth disease, axonal, type 2W, 616625 (3), Autosomal dominant; Usher syndrome type 3B, 614504 (3), Autosomal recessive
PB.59138.487	Patient28	0	0	0	0	2	1	0	3	0	1202		2495.840266222962		24.0		4369.5380774032465		4418.789350323991	HARS1	0.0	246.0		0.012195121951219513	0.3333333333333333	0.0	0.0						Charcot-Marie-Tooth disease, axonal, type 2W, 616625 (3), Autosomal dominant; Usher syndrome type 3B, 614504 (3), Autosomal recessive
PB.59138.487	Patient29	0	0	0	7	4	4	0	15	0	1857		8077.544426494346		2.0		4369.5380774032465		4418.789350323991	HARS1	0.0	544.0		0.027573529411764705	0.0	0.0	0.0						Charcot-Marie-Tooth disease, axonal, type 2W, 616625 (3), Autosomal dominant; Usher syndrome type 3B, 614504 (3), Autosomal recessive
PB.59138.487	Patient3	0	0	0	2	5	1	0	8	0	2019		3962.3576027736503		18.0		4369.5380774032465		4418.789350323991	HARS1	0.0	838.0		0.00954653937947494	0.6666666666666666	0.0	0.0						Charcot-Marie-Tooth disease, axonal, type 2W, 616625 (3), Autosomal dominant; Usher syndrome type 3B, 614504 (3), Autosomal recessive
PB.59138.487	Patient30	0	0	0	4	0	2	0	6	0	1808		3318.5840707964603		21.0		4369.5380774032465		4418.789350323991	HARS1	0.0	512.0		0.01171875	-1.0	0.0	0.0						Charcot-Marie-Tooth disease, axonal, type 2W, 616625 (3), Autosomal dominant; Usher syndrome type 3B, 614504 (3), Autosomal recessive
PB.59138.487	Patient31	0	0	0	5	1	5	0	11	0	1858		5920.344456404736		9.0		4369.5380774032465		4418.789350323991	HARS1	0.0	537.0		0.020484171322160148	-0.6666666666666666	0.0	0.0						Charcot-Marie-Tooth disease, axonal, type 2W, 616625 (3), Autosomal dominant; Usher syndrome type 3B, 614504 (3), Autosomal recessive
PB.59138.487	Patient4	0	0	0	1	1	1	0	3	0	1450		2068.9655172413795		27.0		4369.5380774032465		4418.789350323991	HARS1	0.0	453.0		0.006622516556291391	0.0	0.0	0.0						Charcot-Marie-Tooth disease, axonal, type 2W, 616625 (3), Autosomal dominant; Usher syndrome type 3B, 614504 (3), Autosomal recessive
PB.59138.487	Patient5	0	0	0	1	3	2	0	6	0	1596		3759.398496240601		20.0		4369.5380774032465		4418.789350323991	HARS1	0.0	559.0		0.01073345259391771	0.2	0.0	0.0						Charcot-Marie-Tooth disease, axonal, type 2W, 616625 (3), Autosomal dominant; Usher syndrome type 3B, 614504 (3), Autosomal recessive
PB.59138.487	Patient6	0	0	0	3	1	3	0	7	0	1602		4369.5380774032465		16.0		4369.5380774032465		4418.789350323991	HARS1	0.0	657.0		0.0106544901065449	-0.5	0.0	0.0						Charcot-Marie-Tooth disease, axonal, type 2W, 616625 (3), Autosomal dominant; Usher syndrome type 3B, 614504 (3), Autosomal recessive
PB.59138.487	Patient7	0	0	0	2	4	3	0	9	0	1726		5214.368482039397		11.0		4369.5380774032465		4418.789350323991	HARS1	0.0	605.0		0.01487603305785124	0.14285714285714285	0.0	0.0						Charcot-Marie-Tooth disease, axonal, type 2W, 616625 (3), Autosomal dominant; Usher syndrome type 3B, 614504 (3), Autosomal recessive
PB.59138.487	Patient8	0	0	0	1	1	1	0	3	0	1359		2207.5055187637968		26.0		4369.5380774032465		4418.789350323991	HARS1	0.0	410.0		0.007317073170731708	0.0	0.0	0.0						Charcot-Marie-Tooth disease, axonal, type 2W, 616625 (3), Autosomal dominant; Usher syndrome type 3B, 614504 (3), Autosomal recessive
PB.59138.487	Patient9	0	0	0	3	3	5	0	11	0	1722		6387.921022067364		8.0		4369.5380774032465		4418.789350323991	HARS1	0.0	592.0		0.018581081081081082	-0.25	0.0	0.0						Charcot-Marie-Tooth disease, axonal, type 2W, 616625 (3), Autosomal dominant; Usher syndrome type 3B, 614504 (3), Autosomal recessive
PB.59138.526	Patient1	0	0	0	0	0	0	0	0	0	1717		0.0		23.5		0.0		1967.9909137010707	HARS1	0.0	643.0		0.0		0.0	0.0						Charcot-Marie-Tooth disease, axonal, type 2W, 616625 (3), Autosomal dominant; Usher syndrome type 3B, 614504 (3), Autosomal recessive
PB.59138.526	Patient10	0	0	0	7	8	5	0	20	0	1394		14347.202295552368		2.0		0.0		1967.9909137010707	HARS1	0.0	402.0		0.04975124378109453	0.23076923076923078	2.164618471291704	4.69301247063356					2.0	Charcot-Marie-Tooth disease, axonal, type 2W, 616625 (3), Autosomal dominant; Usher syndrome type 3B, 614504 (3), Autosomal recessive
PB.59138.526	Patient11	0	0	0	7	6	8	0	21	0	1367		15362.106803218727		1.0		0.0		1967.9909137010707	HARS1	0.0	252.0		0.08333333333333333	-0.14285714285714285	1.3804329763361853	2.99285498056091					2.0	Charcot-Marie-Tooth disease, axonal, type 2W, 616625 (3), Autosomal dominant; Usher syndrome type 3B, 614504 (3), Autosomal recessive
PB.59138.526	Patient12	0	0	0	2	10	9	0	21	0	1791		11725.293132328308		3.0		0.0		1967.9909137010707	HARS1	0.0	520.0		0.04038461538461539	0.05263157894736842	0.5841050017327925	1.266371923573051	1.0	1.0	1.0	1.0	2.0	Charcot-Marie-Tooth disease, axonal, type 2W, 616625 (3), Autosomal dominant; Usher syndrome type 3B, 614504 (3), Autosomal recessive
PB.59138.526	Patient13	0	0	0	3	7	2	0	12	0	2218		5410.279531109108		4.0		0.0		1967.9909137010707	HARS1	0.0	548.0		0.021897810218978103	0.5555555555555556	0.0	0.0						Charcot-Marie-Tooth disease, axonal, type 2W, 616625 (3), Autosomal dominant; Usher syndrome type 3B, 614504 (3), Autosomal recessive
PB.59138.526	Patient14	0	0	0	0	1	0	0	1	0	1708		585.4800936768149		13.0		0.0		1967.9909137010707	HARS1	0.0	464.0		0.0021551724137931034	1.0	0.0	0.0						Charcot-Marie-Tooth disease, axonal, type 2W, 616625 (3), Autosomal dominant; Usher syndrome type 3B, 614504 (3), Autosomal recessive
PB.59138.526	Patient15	0	0	0	0	0	0	0	0	0	2573		0.0		23.5		0.0		1967.9909137010707	HARS1	0.0	988.0		0.0		0.0	0.0						Charcot-Marie-Tooth disease, axonal, type 2W, 616625 (3), Autosomal dominant; Usher syndrome type 3B, 614504 (3), Autosomal recessive
PB.59138.526	Patient16	0	0	0	0	0	0	0	0	0	1271		0.0		23.5		0.0		1967.9909137010707	HARS1	0.0	647.0		0.0		0.0	0.0						Charcot-Marie-Tooth disease, axonal, type 2W, 616625 (3), Autosomal dominant; Usher syndrome type 3B, 614504 (3), Autosomal recessive
PB.59138.526	Patient17	0	0	0	0	0	0	0	0	0	1227		0.0		23.5		0.0		1967.9909137010707	HARS1	0.0	543.0		0.0		0.0	0.0						Charcot-Marie-Tooth disease, axonal, type 2W, 616625 (3), Autosomal dominant; Usher syndrome type 3B, 614504 (3), Autosomal recessive
PB.59138.526	Patient18	0	0	0	0	0	0	0	0	0	1387		0.0		23.5		0.0		1967.9909137010707	HARS1	0.0	594.0		0.0		0.0	0.0						Charcot-Marie-Tooth disease, axonal, type 2W, 616625 (3), Autosomal dominant; Usher syndrome type 3B, 614504 (3), Autosomal recessive
PB.59138.526	Patient19	0	0	0	2	0	0	0	2	0	1548		1291.9896640826873		9.0		0.0		1967.9909137010707	HARS1	0.0	582.0		0.003436426116838488		0.0	0.0						Charcot-Marie-Tooth disease, axonal, type 2W, 616625 (3), Autosomal dominant; Usher syndrome type 3B, 614504 (3), Autosomal recessive
PB.59138.526	Patient2	0	0	0	0	0	0	0	0	0	1085		0.0		23.5		0.0		1967.9909137010707	HARS1	0.0	71.0		0.0		0.0	0.0						Charcot-Marie-Tooth disease, axonal, type 2W, 616625 (3), Autosomal dominant; Usher syndrome type 3B, 614504 (3), Autosomal recessive
PB.59138.526	Patient20	0	0	0	0	2	1	0	3	0	1738		1726.121979286536		6.0		0.0		1967.9909137010707	HARS1	0.0	781.0		0.0038412291933418692	0.3333333333333333	0.0	0.0						Charcot-Marie-Tooth disease, axonal, type 2W, 616625 (3), Autosomal dominant; Usher syndrome type 3B, 614504 (3), Autosomal recessive
PB.59138.526	Patient21	0	0	0	0	0	0	0	0	0	1328		0.0		23.5		0.0		1967.9909137010707	HARS1	0.0	461.0		0.0		0.0	0.0						Charcot-Marie-Tooth disease, axonal, type 2W, 616625 (3), Autosomal dominant; Usher syndrome type 3B, 614504 (3), Autosomal recessive
PB.59138.526	Patient22	0	0	0	0	0	0	0	0	0	2106		0.0		23.5		0.0		1967.9909137010707	HARS1	0.0	738.0		0.0		0.0	0.0						Charcot-Marie-Tooth disease, axonal, type 2W, 616625 (3), Autosomal dominant; Usher syndrome type 3B, 614504 (3), Autosomal recessive
PB.59138.526	Patient23	0	0	0	0	0	0	0	0	0	1159		0.0		23.5		0.0		1967.9909137010707	HARS1	0.0	545.0		0.0		0.0	0.0						Charcot-Marie-Tooth disease, axonal, type 2W, 616625 (3), Autosomal dominant; Usher syndrome type 3B, 614504 (3), Autosomal recessive
PB.59138.526	Patient24	0	0	0	0	1	1	0	2	0	1661		1204.0939193257075		10.0		0.0		1967.9909137010707	HARS1	0.0	805.0		0.002484472049689441	0.0	0.0	0.0						Charcot-Marie-Tooth disease, axonal, type 2W, 616625 (3), Autosomal dominant; Usher syndrome type 3B, 614504 (3), Autosomal recessive
PB.59138.526	Patient25	0	0	0	0	1	0	0	1	0	1946		513.874614594039		15.0		0.0		1967.9909137010707	HARS1	0.0	738.0		0.0013550135501355014	1.0	0.0	0.0						Charcot-Marie-Tooth disease, axonal, type 2W, 616625 (3), Autosomal dominant; Usher syndrome type 3B, 614504 (3), Autosomal recessive
PB.59138.526	Patient26	0	0	0	0	1	1	0	2	0	1469		1361.4703880190605		8.0		0.0		1967.9909137010707	HARS1	0.0	547.0		0.003656307129798903	0.0	0.0	0.0						Charcot-Marie-Tooth disease, axonal, type 2W, 616625 (3), Autosomal dominant; Usher syndrome type 3B, 614504 (3), Autosomal recessive
PB.59138.526	Patient27	0	0	0	0	0	0	0	0	0	1439		0.0		23.5		0.0		1967.9909137010707	HARS1	0.0	534.0		0.0		0.0	0.0						Charcot-Marie-Tooth disease, axonal, type 2W, 616625 (3), Autosomal dominant; Usher syndrome type 3B, 614504 (3), Autosomal recessive
PB.59138.526	Patient28	0	0	0	0	1	0	0	1	0	1202		831.9467554076539		12.0		0.0		1967.9909137010707	HARS1	0.0	246.0		0.0040650406504065045	1.0	0.0	0.0						Charcot-Marie-Tooth disease, axonal, type 2W, 616625 (3), Autosomal dominant; Usher syndrome type 3B, 614504 (3), Autosomal recessive
PB.59138.526	Patient29	0	0	0	1	0	0	0	1	0	1857		538.5029617662897		14.0		0.0		1967.9909137010707	HARS1	0.0	544.0		0.001838235294117647		0.0	0.0						Charcot-Marie-Tooth disease, axonal, type 2W, 616625 (3), Autosomal dominant; Usher syndrome type 3B, 614504 (3), Autosomal recessive
PB.59138.526	Patient3	0	0	0	0	0	0	0	0	0	2019		0.0		23.5		0.0		1967.9909137010707	HARS1	0.0	838.0		0.0		0.0	0.0						Charcot-Marie-Tooth disease, axonal, type 2W, 616625 (3), Autosomal dominant; Usher syndrome type 3B, 614504 (3), Autosomal recessive
PB.59138.526	Patient30	0	0	0	0	0	0	0	0	0	1808		0.0		23.5		0.0		1967.9909137010707	HARS1	0.0	512.0		0.0		0.0	0.0						Charcot-Marie-Tooth disease, axonal, type 2W, 616625 (3), Autosomal dominant; Usher syndrome type 3B, 614504 (3), Autosomal recessive
PB.59138.526	Patient31	0	0	0	0	0	0	0	0	0	1858		0.0		23.5		0.0		1967.9909137010707	HARS1	0.0	537.0		0.0		0.0	0.0						Charcot-Marie-Tooth disease, axonal, type 2W, 616625 (3), Autosomal dominant; Usher syndrome type 3B, 614504 (3), Autosomal recessive
PB.59138.526	Patient4	0	0	0	0	0	0	0	0	0	1450		0.0		23.5		0.0		1967.9909137010707	HARS1	0.0	453.0		0.0		0.0	0.0						Charcot-Marie-Tooth disease, axonal, type 2W, 616625 (3), Autosomal dominant; Usher syndrome type 3B, 614504 (3), Autosomal recessive
PB.59138.526	Patient5	0	0	0	0	0	0	0	0	0	1596		0.0		23.5		0.0		1967.9909137010707	HARS1	0.0	559.0		0.0		0.0	0.0						Charcot-Marie-Tooth disease, axonal, type 2W, 616625 (3), Autosomal dominant; Usher syndrome type 3B, 614504 (3), Autosomal recessive
PB.59138.526	Patient6	0	0	0	0	0	0	0	0	0	1602		0.0		23.5		0.0		1967.9909137010707	HARS1	0.0	657.0		0.0		0.0	0.0						Charcot-Marie-Tooth disease, axonal, type 2W, 616625 (3), Autosomal dominant; Usher syndrome type 3B, 614504 (3), Autosomal recessive
PB.59138.526	Patient7	0	0	0	3	1	2	0	6	0	1726		3476.2456546929316		5.0		0.0		1967.9909137010707	HARS1	0.0	605.0		0.009917355371900827	-0.3333333333333333	0.0	0.0						Charcot-Marie-Tooth disease, axonal, type 2W, 616625 (3), Autosomal dominant; Usher syndrome type 3B, 614504 (3), Autosomal recessive
PB.59138.526	Patient8	0	0	0	1	1	0	0	2	0	1359		1471.6703458425313		7.0		0.0		1967.9909137010707	HARS1	0.0	410.0		0.004878048780487805	1.0	0.0	0.0						Charcot-Marie-Tooth disease, axonal, type 2W, 616625 (3), Autosomal dominant; Usher syndrome type 3B, 614504 (3), Autosomal recessive
PB.59138.526	Patient9	0	0	0	0	1	1	0	2	0	1722		1161.4401858304298		11.0		0.0		1967.9909137010707	HARS1	0.0	592.0		0.0033783783783783786	0.0	0.0	0.0						Charcot-Marie-Tooth disease, axonal, type 2W, 616625 (3), Autosomal dominant; Usher syndrome type 3B, 614504 (3), Autosomal recessive
PB.70308.12	Patient1	0	0	0	65	58	59	0	182	0	1717		105998.83517763541		3.0		59763.724808895066		66103.79118478937	VTA1	0.0	979.0		0.18590398365679264	-0.008547008547008548	0.16658948626963904	-0.9747969111369422						
PB.70308.12	Patient10	0	0	0	32	37	25	0	94	0	1394		67431.85078909612		12.0		59763.724808895066		66103.79118478937	VTA1	0.0	741.0		0.12685560053981107	0.1935483870967742	3.25984981077195	1.96473979270904						
PB.70308.12	Patient11	0	0	0	8	10	11	0	29	0	1367		21214.33796634967		31.0		59763.724808895066		66103.79118478937	VTA1	0.0	810.0		0.03580246913580247	-0.047619047619047616	0.55137148047372	-0.6268670065593449						
PB.70308.12	Patient12	0	0	0	34	34	32	0	100	0	1791		55834.72920156337		18.0		59763.724808895066		66103.79118478937	VTA1	0.0	1046.0		0.09560229445506692	0.030303030303030304	0.5131019533707408	-0.6614713100707696						
PB.70308.12	Patient13	0	0	0	42	31	45	0	118	0	2218		53201.08205590622		19.0		59763.724808895066		66103.79118478937	VTA1	0.0	1281.0		0.09211553473848556	-0.18421052631578946	3.2711771502409523	1.974982268188487	1.0	1.0	1.0	1.0	1.0	
PB.70308.12	Patient14	0	0	0	63	66	72	0	201	0	1708		117681.49882903982		1.0		59763.724808895066		66103.79118478937	VTA1	0.0	1194.0		0.16834170854271358	-0.043478260869565216	0.8795758925979843	-0.330096025815957						
PB.70308.12	Patient15	0	0	0	45	46	41	0	132	0	2573		51301.982122036534		21.0		59763.724808895066		66103.79118478937	VTA1	0.0	1275.0		0.10352941176470588	0.05747126436781609	1.0455056473860995	-0.18005801826981085						
PB.70308.12	Patient16	0	0	0	16	9	10	0	35	0	1271		27537.37214791503		30.0		59763.724808895066		66103.79118478937	VTA1	0.0	567.0		0.06172839506172839	-0.05263157894736842	0.5841050017327922	-0.5972685037715111						
PB.70308.12	Patient17	0	0	0	21	27	17	0	65	0	1227		52974.73512632437		20.0		59763.724808895066		66103.79118478937	VTA1	0.0	645.0		0.10077519379844961	0.22727272727272727	3.4800050632725865	2.1638099081213973					2.0	
PB.70308.12	Patient18	0	0	0	37	53	37	0	127	0	1387		91564.52775775053		9.0		59763.724808895066		66103.79118478937	VTA1	0.0	699.0		0.18168812589413447	0.17777777777777778	3.2911097724864296	1.9930058645633526						
PB.70308.12	Patient19	0	0	0	29	31	27	0	87	0	1548		56201.5503875969		17.0		59763.724808895066		66103.79118478937	VTA1	0.0	912.0		0.09539473684210527	0.06896551724137931	1.1285112053914246	-0.0674743359072514						
PB.70308.12	Patient2	0	0	0	34	36	34	0	104	0	1085		95852.534562212		6.0		59763.724808895066		66103.79118478937	VTA1	0.0	937.0		0.11099252934898612	0.02857142857142857	0.49138675665129544	-0.6811067567296203						
PB.70308.12	Patient20	0	0	0	32	24	30	0	86	0	1738		49482.16340621404		23.0		59763.724808895066		66103.79118478937	VTA1	0.0	862.0		0.09976798143851508	-0.1111111111111111	1.785972481530769	0.6320215100287291						
PB.70308.12	Patient21	0	0	0	35	43	33	0	111	0	1328		83584.3373493976		10.0		59763.724808895066		66103.79118478937	VTA1	0.0	737.0		0.15061058344640435	0.13157894736842105	2.324033958377947	1.1185507164786244					2.0	
PB.70308.12	Patient22	0	0	0	76	74	72	0	222	0	2106		105413.10541310541		4.0		59763.724808895066		66103.79118478937	VTA1	0.0	1319.0		0.1683093252463988	0.0136986301369863	0.28036096514393727	-0.8719217756455662						
PB.70308.12	Patient23	0	0	0	20	16	13	0	49	0	1159		42277.82571182054		27.0		59763.724808895066		66103.79118478937	VTA1	0.0	581.0		0.08433734939759036	0.10344827586206896	1.3607589480230373	0.24753235417706226						
PB.70308.12	Patient24	0	0	0	25	26	32	0	83	0	1661		49969.89765201686		22.0		59763.724808895066		66103.79118478937	VTA1	0.0	804.0		0.10323383084577115	-0.10344827586206896	1.6959242614918941	0.5505975632811296						
PB.70308.12	Patient25	0	0	0	32	29	28	0	89	0	1946		45734.84069886948		25.0		59763.724808895066		66103.79118478937	VTA1	0.0	856.0		0.10397196261682243	0.017543859649122806	0.2852843202420999	-0.8674699496887704						
PB.70308.12	Patient26	0	0	0	45	46	45	0	136	0	1469		92579.98638529611		8.0		59763.724808895066		66103.79118478937	VTA1	0.0	695.0		0.19568345323741007	0.01098901098901099	0.20191666502190542	-0.9428531556665326						
PB.70308.12	Patient27	0	0	0	33	25	28	0	86	0	1439		59763.724808895066		16.0		59763.724808895066		66103.79118478937	VTA1	0.0	847.0		0.10153482880755609	-0.05660377358490566	0.9023839028888649	-0.3094724286527746						
PB.70308.12	Patient28	0	0	0	12	13	10	0	35	0	1202		29118.136439267884		29.0		59763.724808895066		66103.79118478937	VTA1	0.0	786.0		0.044529262086514	0.13043478260869565	1.5738526189777806	0.44021720356752114						
PB.70308.12	Patient29	0	0	0	58	83	68	0	209	0	1857		112547.11900915456		2.0		59763.724808895066		66103.79118478937	VTA1	0.0	1270.0		0.16456692913385826	0.09933774834437085	2.0542083500858013	0.8745673712083516						
PB.70308.12	Patient3	0	0	0	29	32	27	0	88	0	2019		43585.93363051015		26.0		59763.724808895066		66103.79118478937	VTA1	0.0	1000.0		0.088	0.0847457627118644	1.3944169864281517	0.2779668294564576						
PB.70308.12	Patient30	0	0	0	53	64	55	0	172	0	1808		95132.74336283185		7.0		59763.724808895066		66103.79118478937	VTA1	0.0	1148.0		0.14982578397212543	0.07563025210084033	1.4824747000060143	0.3575909083997602						
PB.70308.12	Patient31	0	0	0	31	18	24	0	73	0	1858		39289.55866523144		28.0		59763.724808895066		66103.79118478937	VTA1	0.0	1178.0		0.06196943972835314	-0.14285714285714285	2.1349730995581346	0.9475969619907065						
PB.70308.12	Patient4	0	0	0	29	35	33	0	97	0	1450		66896.55172413793		13.0		59763.724808895066		66103.79118478937	VTA1	0.0	891.0		0.10886644219977554	0.029411764705882353	0.5019853359778684	-0.6715232451586584						
PB.70308.12	Patient5	0	0	0	28	39	46	0	113	0	1596		70802.00501253133		11.0		59763.724808895066		66103.79118478937	VTA1	0.0	676.0		0.16715976331360946	-0.08235294117647059	1.4912137457665269	0.36549298127051344						
PB.70308.12	Patient6	0	0	0	45	55	57	0	157	0	1602		98002.49687890138		5.0		59763.724808895066		66103.79118478937	VTA1	0.0	866.0		0.1812933025404157	-0.017857142857142856	0.3446296476972942	-0.8138083583730897						
PB.70308.12	Patient7	0	0	0	33	24	25	0	82	0	1726		47508.690614136736		24.0		59763.724808895066		66103.79118478937	VTA1	0.0	856.0		0.09579439252336448	-0.02040816326530612	0.3177000937334153	-0.8381587627113971						
PB.70308.12	Patient8	0	0	0	29	28	25	0	82	0	1359		60338.48417954378		15.0		59763.724808895066		66103.79118478937	VTA1	0.0	726.0		0.11294765840220386	0.05660377358490566	0.9023839028888654	-0.3094724286527742						
PB.70308.12	Patient9	0	0	0	36	42	26	0	104	0	1722		60394.88966318235		14.0		59763.724808895066		66103.79118478937	VTA1	0.0	1124.0		0.09252669039145907	0.23529411764705882	4.086984077289651	2.712656147313017						
PB.70308.15	Patient1	0	0	0	1	1	1	0	3	0	1717		1747.2335468841002		15.0		1663.8935108153078		2160.3392508303905	VTA1	0.0	979.0		0.0030643513789581204	0.0	0.0	0.0						
PB.70308.15	Patient10	0	0	0	1	2	2	0	5	0	1394		3586.800573888092		6.0		1663.8935108153078		2160.3392508303905	VTA1	0.0	741.0		0.006747638326585695	0.0	0.0	0.0						
PB.70308.15	Patient11	0	0	0	1	1	0	0	2	0	1367		1463.057790782736		18.0		1663.8935108153078		2160.3392508303905	VTA1	0.0	810.0		0.0024691358024691358	1.0	0.0	0.0						
PB.70308.15	Patient12	0	0	0	1	0	0	0	1	0	1791		558.3472920156337		30.0		1663.8935108153078		2160.3392508303905	VTA1	0.0	1046.0		0.0009560229445506692		0.0	0.0						
PB.70308.15	Patient13	0	0	0	0	0	2	0	2	0	2218		901.7132551848512		25.0		1663.8935108153078		2160.3392508303905	VTA1	0.0	1281.0		0.00156128024980484	-1.0	0.0	0.0						
PB.70308.15	Patient14	0	0	0	4	2	3	0	9	0	1708		5269.320843091335		4.0		1663.8935108153078		2160.3392508303905	VTA1	0.0	1194.0		0.007537688442211055	-0.2	0.0	0.0						
PB.70308.15	Patient15	0	0	0	0	0	2	0	2	0	2573		777.3027594247959		27.0		1663.8935108153078		2160.3392508303905	VTA1	0.0	1275.0		0.001568627450980392	-1.0	0.0	0.0						
PB.70308.15	Patient16	0	0	0	0	0	1	0	1	0	1271		786.7820613690008		26.0		1663.8935108153078		2160.3392508303905	VTA1	0.0	567.0		0.001763668430335097	-1.0	0.0	0.0						
PB.70308.15	Patient17	0	0	0	1	0	1	0	2	0	1227		1629.9918500407498		17.0		1663.8935108153078		2160.3392508303905	VTA1	0.0	645.0		0.0031007751937984496	-1.0	0.0	0.0						
PB.70308.15	Patient18	0	0	0	1	0	1	0	2	0	1387		1441.9610670511895		19.0		1663.8935108153078		2160.3392508303905	VTA1	0.0	699.0		0.002861230329041488	-1.0	0.0	0.0						
PB.70308.15	Patient19	0	0	0	1	1	0	0	2	0	1548		1291.9896640826873		20.0		1663.8935108153078		2160.3392508303905	VTA1	0.0	912.0		0.0021929824561403508	1.0	0.0	0.0						
PB.70308.15	Patient2	0	0	0	0	2	0	0	2	0	1085		1843.3179723502303		14.0		1663.8935108153078		2160.3392508303905	VTA1	0.0	937.0		0.0021344717182497333	1.0	0.0	0.0						
PB.70308.15	Patient20	0	0	0	1	2	1	0	4	0	1738		2301.4959723820484		12.0		1663.8935108153078		2160.3392508303905	VTA1	0.0	862.0		0.004640371229698376	0.3333333333333333	0.0	0.0						
PB.70308.15	Patient21	0	0	0	3	2	2	0	7	0	1328		5271.084337349397		3.0		1663.8935108153078		2160.3392508303905	VTA1	0.0	737.0		0.009497964721845319	0.0	0.0	0.0						
PB.70308.15	Patient22	0	0	0	0	3	2	0	5	0	2106		2374.1690408357076		11.0		1663.8935108153078		2160.3392508303905	VTA1	0.0	1319.0		0.0037907505686125853	0.2	0.0	0.0						
PB.70308.15	Patient23	0	0	0	0	2	1	0	3	0	1159		2588.4383088869713		9.0		1663.8935108153078		2160.3392508303905	VTA1	0.0	581.0		0.0051635111876075735	0.3333333333333333	0.0	0.0						
PB.70308.15	Patient24	0	0	0	2	0	2	0	4	0	1661		2408.187838651415		10.0		1663.8935108153078		2160.3392508303905	VTA1	0.0	804.0		0.004975124378109453	-1.0	0.0	0.0						
PB.70308.15	Patient25	0	0	0	1	2	4	0	7	0	1946		3597.1223021582737		5.0		1663.8935108153078		2160.3392508303905	VTA1	0.0	856.0		0.008177570093457943	-0.3333333333333333	0.0	0.0						
PB.70308.15	Patient26	0	0	0	1	1	2	0	4	0	1469		2722.940776038121		8.0		1663.8935108153078		2160.3392508303905	VTA1	0.0	695.0		0.0057553956834532375	-0.3333333333333333	0.0	0.0						
PB.70308.15	Patient27	0	0	0	0	2	3	0	5	0	1439		3474.6351633078525		7.0		1663.8935108153078		2160.3392508303905	VTA1	0.0	847.0		0.0059031877213695395	-0.2	0.0	0.0						
PB.70308.15	Patient28	0	0	0	0	1	1	0	2	0	1202		1663.8935108153078		16.0		1663.8935108153078		2160.3392508303905	VTA1	0.0	786.0		0.002544529262086514	0.0	0.0	0.0						
PB.70308.15	Patient29	0	0	0	4	4	3	0	11	0	1857		5923.532579429187		1.0		1663.8935108153078		2160.3392508303905	VTA1	0.0	1270.0		0.008661417322834646	0.14285714285714285	0.0	0.0						
PB.70308.15	Patient3	0	0	0	0	0	2	0	2	0	2019		990.5894006934126		24.0		1663.8935108153078		2160.3392508303905	VTA1	0.0	1000.0		0.002	-1.0	0.0	0.0						
PB.70308.15	Patient30	0	0	0	2	4	4	0	10	0	1808		5530.973451327433		2.0		1663.8935108153078		2160.3392508303905	VTA1	0.0	1148.0		0.008710801393728223	0.0	0.0	0.0						
PB.70308.15	Patient31	0	0	0	1	1	0	0	2	0	1858		1076.426264800861		23.0		1663.8935108153078		2160.3392508303905	VTA1	0.0	1178.0		0.001697792869269949	1.0	0.0	0.0						
PB.70308.15	Patient4	0	0	0	1	0	2	0	3	0	1450		2068.9655172413795		13.0		1663.8935108153078		2160.3392508303905	VTA1	0.0	891.0		0.003367003367003367	-1.0	0.0	0.0						
PB.70308.15	Patient5	0	0	0	0	0	0	0	0	0	1596		0.0		31.0		1663.8935108153078		2160.3392508303905	VTA1	0.0	676.0		0.0		0.0	0.0						
PB.70308.15	Patient6	0	0	0	0	0	1	0	1	0	1602		624.2197253433209		29.0		1663.8935108153078		2160.3392508303905	VTA1	0.0	866.0		0.0011547344110854503	-1.0	0.0	0.0						
PB.70308.15	Patient7	0	0	0	0	1	1	0	2	0	1726		1158.7485515643104		22.0		1663.8935108153078		2160.3392508303905	VTA1	0.0	856.0		0.002336448598130841	0.0	0.0	0.0						
PB.70308.15	Patient8	0	0	0	0	0	1	0	1	0	1359		735.8351729212657		28.0		1663.8935108153078		2160.3392508303905	VTA1	0.0	726.0		0.0013774104683195593	-1.0	0.0	0.0						
PB.70308.15	Patient9	0	0	0	0	2	0	0	2	0	1722		1161.4401858304298		21.0		1663.8935108153078		2160.3392508303905	VTA1	0.0	1124.0		0.0017793594306049821	1.0	0.0	0.0						
PB.70308.16	Patient1	0	0	0	70	59	86	0	215	0	1717		125218.4041933605		12.0		109988.34045860863		133455.12353472013	VTA1	0.0	979.0		0.21961184882533197	-0.18620689655172415	3.8488110911635505	2.4537599171846884	1.0	1.0	1.0	1.0	2.0	
PB.70308.16	Patient10	0	0	0	71	70	66	0	207	0	1394		148493.54375896702		9.0		109988.34045860863		133455.12353472013	VTA1	0.0	741.0		0.2793522267206478	0.029411764705882353	0.5929224634959289	-0.8183063563421249						
PB.70308.16	Patient11	0	0	0	130	134	119	0	383	0	1367		280175.56693489396		2.0		109988.34045860863		133455.12353472013	VTA1	0.0	810.0		0.4728395061728395	0.05928853754940711	1.356510194693901	-0.05614123662390403						
PB.70308.16	Patient12	0	0	0	97	106	123	0	326	0	1791		182021.21719709662		6.0		109988.34045860863		133455.12353472013	VTA1	0.0	1046.0		0.31166347992351817	-0.07423580786026202	1.6676285224282228	0.31941099237773724						
PB.70308.16	Patient13	0	0	0	178	162	176	0	516	0	2218		232642.01983769162		3.0		109988.34045860863		133455.12353472013	VTA1	0.0	1281.0		0.4028103044496487	-0.04142011834319527	0.9986746702511713	-0.42126632923049034						
PB.70308.16	Patient14	0	0	0	68	71	69	0	208	0	1708		121779.85948477751		15.0		109988.34045860863		133455.12353472013	VTA1	0.0	1194.0		0.17420435510887772	0.014285714285714285	0.2897482098518678	-1.1149709508467176						
PB.70308.16	Patient15	0	0	0	101	88	94	0	283	0	2573		109988.34045860863		16.0		109988.34045860863		133455.12353472013	VTA1	0.0	1275.0		0.22196078431372548	-0.03296703296703297	0.7066499787413999	-0.707020761378895						
PB.70308.16	Patient16	0	0	0	60	68	68	0	196	0	1271		154209.28402832415		8.0		109988.34045860863		133455.12353472013	VTA1	0.0	567.0		0.345679012345679	0.0	0.0	-1.3984977812122479						
PB.70308.16	Patient17	0	0	0	42	47	37	0	126	0	1227		102689.48655256724		21.0		109988.34045860863		133455.12353472013	VTA1	0.0	645.0		0.19534883720930232	0.11904761904761904	2.1544346212604326	0.7957645487122831						
PB.70308.16	Patient18	0	0	0	45	40	31	0	116	0	1387		83633.74188896899		28.0		109988.34045860863		133455.12353472013	VTA1	0.0	699.0		0.1659513590844063	0.1267605633802817	2.198854410473185	0.8392305706333						
PB.70308.16	Patient19	0	0	0	57	52	48	0	157	0	1548		101421.18863049096		22.0		109988.34045860863		133455.12353472013	VTA1	0.0	912.0		0.17214912280701755	0.04	0.7521550149730607	-0.6624927945106012						
PB.70308.16	Patient2	0	0	0	78	72	62	0	212	0	1085		195391.70506912444		4.0		109988.34045860863		133455.12353472013	VTA1	0.0	937.0		0.22625400213447172	0.07462686567164178	1.5018593505491193	0.1572011623351996						
PB.70308.16	Patient20	0	0	0	61	64	45	0	170	0	1738		97813.57882623705		25.0		109988.34045860863		133455.12353472013	VTA1	0.0	862.0		0.19721577726218098	0.1743119266055046	3.376009982261033	1.991110640183212	1.0	1.0	1.0	1.0	1.0	
PB.70308.16	Patient21	0	0	0	41	45	53	0	139	0	1328		104668.67469879518		19.0		109988.34045860863		133455.12353472013	VTA1	0.0	737.0		0.18860244233378562	-0.08163265306122448	1.5301513670256988	0.18488570181986075						
PB.70308.16	Patient22	0	0	0	58	72	80	0	210	0	2106		99715.09971509971		24.0		109988.34045860863		133455.12353472013	VTA1	0.0	1319.0		0.15921152388172857	-0.05263157894736842	1.0873735433175846	-0.33447196956776204						
PB.70308.16	Patient23	0	0	0	39	32	32	0	103	0	1159		88869.71527178603		27.0		109988.34045860863		133455.12353472013	VTA1	0.0	581.0		0.17728055077452667	0.0	0.0	-1.3984977812122479						
PB.70308.16	Patient24	0	0	0	38	47	36	0	121	0	1661		72847.68211920529		30.0		109988.34045860863		133455.12353472013	VTA1	0.0	804.0		0.15049751243781095	0.13253012048192772	2.3938855430437953	1.030074058048165						
PB.70308.16	Patient25	0	0	0	38	42	53	0	133	0	1946		68345.3237410072		31.0		109988.34045860863		133455.12353472013	VTA1	0.0	856.0		0.15537383177570094	-0.11578947368421053	2.159004000434211	0.8002358156600304						
PB.70308.16	Patient26	0	0	0	54	47	54	0	155	0	1469		105513.95507147719		17.0		109988.34045860863		133455.12353472013	VTA1	0.0	695.0		0.22302158273381295	-0.06930693069306931	1.3076541774687347	-0.11892112967227285						
PB.70308.16	Patient27	0	0	0	70	48	61	0	179	0	1439		124391.93884642112		13.0		109988.34045860863		133455.12353472013	VTA1	0.0	847.0		0.21133412042502953	-0.11926605504587157	2.2977069794938076	0.9359606093874161						
PB.70308.16	Patient28	0	0	0	116	138	111	0	365	0	1202		303660.5657237937		1.0		109988.34045860863		133455.12353472013	VTA1	0.0	786.0		0.4643765903307888	0.10843373493975904	2.4802263613062467	1.1145609942940677						
PB.70308.16	Patient29	0	0	0	86	77	80	0	243	0	1857		130856.21970920841		11.0		109988.34045860863		133455.12353472013	VTA1	0.0	1270.0		0.19133858267716536	-0.01910828025477707	0.39717593506079735	-1.0098498788737837						
PB.70308.16	Patient3	0	0	0	68	55	63	0	186	0	2019		92124.81426448737		26.0		109988.34045860863		133455.12353472013	VTA1	0.0	1000.0		0.186	-0.06779661016949153	1.3259073066940013	-0.10105992571129557						
PB.70308.16	Patient30	0	0	0	73	68	80	0	221	0	1808		122234.51327433628		14.0		109988.34045860863		133455.12353472013	VTA1	0.0	1148.0		0.19250871080139373	-0.08108108108108109	1.6677307369331418	0.31951101216599365						
PB.70308.16	Patient31	0	0	0	112	113	96	0	321	0	1858		172766.4155005382		7.0		109988.34045860863		133455.12353472013	VTA1	0.0	1178.0		0.27249575551782684	0.08133971291866028	1.795638734008042	0.4446726102569376						
PB.70308.16	Patient4	0	0	0	47	49	50	0	146	0	1450		100689.6551724138		23.0		109988.34045860863		133455.12353472013	VTA1	0.0	891.0		0.1638608305274972	-0.010101010101010102	0.18939509824572545	-1.213169313023154						
PB.70308.16	Patient5	0	0	0	45	46	41	0	132	0	1596		82706.76691729322		29.0		109988.34045860863		133455.12353472013	VTA1	0.0	676.0		0.1952662721893491	0.05747126436781609	1.0455056473860995	-0.37544089163149685						
PB.70308.16	Patient6	0	0	0	53	57	58	0	168	0	1602		104868.91385767791		18.0		109988.34045860863		133455.12353472013	VTA1	0.0	866.0		0.19399538106235567	-0.008695652173913044	0.16882384689653954	-1.233298865142455						
PB.70308.16	Patient7	0	0	0	121	81	113	0	315	0	1726		182502.8968713789		5.0		109988.34045860863		133455.12353472013	VTA1	0.0	856.0		0.3679906542056075	-0.16494845360824742	3.612527443133313	2.2225496749282563					1.0	
PB.70308.16	Patient8	0	0	0	38	46	57	0	141	0	1359		103752.75938189846		20.0		109988.34045860863		133455.12353472013	VTA1	0.0	726.0		0.19421487603305784	-0.10679611650485436	2.028631727121236	0.6726628534702932						
PB.70308.16	Patient9	0	0	0	96	70	77	0	243	0	1722		141114.9825783972		10.0		109988.34045860863		133455.12353472013	VTA1	0.0	1124.0		0.21619217081850534	-0.047619047619047616	0.9766722672806994	-0.442796303748132						
PB.70308.18	Patient1	0	0	0	31	26	29	0	86	0	1717		50087.361677344205		18.0		52119.527449617795		53498.15672269605	VTA1	0.0	979.0		0.08784473953013279	-0.05454545454545454	0.8787845607743361	-0.4439484091184582						
PB.70308.18	Patient10	0	0	0	27	26	17	0	70	0	1394		50215.208034433286		17.0		52119.527449617795		53498.15672269605	VTA1	0.0	741.0		0.09446693657219973	0.20930232558139536	3.1741614004856102	1.8296131766549635						
PB.70308.18	Patient11	0	0	0	28	19	27	0	74	0	1367		54133.13825896123		14.0		52119.527449617795		53498.15672269605	VTA1	0.0	810.0		0.09135802469135802	-0.17391304347826086	2.68128515500701	1.3592626091891933						
PB.70308.18	Patient12	0	0	0	32	38	36	0	106	0	1791		59184.81295365718		11.0		52119.527449617795		53498.15672269605	VTA1	0.0	1046.0		0.10133843212237094	0.02702702702702703	0.471600862325164	-0.832522793429488						
PB.70308.18	Patient13	0	0	0	31	36	37	0	104	0	2218		46889.08926961227		23.0		52119.527449617795		53498.15672269605	VTA1	0.0	1281.0		0.08118657298985169	-0.0136986301369863	0.23814822502501184	-1.0553060609084939						
PB.70308.18	Patient14	0	0	0	37	37	35	0	109	0	1708		63817.33021077284		6.0		52119.527449617795		53498.15672269605	VTA1	0.0	1194.0		0.09128978224455611	0.027777777777777776	0.4812696489719593	-0.8232958945319572						
PB.70308.18	Patient15	0	0	0	37	40	44	0	121	0	2573		47026.81694520015		22.0		52119.527449617795		53498.15672269605	VTA1	0.0	1275.0		0.09490196078431372	-0.047619047619047616	0.8584952084462116	-0.46331048726401697						
PB.70308.18	Patient16	0	0	0	16	21	19	0	56	0	1271		44059.79543666404		26.0		52119.527449617795		53498.15672269605	VTA1	0.0	567.0		0.09876543209876543	0.05	0.7317838661907909	-0.5842308040391012						
PB.70308.18	Patient17	0	0	0	17	26	18	0	61	0	1227		49714.75142624287		20.0		52119.527449617795		53498.15672269605	VTA1	0.0	645.0		0.09457364341085271	0.18181818181818182	2.767713391801337	1.4417408592452565						
PB.70308.18	Patient18	0	0	0	14	14	18	0	46	0	1387		33165.10454217736		31.0		52119.527449617795		53498.15672269605	VTA1	0.0	699.0		0.06580829756795423	-0.125	1.7051845891753348	0.42777228224763814						
PB.70308.18	Patient19	0	0	0	28	30	34	0	92	0	1548		59431.524547803616		10.0		52119.527449617795		53498.15672269605	VTA1	0.0	912.0		0.10087719298245613	-0.0625	1.0505202393485478	-0.2800614808834339						
PB.70308.18	Patient2	0	0	0	33	31	36	0	100	0	1085		92165.89861751153		1.0		52119.527449617795		53498.15672269605	VTA1	0.0	937.0		0.10672358591248667	-0.07462686567164178	1.2705627971467712	-0.0570616248025442						
PB.70308.18	Patient20	0	0	0	22	31	25	0	78	0	1738		44879.17146144994		25.0		52119.527449617795		53498.15672269605	VTA1	0.0	862.0		0.09048723897911833	0.10714285714285714	1.739652877306292	0.4606652833421154						
PB.70308.18	Patient21	0	0	0	29	23	28	0	80	0	1328		60240.96385542169		8.0		52119.527449617795		53498.15672269605	VTA1	0.0	737.0		0.10854816824966079	-0.09803921568627451	1.5486770264978569	0.27841750689920347						
PB.70308.18	Patient22	0	0	0	44	48	39	0	131	0	2106		62203.22886989554		7.0		52119.527449617795		53498.15672269605	VTA1	0.0	1319.0		0.09931766489764973	0.10344827586206896	1.8863762668907633	0.6006830467961946					2.0	
PB.70308.18	Patient23	0	0	0	21	22	12	0	55	0	1159		47454.702329594475		21.0		52119.527449617795		53498.15672269605	VTA1	0.0	581.0		0.09466437177280551	0.29411764705882354	4.187603799204068	2.796738721259433	1.0	1.0	1.0	1.0	1.0	
PB.70308.18	Patient24	0	0	0	36	31	25	0	92	0	1661		55388.32028898254		13.0		52119.527449617795		53498.15672269605	VTA1	0.0	804.0		0.11442786069651742	0.10714285714285714	1.739652877306292	0.4606652833421154						
PB.70308.18	Patient25	0	0	0	26	25	26	0	77	0	1946		39568.34532374101		27.0		52119.527449617795		53498.15672269605	VTA1	0.0	856.0		0.08995327102803738	-0.0196078431372549	0.3088509899027189	-0.9878345893439906						
PB.70308.18	Patient26	0	0	0	21	16	19	0	56	0	1469		38121.1708645337		29.0		52119.527449617795		53498.15672269605	VTA1	0.0	695.0		0.08057553956834532	-0.08571428571428572	1.202638643544076	-0.1348952684889262						
PB.70308.18	Patient27	0	0	0	28	27	20	0	75	0	1439		52119.527449617795		16.0		52119.527449617795		53498.15672269605	VTA1	0.0	847.0		0.0885478158205431	0.14893617021276595	2.305362666522431	1.0005207193053098						
PB.70308.18	Patient28	0	0	0	24	31	24	0	79	0	1202		65723.79367720465		4.0		52119.527449617795		53498.15672269605	VTA1	0.0	786.0		0.1005089058524173	0.12727272727272726	2.0589954766575786	0.7654131266369759						
PB.70308.18	Patient29	0	0	0	30	40	34	0	104	0	1857		56004.30802369413		12.0		52119.527449617795		53498.15672269605	VTA1	0.0	1270.0		0.08188976377952756	0.08108108108108109	1.4174256337755518	0.15316463132662886						
PB.70308.18	Patient3	0	0	0	32	32	37	0	101	0	2019		50024.764735017336		19.0		52119.527449617795		53498.15672269605	VTA1	0.0	1000.0		0.101	-0.07246376811594203	1.243288715540098	-0.09610300652408464						
PB.70308.18	Patient30	0	0	0	26	35	35	0	96	0	1808		53097.345132743365		15.0		52119.527449617795		53498.15672269605	VTA1	0.0	1148.0		0.08362369337979095	0.0	0.0	-1.2825703160009896						
PB.70308.18	Patient31	0	0	0	33	41	37	0	111	0	1858		59741.65769644779		9.0		52119.527449617795		53498.15672269605	VTA1	0.0	1178.0		0.09422750424448217	0.05128205128205128	0.9075486565166274	-0.4164989045437568						
PB.70308.18	Patient4	0	0	0	32	32	35	0	99	0	1450		68275.86206896552		3.0		52119.527449617795		53498.15672269605	VTA1	0.0	891.0		0.1111111111111111	-0.04477611940298507	0.7614815268775262	-0.5558904007744884						
PB.70308.18	Patient5	0	0	0	21	15	25	0	61	0	1596		38220.551378446115		28.0		52119.527449617795		53498.15672269605	VTA1	0.0	676.0		0.09023668639053255	-0.25	3.7276898147500632	2.3578439569898975					2.0	
PB.70308.18	Patient6	0	0	0	25	15	16	0	56	0	1602		34956.30461922597		30.0		52119.527449617795		53498.15672269605	VTA1	0.0	866.0		0.06466512702078522	-0.03225806451612903	0.43330808541838456	-0.8690654945906171						
PB.70308.18	Patient7	0	0	0	23	26	31	0	80	0	1726		46349.94206257242		24.0		52119.527449617795		53498.15672269605	VTA1	0.0	856.0		0.09345794392523364	-0.08771929824561403	1.429714240977681	0.16489161842310157						
PB.70308.18	Patient8	0	0	0	34	22	32	0	88	0	1359		64753.49521707138		5.0		52119.527449617795		53498.15672269605	VTA1	0.0	726.0		0.12121212121212122	-0.18518518518518517	2.9973305073082224	1.6608638978766772					2.0	
PB.70308.18	Patient9	0	0	0	30	49	44	0	123	0	1722		71428.57142857142		2.0		52119.527449617795		53498.15672269605	VTA1	0.0	1124.0		0.1094306049822064	0.053763440860215055	0.9939723678168765	-0.33402497315536545						
PB.70308.19	Patient1	0	0	0	2	2	2	0	6	0	1717		3494.4670937682004		8.0		1742.1602787456445		2370.0747777365027	VTA1	0.0	979.0		0.006128702757916241	0.0	0.0	0.0						
PB.70308.19	Patient10	0	0	0	0	1	0	0	1	0	1394		717.3601147776184		28.0		1742.1602787456445		2370.0747777365027	VTA1	0.0	741.0		0.001349527665317139	1.0	0.0	0.0						
PB.70308.19	Patient11	0	0	0	0	0	3	0	3	0	1367		2194.5866861741038		13.0		1742.1602787456445		2370.0747777365027	VTA1	0.0	810.0		0.003703703703703704	-1.0	0.0	0.0						
PB.70308.19	Patient12	0	0	0	0	1	0	0	1	0	1791		558.3472920156337		31.0		1742.1602787456445		2370.0747777365027	VTA1	0.0	1046.0		0.0009560229445506692	1.0	0.0	0.0						
PB.70308.19	Patient13	0	0	0	1	1	0	0	2	0	2218		901.7132551848512		26.0		1742.1602787456445		2370.0747777365027	VTA1	0.0	1281.0		0.00156128024980484	1.0	0.0	0.0						
PB.70308.19	Patient14	0	0	0	5	4	2	0	11	0	1708		6440.281030444965		1.0		1742.1602787456445		2370.0747777365027	VTA1	0.0	1194.0		0.009212730318257957	0.3333333333333333	0.0	0.0						
PB.70308.19	Patient15	0	0	0	5	2	1	0	8	0	2573		3109.2110376991836		9.0		1742.1602787456445		2370.0747777365027	VTA1	0.0	1275.0		0.006274509803921568	0.3333333333333333	0.0	0.0						
PB.70308.19	Patient16	0	0	0	3	1	1	0	5	0	1271		3933.910306845004		6.0		1742.1602787456445		2370.0747777365027	VTA1	0.0	567.0		0.008818342151675485	0.0	0.0	0.0						
PB.70308.19	Patient17	0	0	0	1	0	1	0	2	0	1227		1629.9918500407498		19.0		1742.1602787456445		2370.0747777365027	VTA1	0.0	645.0		0.0031007751937984496	-1.0	0.0	0.0						
PB.70308.19	Patient18	0	0	0	1	1	0	0	2	0	1387		1441.9610670511895		22.0		1742.1602787456445		2370.0747777365027	VTA1	0.0	699.0		0.002861230329041488	1.0	0.0	0.0						
PB.70308.19	Patient19	0	0	0	2	4	2	0	8	0	1548		5167.958656330749		3.0		1742.1602787456445		2370.0747777365027	VTA1	0.0	912.0		0.008771929824561403	0.3333333333333333	0.0	0.0						
PB.70308.19	Patient2	0	0	0	1	2	2	0	5	0	1085		4608.294930875576		4.0		1742.1602787456445		2370.0747777365027	VTA1	0.0	937.0		0.005336179295624333	0.0	0.0	0.0						
PB.70308.19	Patient20	0	0	0	2	1	1	0	4	0	1738		2301.4959723820484		12.0		1742.1602787456445		2370.0747777365027	VTA1	0.0	862.0		0.004640371229698376	0.0	0.0	0.0						
PB.70308.19	Patient21	0	0	0	0	0	1	0	1	0	1328		753.0120481927711		27.0		1742.1602787456445		2370.0747777365027	VTA1	0.0	737.0		0.0013568521031207597	-1.0	0.0	0.0						
PB.70308.19	Patient22	0	0	0	1	2	1	0	4	0	2106		1899.335232668566		15.0		1742.1602787456445		2370.0747777365027	VTA1	0.0	1319.0		0.003032600454890068	0.3333333333333333	0.0	0.0						
PB.70308.19	Patient23	0	0	0	0	1	1	0	2	0	1159		1725.625539257981		17.0		1742.1602787456445		2370.0747777365027	VTA1	0.0	581.0		0.0034423407917383822	0.0	0.0	0.0						
PB.70308.19	Patient24	0	0	0	1	3	0	0	4	0	1661		2408.187838651415		11.0		1742.1602787456445		2370.0747777365027	VTA1	0.0	804.0		0.004975124378109453	1.0	0.0	0.0						
PB.70308.19	Patient25	0	0	0	2	2	0	0	4	0	1946		2055.498458376156		14.0		1742.1602787456445		2370.0747777365027	VTA1	0.0	856.0		0.004672897196261682	1.0	0.0	0.0						
PB.70308.19	Patient26	0	0	0	0	0	1	0	1	0	1469		680.7351940095302		29.0		1742.1602787456445		2370.0747777365027	VTA1	0.0	695.0		0.0014388489208633094	-1.0	0.0	0.0						
PB.70308.19	Patient27	0	0	0	1	0	1	0	2	0	1439		1389.854065323141		23.0		1742.1602787456445		2370.0747777365027	VTA1	0.0	847.0		0.0023612750885478157	-1.0	0.0	0.0						
PB.70308.19	Patient28	0	0	0	1	0	1	0	2	0	1202		1663.8935108153078		18.0		1742.1602787456445		2370.0747777365027	VTA1	0.0	786.0		0.002544529262086514	-1.0	0.0	0.0						
PB.70308.19	Patient29	0	0	0	0	2	1	0	3	0	1857		1615.5088852988692		20.0		1742.1602787456445		2370.0747777365027	VTA1	0.0	1270.0		0.002362204724409449	0.3333333333333333	0.0	0.0						
PB.70308.19	Patient3	0	0	0	1	1	1	0	3	0	2019		1485.8841010401188		21.0		1742.1602787456445		2370.0747777365027	VTA1	0.0	1000.0		0.003	0.0	0.0	0.0						
PB.70308.19	Patient30	0	0	0	3	6	1	0	10	0	1808		5530.973451327433		2.0		1742.1602787456445		2370.0747777365027	VTA1	0.0	1148.0		0.008710801393728223	0.7142857142857143	0.0	0.0						
PB.70308.19	Patient31	0	0	0	1	4	2	0	7	0	1858		3767.491926803014		7.0		1742.1602787456445		2370.0747777365027	VTA1	0.0	1178.0		0.005942275042444821	0.3333333333333333	0.0	0.0						
PB.70308.19	Patient4	0	0	0	2	2	0	0	4	0	1450		2758.620689655172		10.0		1742.1602787456445		2370.0747777365027	VTA1	0.0	891.0		0.004489337822671156	1.0	0.0	0.0						
PB.70308.19	Patient5	0	0	0	2	0	0	0	2	0	1596		1253.1328320802004		24.0		1742.1602787456445		2370.0747777365027	VTA1	0.0	676.0		0.0029585798816568047		0.0	0.0						
PB.70308.19	Patient6	0	0	0	0	2	0	0	2	0	1602		1248.4394506866417		25.0		1742.1602787456445		2370.0747777365027	VTA1	0.0	866.0		0.0023094688221709007	1.0	0.0	0.0						
PB.70308.19	Patient7	0	0	0	0	1	0	0	1	0	1726		579.3742757821552		30.0		1742.1602787456445		2370.0747777365027	VTA1	0.0	856.0		0.0011682242990654205	1.0	0.0	0.0						
PB.70308.19	Patient8	0	0	0	2	2	2	0	6	0	1359		4415.0110375275935		5.0		1742.1602787456445		2370.0747777365027	VTA1	0.0	726.0		0.008264462809917356	0.0	0.0	0.0						
PB.70308.19	Patient9	0	0	0	1	1	1	0	3	0	1722		1742.1602787456445		16.0		1742.1602787456445		2370.0747777365027	VTA1	0.0	1124.0		0.0026690391459074734	0.0	0.0	0.0						
PB.70308.21	Patient1	0	0	0	147	144	155	0	446	0	1717		259755.38730343623		22.0		280207.1346375144		283911.87846636825	VTA1	0.0	979.0		0.45556690500510727	-0.03678929765886288	0.8675756682567054	0.07841632463286213						
PB.70308.21	Patient10	0	0	0	96	123	113	0	332	0	1394		238163.55810616928		24.0		280207.1346375144		283911.87846636825	VTA1	0.0	741.0		0.44804318488529016	0.0423728813559322	0.95621423275923	0.2257562202639017						
PB.70308.21	Patient11	0	0	0	90	103	102	0	295	0	1367		215801.02414045355		27.0		280207.1346375144		283911.87846636825	VTA1	0.0	810.0		0.36419753086419754	0.004878048780487805	0.10704573956419791	-1.2335386765164778						
PB.70308.21	Patient12	0	0	0	182	155	143	0	480	0	1791		268006.70016750414		20.0		280207.1346375144		283911.87846636825	VTA1	0.0	1046.0		0.4588910133843212	0.040268456375838924	0.9491267102485018	0.21397495064526306						
PB.70308.21	Patient13	0	0	0	168	169	159	0	496	0	2218		223624.88728584308		25.0		280207.1346375144		283911.87846636825	VTA1	0.0	1281.0		0.3871975019516003	0.03048780487804878	0.7309752442213673	-0.19640874765018615						
PB.70308.21	Patient14	0	0	0	197	197	217	0	611	0	1708		357728.337236534		2.0		280207.1346375144		283911.87846636825	VTA1	0.0	1194.0		0.5117252931323283	-0.04830917874396135	1.2068968401256912	0.642454633795173	1.0	1.0	1.0	1.0	1.0	
PB.70308.21	Patient15	0	0	0	216	236	227	0	679	0	2573		263894.28682471823		21.0		280207.1346375144		283911.87846636825	VTA1	0.0	1275.0		0.5325490196078432	0.019438444924406047	0.4945730423446361	-0.5893694859806613						
PB.70308.21	Patient16	0	0	0	95	80	74	0	249	0	1271		195908.73328088122		31.0		280207.1346375144		283911.87846636825	VTA1	0.0	567.0		0.43915343915343913	0.03896103896103896	0.8068408464622155	-0.07030077220080742						
PB.70308.21	Patient17	0	0	0	110	132	124	0	366	0	1227		298288.5085574572		11.0		280207.1346375144		283911.87846636825	VTA1	0.0	645.0		0.5674418604651162	0.03125	0.7159852067128211	-0.22132601221116244						
PB.70308.21	Patient18	0	0	0	111	135	134	0	380	0	1387		273972.602739726		19.0		280207.1346375144		283911.87846636825	VTA1	0.0	699.0		0.5436337625178826	0.0037174721189591076	0.08593883082128115	-1.2686237407741086						
PB.70308.21	Patient19	0	0	0	179	151	172	0	502	0	1548		324289.4056847545		7.0		280207.1346375144		283911.87846636825	VTA1	0.0	912.0		0.5504385964912281	-0.06501547987616099	1.556223332299959	1.2231243365028226					2.0	
PB.70308.21	Patient2	0	0	0	178	147	162	0	487	0	1085		448847.9262672811		1.0		280207.1346375144		283911.87846636825	VTA1	0.0	937.0		0.5197438633938101	-0.04854368932038835	1.1520062646416978	0.5512125011147758						
PB.70308.21	Patient20	0	0	0	145	176	166	0	487	0	1738		280207.1346375144		16.0		280207.1346375144		283911.87846636825	VTA1	0.0	862.0		0.5649651972157773	0.029239766081871343	0.7062684123655493	-0.23747780204474583						
PB.70308.21	Patient21	0	0	0	119	116	129	0	364	0	1328		274096.3855421687		18.0		280207.1346375144		283911.87846636825	VTA1	0.0	737.0		0.49389416553595655	-0.053061224489795916	1.2063935182817365	0.6416179845514344						
PB.70308.21	Patient22	0	0	0	245	237	237	0	719	0	2106		341405.50807217474		6.0		280207.1346375144		283911.87846636825	VTA1	0.0	1319.0		0.5451099317664898	0.0	0.0	-1.4114759906376597						
PB.70308.21	Patient23	0	0	0	127	110	102	0	339	0	1159		292493.52890422783		12.0		280207.1346375144		283911.87846636825	VTA1	0.0	581.0		0.5834767641996558	0.03773584905660377	0.8339611569089153	-0.0026794653837674135						
PB.70308.21	Patient24	0	0	0	175	151	145	0	471	0	1661		283564.11800120404		15.0		280207.1346375144		283911.87846636825	VTA1	0.0	804.0		0.585820895522388	0.02027027027027027	0.4769934958948707	-0.6185911746856456						
PB.70308.21	Patient25	0	0	0	175	171	159	0	505	0	1946		259506.68036998968		23.0		280207.1346375144		283911.87846636825	VTA1	0.0	856.0		0.5899532710280374	0.03636363636363636	0.8729141147682306	0.08729018395419173						
PB.70308.21	Patient26	0	0	0	101	96	98	0	295	0	1469		200816.88223281145		30.0		280207.1346375144		283911.87846636825	VTA1	0.0	695.0		0.4244604316546763	-0.010309278350515464	0.22377014572757914	-1.0395129506010066						
PB.70308.21	Patient27	0	0	0	149	146	161	0	456	0	1439		316886.72689367615		10.0		280207.1346375144		283911.87846636825	VTA1	0.0	847.0		0.538370720188902	-0.048859934853420196	1.1581611059965946	0.5614434168335235						
PB.70308.21	Patient28	0	0	0	82	79	94	0	255	0	1202		212146.42262895175		28.0		280207.1346375144		283911.87846636825	VTA1	0.0	786.0		0.3244274809160305	-0.08670520231213873	1.8432488898554649	1.7002340001240634						
PB.70308.21	Patient29	0	0	0	229	179	227	0	635	0	1857		341949.380721594		5.0		280207.1346375144		283911.87846636825	VTA1	0.0	1270.0		0.5	-0.11822660098522167	2.9551994532023356	3.5485793661609564	1.0	1.0	1.0	1.0	2.0	
PB.70308.21	Patient3	0	0	0	188	207	190	0	585	0	2019		289747.3997028232		13.0		280207.1346375144		283911.87846636825	VTA1	0.0	1000.0		0.585	0.042821158690176324	1.0619524234757107	0.40152005479596353						
PB.70308.21	Patient30	0	0	0	198	210	178	0	586	0	1808		324115.04424778756		8.0		280207.1346375144		283911.87846636825	VTA1	0.0	1148.0		0.5104529616724739	0.08247422680412371	2.040616657306015	2.028309555276664					1.0	
PB.70308.21	Patient31	0	0	0	235	174	193	0	602	0	1858		324004.3057050592		9.0		280207.1346375144		283911.87846636825	VTA1	0.0	1178.0		0.5110356536502547	-0.051771117166212535	1.2668846527912605	0.7421696743859713						
PB.70308.21	Patient4	0	0	0	174	161	173	0	508	0	1450		350344.8275862069		4.0		280207.1346375144		283911.87846636825	VTA1	0.0	891.0		0.5701459034792368	-0.03592814371257485	0.8643053594892989	0.07298023758457484					2.0	
PB.70308.21	Patient5	0	0	0	106	116	123	0	345	0	1596		216165.4135338346		26.0		280207.1346375144		283911.87846636825	VTA1	0.0	676.0		0.5103550295857988	-0.029288702928870293	0.6623422332393651	-0.31049431223132473						
PB.70308.21	Patient6	0	0	0	145	153	160	0	458	0	1602		285892.63420724095		14.0		280207.1346375144		283911.87846636825	VTA1	0.0	866.0		0.5288683602771362	-0.022364217252396165	0.5316417058695903	-0.5277519152810218						
PB.70308.21	Patient7	0	0	0	115	119	125	0	359	0	1726		207995.36500579375		29.0		280207.1346375144		283911.87846636825	VTA1	0.0	856.0		0.41939252336448596	-0.02459016393442623	0.5582392708742671	-0.48353998028609924						
PB.70308.21	Patient8	0	0	0	137	117	123	0	377	0	1359		277409.86019131716		17.0		280207.1346375144		283911.87846636825	VTA1	0.0	726.0		0.5192837465564738	-0.025	0.565763806683962	-0.4710322831331191						
PB.70308.21	Patient9	0	0	0	194	213	203	0	610	0	1722		354239.25667828106		3.0		280207.1346375144		283911.87846636825	VTA1	0.0	1124.0		0.5427046263345195	0.02403846153846154	0.600692665401514	-0.41297161363966334						
PB.70308.26	Patient1	0	0	0	5	0	4	0	9	0	1717		5241.7006406523005		6.0		2927.4004683840753		3201.7783566946323	VTA1	0.0	979.0		0.009193054136874362	-1.0	0.0	0.0						
PB.70308.26	Patient10	0	0	0	3	1	2	0	6	0	1394		4304.16068866571		8.0		2927.4004683840753		3201.7783566946323	VTA1	0.0	741.0		0.008097165991902834	-0.3333333333333333	0.0	0.0						
PB.70308.26	Patient11	0	0	0	1	1	3	0	5	0	1367		3657.6444769568398		9.0		2927.4004683840753		3201.7783566946323	VTA1	0.0	810.0		0.006172839506172839	-0.5	0.0	0.0						
PB.70308.26	Patient12	0	0	0	1	1	3	0	5	0	1791		2791.736460078169		18.0		2927.4004683840753		3201.7783566946323	VTA1	0.0	1046.0		0.004780114722753346	-0.5	0.0	0.0						
PB.70308.26	Patient13	0	0	0	4	1	3	0	8	0	2218		3606.8530207394047		10.0		2927.4004683840753		3201.7783566946323	VTA1	0.0	1281.0		0.00624512099921936	-0.5	0.0	0.0						
PB.70308.26	Patient14	0	0	0	1	1	3	0	5	0	1708		2927.4004683840753		16.0		2927.4004683840753		3201.7783566946323	VTA1	0.0	1194.0		0.0041876046901172526	-0.5	0.0	0.0						
PB.70308.26	Patient15	0	0	0	2	0	2	0	4	0	2573		1554.6055188495918		25.0		2927.4004683840753		3201.7783566946323	VTA1	0.0	1275.0		0.003137254901960784	-1.0	0.0	0.0						
PB.70308.26	Patient16	0	0	0	2	1	0	0	3	0	1271		2360.3461841070025		21.0		2927.4004683840753		3201.7783566946323	VTA1	0.0	567.0		0.005291005291005291	1.0	0.0	0.0						
PB.70308.26	Patient17	0	0	0	1	1	0	0	2	0	1227		1629.9918500407498		24.0		2927.4004683840753		3201.7783566946323	VTA1	0.0	645.0		0.0031007751937984496	1.0	0.0	0.0						
PB.70308.26	Patient18	0	0	0	1	1	1	0	3	0	1387		2162.9416005767844		22.0		2927.4004683840753		3201.7783566946323	VTA1	0.0	699.0		0.004291845493562232	0.0	0.0	0.0						
PB.70308.26	Patient19	0	0	0	2	2	1	0	5	0	1548		3229.9741602067184		14.0		2927.4004683840753		3201.7783566946323	VTA1	0.0	912.0		0.005482456140350877	0.3333333333333333	0.0	0.0						
PB.70308.26	Patient2	0	0	0	3	3	3	0	9	0	1085		8294.930875576038		2.0		2927.4004683840753		3201.7783566946323	VTA1	0.0	937.0		0.0096051227321238	0.0	0.0	0.0						
PB.70308.26	Patient20	0	0	0	1	0	1	0	2	0	1738		1150.7479861910242		27.0		2927.4004683840753		3201.7783566946323	VTA1	0.0	862.0		0.002320185614849188	-1.0	0.0	0.0						
PB.70308.26	Patient21	0	0	0	0	0	0	0	0	0	1328		0.0		30.0		2927.4004683840753		3201.7783566946323	VTA1	0.0	737.0		0.0		0.0	0.0						
PB.70308.26	Patient22	0	0	0	2	2	2	0	6	0	2106		2849.002849002849		17.0		2927.4004683840753		3201.7783566946323	VTA1	0.0	1319.0		0.004548900682335102	0.0	0.0	0.0						
PB.70308.26	Patient23	0	0	0	0	0	0	0	0	0	1159		0.0		30.0		2927.4004683840753		3201.7783566946323	VTA1	0.0	581.0		0.0		0.0	0.0						
PB.70308.26	Patient24	0	0	0	1	1	0	0	2	0	1661		1204.0939193257075		26.0		2927.4004683840753		3201.7783566946323	VTA1	0.0	804.0		0.0024875621890547263	1.0	0.0	0.0						
PB.70308.26	Patient25	0	0	0	2	2	3	0	7	0	1946		3597.1223021582737		11.0		2927.4004683840753		3201.7783566946323	VTA1	0.0	856.0		0.008177570093457943	-0.2	0.0	0.0						
PB.70308.26	Patient26	0	0	0	3	1	1	0	5	0	1469		3403.6759700476514		13.0		2927.4004683840753		3201.7783566946323	VTA1	0.0	695.0		0.007194244604316547	0.0	0.0	0.0						
PB.70308.26	Patient27	0	0	0	3	3	1	0	7	0	1439		4864.489228630994		7.0		2927.4004683840753		3201.7783566946323	VTA1	0.0	847.0		0.008264462809917356	0.5	0.0	0.0						
PB.70308.26	Patient28	0	0	0	0	0	0	0	0	0	1202		0.0		30.0		2927.4004683840753		3201.7783566946323	VTA1	0.0	786.0		0.0		0.0	0.0						
PB.70308.26	Patient29	0	0	0	1	2	2	0	5	0	1857		2692.5148088314486		19.0		2927.4004683840753		3201.7783566946323	VTA1	0.0	1270.0		0.003937007874015748	0.0	0.0	0.0						
PB.70308.26	Patient3	0	0	0	3	4	4	0	11	0	2019		5448.241703813769		5.0		2927.4004683840753		3201.7783566946323	VTA1	0.0	1000.0		0.011	0.0	0.0	0.0						
PB.70308.26	Patient30	0	0	0	0	0	1	0	1	0	1808		553.0973451327434		28.0		2927.4004683840753		3201.7783566946323	VTA1	0.0	1148.0		0.0008710801393728223	-1.0	0.0	0.0						
PB.70308.26	Patient31	0	0	0	1	3	2	0	6	0	1858		3229.2787944025836		15.0		2927.4004683840753		3201.7783566946323	VTA1	0.0	1178.0		0.0050933786078098476	0.2	0.0	0.0						
PB.70308.26	Patient4	0	0	0	1	3	1	0	5	0	1450		3448.2758620689656		12.0		2927.4004683840753		3201.7783566946323	VTA1	0.0	891.0		0.005611672278338945	0.5	0.0	0.0						
PB.70308.26	Patient5	0	0	0	4	4	1	0	9	0	1596		5639.097744360902		4.0		2927.4004683840753		3201.7783566946323	VTA1	0.0	676.0		0.013313609467455622	0.6	0.0	0.0						
PB.70308.26	Patient6	0	0	0	1	1	2	0	4	0	1602		2496.8789013732835		20.0		2927.4004683840753		3201.7783566946323	VTA1	0.0	866.0		0.004618937644341801	-0.3333333333333333	0.0	0.0						
PB.70308.26	Patient7	0	0	0	2	1	0	0	3	0	1726		1738.1228273464658		23.0		2927.4004683840753		3201.7783566946323	VTA1	0.0	856.0		0.0035046728971962616	1.0	0.0	0.0						
PB.70308.26	Patient8	0	0	0	3	2	3	0	8	0	1359		5886.681383370125		3.0		2927.4004683840753		3201.7783566946323	VTA1	0.0	726.0		0.011019283746556474	-0.2	0.0	0.0						
PB.70308.26	Patient9	0	0	0	4	9	3	0	16	0	1722		9291.521486643438		1.0		2927.4004683840753		3201.7783566946323	VTA1	0.0	1124.0		0.014234875444839857	0.5	4.739062648820952	5.5677643628300215	1.0	1.0	1.0	1.0	2.0	
PB.70308.42	Patient1	0	0	0	9	11	4	0	24	0	1717		13977.868375072801		12.0		12509.197939661517		13172.93256224263	VTA1	0.0	979.0		0.024514811031664963	0.4666666666666667	4.934537242082041	1.945654506556454					1.0	
PB.70308.42	Patient10	0	0	0	2	4	4	0	10	0	1394		7173.601147776184		28.0		12509.197939661517		13172.93256224263	VTA1	0.0	741.0		0.01349527665317139	0.0	0.0	-0.19555977161261393						
PB.70308.42	Patient11	0	0	0	1	3	2	0	6	0	1367		4389.1733723482075		30.0		12509.197939661517		13172.93256224263	VTA1	0.0	810.0		0.007407407407407408	0.2	0.0	-0.19555977161261393						
PB.70308.42	Patient12	0	0	0	5	3	6	0	14	0	1791		7816.8620882188725		24.0		12509.197939661517		13172.93256224263	VTA1	0.0	1046.0		0.01338432122370937	-0.3333333333333333	0.0	-0.19555977161261393						
PB.70308.42	Patient13	0	0	0	4	5	4	0	13	0	2218		5861.1361587015335		29.0		12509.197939661517		13172.93256224263	VTA1	0.0	1281.0		0.01014832162373146	0.1111111111111111	0.0	-0.19555977161261393						
PB.70308.42	Patient14	0	0	0	6	11	11	0	28	0	1708		16393.44262295082		8.0		12509.197939661517		13172.93256224263	VTA1	0.0	1194.0		0.023450586264656615	0.0	0.0	-0.19555977161261393						
PB.70308.42	Patient15	0	0	0	10	14	8	0	32	0	2573		12436.844150796735		17.0		12509.197939661517		13172.93256224263	VTA1	0.0	1275.0		0.025098039215686273	0.2727272727272727	3.2864476724726024	1.2346376857429953					1.0	
PB.70308.42	Patient16	0	0	0	7	3	2	0	12	0	1271		9441.38473642801		22.0		12509.197939661517		13172.93256224263	VTA1	0.0	567.0		0.021164021164021163	0.2	0.0	-0.19555977161261393						
PB.70308.42	Patient17	0	0	0	0	3	7	0	10	0	1227		8149.9592502037485		23.0		12509.197939661517		13172.93256224263	VTA1	0.0	645.0		0.015503875968992248	-0.4	3.321928094887362	1.2499446069271634						
PB.70308.42	Patient18	0	0	0	6	9	3	0	18	0	1387		12977.649603460706		14.0		12509.197939661517		13172.93256224263	VTA1	0.0	699.0		0.02575107296137339	0.5	4.739062648820952	1.861323092528247						
PB.70308.42	Patient19	0	0	0	14	16	15	0	45	0	1548		29069.767441860466		1.0		12509.197939661517		13172.93256224263	VTA1	0.0	912.0		0.049342105263157895	0.03225806451612903	0.43330808541838445	-0.004882883221851671						
PB.70308.42	Patient2	0	0	0	3	6	6	0	15	0	1085		13824.884792626728		13.0		12509.197939661517		13172.93256224263	VTA1	0.0	937.0		0.016008537886873	0.0	0.0	-0.19555977161261393						
PB.70308.42	Patient20	0	0	0	10	7	5	0	22	0	1738		12658.227848101265		15.0		12509.197939661517		13172.93256224263	VTA1	0.0	862.0		0.025522041763341066	0.16666666666666666	1.4878938713077388	0.4587077670376357						
PB.70308.42	Patient21	0	0	0	17	9	2	0	28	0	1328		21084.33734939759		4.0		12509.197939661517		13172.93256224263	VTA1	0.0	737.0		0.037991858887381276	0.6363636363636364	6.008913696943694	2.409160705114336	1.0	1.0	1.0	1.0	1.0	
PB.70308.42	Patient22	0	0	0	6	5	5	0	16	0	2106		7597.340930674264		25.0		12509.197939661517		13172.93256224263	VTA1	0.0	1319.0		0.012130401819560273	0.0	0.0	-0.19555977161261393						
PB.70308.42	Patient23	0	0	0	9	6	3	0	18	0	1159		15530.629853321829		11.0		12509.197939661517		13172.93256224263	VTA1	0.0	581.0		0.03098106712564544	0.3333333333333333	0.0	-0.19555977161261393						
PB.70308.42	Patient24	0	0	0	6	4	10	0	20	0	1661		12040.939193257074		18.0		12509.197939661517		13172.93256224263	VTA1	0.0	804.0		0.024875621890547265	-0.42857142857142855	4.330879640007184	1.6852252695770253						
PB.70308.42	Patient25	0	0	0	11	2	9	0	22	0	1946		11305.24152106886		19.0		12509.197939661517		13172.93256224263	VTA1	0.0	856.0		0.02570093457943925	-0.6363636363636364	6.008913696943694	2.409160705114336					1.0	
PB.70308.42	Patient26	0	0	0	17	9	9	0	35	0	1469		23825.73179033356		2.0		12509.197939661517		13172.93256224263	VTA1	0.0	695.0		0.050359712230215826	0.0	0.0	-0.19555977161261393						
PB.70308.42	Patient27	0	0	0	11	7	9	0	27	0	1439		18763.029881862403		6.0		12509.197939661517		13172.93256224263	VTA1	0.0	847.0		0.031877213695395513	-0.125	1.2877123795494492	0.37234570851832577						
PB.70308.42	Patient28	0	0	0	8	7	4	0	19	0	1202		15806.988352745424		10.0		12509.197939661517		13172.93256224263	VTA1	0.0	786.0		0.024173027989821884	0.2727272727272727	2.345743388256288	0.8288001743463372						
PB.70308.42	Patient29	0	0	0	9	17	16	0	42	0	1857		22617.124394184168		3.0		12509.197939661517		13172.93256224263	VTA1	0.0	1270.0		0.03307086614173228	0.030303030303030304	0.4159716359419832	-0.016101788509103505						
PB.70308.42	Patient3	0	0	0	6	4	11	0	21	0	2019		10401.188707280831		21.0		12509.197939661517		13172.93256224263	VTA1	0.0	1000.0		0.021	-0.4666666666666667	4.934537242082041	1.945654506556454	1.0	1.0	1.0	1.0	1.0	
PB.70308.42	Patient30	0	0	0	9	13	14	0	36	0	1808		19911.50442477876		5.0		12509.197939661517		13172.93256224263	VTA1	0.0	1148.0		0.0313588850174216	-0.037037037037037035	0.4732809301866658	0.020984671730955175						
PB.70308.42	Patient31	0	0	0	11	11	8	0	30	0	1858		16146.393972012916		9.0		12509.197939661517		13172.93256224263	VTA1	0.0	1178.0		0.025466893039049237	0.15789473684210525	1.7630492122974226	0.5774149534599675						
PB.70308.42	Patient4	0	0	0	3	9	12	0	24	0	1450		16551.724137931036		7.0		12509.197939661517		13172.93256224263	VTA1	0.0	891.0		0.026936026936026935	-0.14285714285714285	1.6625431975416274	0.5340547694007777	1.0	1.0	1.0	1.0	1.0	
PB.70308.42	Patient5	0	0	0	6	3	3	0	12	0	1596		7518.796992481202		26.0		12509.197939661517		13172.93256224263	VTA1	0.0	676.0		0.01775147928994083	0.0	0.0	-0.19555977161261393						
PB.70308.42	Patient6	0	0	0	3	6	3	0	12	0	1602		7490.63670411985		27.0		12509.197939661517		13172.93256224263	VTA1	0.0	866.0		0.013856812933025405	0.3333333333333333	0.0	-0.19555977161261393						
PB.70308.42	Patient7	0	0	0	1	3	3	0	7	0	1726		4055.6199304750867		31.0		12509.197939661517		13172.93256224263	VTA1	0.0	856.0		0.008177570093457943	0.0	0.0	-0.19555977161261393						
PB.70308.42	Patient8	0	0	0	8	4	5	0	17	0	1359		12509.197939661517		16.0		12509.197939661517		13172.93256224263	VTA1	0.0	726.0		0.023415977961432508	-0.1111111111111111	0.0	-0.19555977161261393						
PB.70308.42	Patient9	0	0	0	9	1	9	0	19	0	1722		11033.681765389081		20.0		12509.197939661517		13172.93256224263	VTA1	0.0	1124.0		0.016903914590747332	-0.8	7.713278172714618	3.144455578291173					1.0	
PB.70308.51	Patient1	0	0	0	2	4	2	0	8	0	1717		4659.289458357601		17.0		4864.489228630994		6201.890516865472	VTA1	0.0	979.0		0.008171603677221655	0.3333333333333333	0.0	0.0						
PB.70308.51	Patient10	0	0	0	4	4	5	0	13	0	1394		9325.681492109039		6.0		4864.489228630994		6201.890516865472	VTA1	0.0	741.0		0.017543859649122806	-0.1111111111111111	0.0	0.0						
PB.70308.51	Patient11	0	0	0	6	3	4	0	13	0	1367		9509.875640087785		5.0		4864.489228630994		6201.890516865472	VTA1	0.0	810.0		0.016049382716049384	-0.14285714285714285	0.0	0.0						
PB.70308.51	Patient12	0	0	0	7	1	4	0	12	0	1791		6700.167504187605		11.0		4864.489228630994		6201.890516865472	VTA1	0.0	1046.0		0.011472275334608031	-0.6	0.0	0.0						
PB.70308.51	Patient13	0	0	0	7	7	8	0	22	0	2218		9918.845807033364		4.0		4864.489228630994		6201.890516865472	VTA1	0.0	1281.0		0.01717408274785324	-0.06666666666666667	0.6638783900937345	0.6628527545455052					2.0	
PB.70308.51	Patient14	0	0	0	6	1	4	0	11	0	1708		6440.281030444965		12.0		4864.489228630994		6201.890516865472	VTA1	0.0	1194.0		0.009212730318257957	-0.6	0.0	0.0						
PB.70308.51	Patient15	0	0	0	4	7	2	0	13	0	2573		5052.467936261173		15.0		4864.489228630994		6201.890516865472	VTA1	0.0	1275.0		0.01019607843137255	0.5555555555555556	0.0	0.0						
PB.70308.51	Patient16	0	0	0	5	1	4	0	10	0	1271		7867.820613690008		10.0		4864.489228630994		6201.890516865472	VTA1	0.0	567.0		0.01763668430335097	-0.6	0.0	0.0						
PB.70308.51	Patient17	0	0	0	1	1	5	0	7	0	1227		5704.9714751426245		13.0		4864.489228630994		6201.890516865472	VTA1	0.0	645.0		0.010852713178294573	-0.6666666666666666	0.0	0.0						
PB.70308.51	Patient18	0	0	0	1	2	1	0	4	0	1387		2883.922134102379		26.0		4864.489228630994		6201.890516865472	VTA1	0.0	699.0		0.005722460658082976	0.3333333333333333	0.0	0.0						
PB.70308.51	Patient19	0	0	0	5	4	4	0	13	0	1548		8397.932816537468		7.0		4864.489228630994		6201.890516865472	VTA1	0.0	912.0		0.01425438596491228	0.0	0.0	0.0						
PB.70308.51	Patient2	0	0	0	2	1	0	0	3	0	1085		2764.9769585253457		27.0		4864.489228630994		6201.890516865472	VTA1	0.0	937.0		0.0032017075773745998	1.0	0.0	0.0						
PB.70308.51	Patient20	0	0	0	3	3	2	0	8	0	1738		4602.991944764097		19.0		4864.489228630994		6201.890516865472	VTA1	0.0	862.0		0.009280742459396751	0.2	0.0	0.0						
PB.70308.51	Patient21	0	0	0	1	2	2	0	5	0	1328		3765.0602409638554		21.0		4864.489228630994		6201.890516865472	VTA1	0.0	737.0		0.0067842605156037995	0.0	0.0	0.0						
PB.70308.51	Patient22	0	0	0	1	2	2	0	5	0	2106		2374.1690408357076		28.0		4864.489228630994		6201.890516865472	VTA1	0.0	1319.0		0.0037907505686125853	0.0	0.0	0.0						
PB.70308.51	Patient23	0	0	0	5	4	3	0	12	0	1159		10353.753235547885		3.0		4864.489228630994		6201.890516865472	VTA1	0.0	581.0		0.020654044750430294	0.14285714285714285	0.0	0.0						
PB.70308.51	Patient24	0	0	0	1	1	3	0	5	0	1661		3010.2347983142686		25.0		4864.489228630994		6201.890516865472	VTA1	0.0	804.0		0.006218905472636816	-0.5	0.0	0.0						
PB.70308.51	Patient25	0	0	0	3	3	3	0	9	0	1946		4624.871531346352		18.0		4864.489228630994		6201.890516865472	VTA1	0.0	856.0		0.010514018691588784	0.0	0.0	0.0						
PB.70308.51	Patient26	0	0	0	3	2	3	0	8	0	1469		5445.881552076242		14.0		4864.489228630994		6201.890516865472	VTA1	0.0	695.0		0.011510791366906475	-0.2	0.0	0.0						
PB.70308.51	Patient27	0	0	0	1	3	3	0	7	0	1439		4864.489228630994		16.0		4864.489228630994		6201.890516865472	VTA1	0.0	847.0		0.008264462809917356	0.0	0.0	0.0						
PB.70308.51	Patient28	0	0	0	10	6	13	0	29	0	1202		24126.455906821964		1.0		4864.489228630994		6201.890516865472	VTA1	0.0	786.0		0.03689567430025445	-0.3684210526315789	4.247927513443585	4.241364827371707					2.0	
PB.70308.51	Patient29	0	0	0	4	5	6	0	15	0	1857		8077.544426494346		9.0		4864.489228630994		6201.890516865472	VTA1	0.0	1270.0		0.011811023622047244	-0.09090909090909091	0.7693513741166161	0.7681627917946916						
PB.70308.51	Patient3	0	0	0	1	1	1	0	3	0	2019		1485.8841010401188		30.0		4864.489228630994		6201.890516865472	VTA1	0.0	1000.0		0.003	0.0	0.0	0.0						
PB.70308.51	Patient30	0	0	0	8	1	6	0	15	0	1808		8296.460176991151		8.0		4864.489228630994		6201.890516865472	VTA1	0.0	1148.0		0.013066202090592335	-0.7142857142857143	0.0	0.0						
PB.70308.51	Patient31	0	0	0	7	6	12	0	25	0	1858		13455.328310010764		2.0		4864.489228630994		6201.890516865472	VTA1	0.0	1178.0		0.021222410865874362	-0.3333333333333333	3.7240966195965464	3.71834320762367					1.0	
PB.70308.51	Patient4	0	0	0	3	1	1	0	5	0	1450		3448.2758620689656		24.0		4864.489228630994		6201.890516865472	VTA1	0.0	891.0		0.005611672278338945	0.0	0.0	0.0						
PB.70308.51	Patient5	0	0	0	0	2	0	0	2	0	1596		1253.1328320802004		31.0		4864.489228630994		6201.890516865472	VTA1	0.0	676.0		0.0029585798816568047	1.0	0.0	0.0						
PB.70308.51	Patient6	0	0	0	3	3	1	0	7	0	1602		4369.5380774032465		20.0		4864.489228630994		6201.890516865472	VTA1	0.0	866.0		0.008083140877598153	0.5	0.0	0.0						
PB.70308.51	Patient7	0	0	0	3	2	1	0	6	0	1726		3476.2456546929316		23.0		4864.489228630994		6201.890516865472	VTA1	0.0	856.0		0.007009345794392523	0.3333333333333333	0.0	0.0						
PB.70308.51	Patient8	0	0	0	2	2	1	0	5	0	1359		3679.175864606328		22.0		4864.489228630994		6201.890516865472	VTA1	0.0	726.0		0.006887052341597796	0.3333333333333333	0.0	0.0						
PB.70308.51	Patient9	0	0	0	1	1	2	0	4	0	1722		2322.8803716608595		29.0		4864.489228630994		6201.890516865472	VTA1	0.0	1124.0		0.0035587188612099642	-0.3333333333333333	0.0	0.0						
