Isoform	Sample	H0_cyclo_count	H1_cyclo_count	H2_cyclo_count	H0_noncyclo_count	H1_noncyclo_count	H2_noncyclo_count	cyclo_count	noncyclo_count	total_cyclo	total_noncyclo	Cyclo_TPM	Noncyclo_TPM	Cyclo_TPM_Rank	Noncyclo_TPM_Rank	Cyclo_TPM_Median	Noncyclo_TPM_Median	Cyclo_TPM_Mean	Noncyclo_TPM_Mean	associated_gene	gene_cyclo_count	gene_noncyclo_count	isoform_cyclo_proportion	isoform_noncyclo_proportion	Avg_Noncyclo_TPM	SD_Noncyclo_TPM	Noncyclo_TPM_Z_Score	test_statistic	z_score_of_test_stat	rank_top_99_9_percentile	rank_top_99_5_percentile	rank_top_99_percentile	rank_top_98_percentile	rank_top_95_percentile	Phenotypes
PB.161541.3	Patient1	0	0	0	0	0	0	0	0	1902	1717	0.0	0.0	30.0	31.0	2822.8652081863092	3392.705682782019	3374.349287623454	4320.504916696668	novelGene_SRSF6_AS	0.0	0.0			4320.504916696668	3961.8309823565796	-1.090532366458183	101.67834770921837	5.257206020128558	1.0	1.0	1.0	1.0	1.0	
PB.161541.3	Patient10	0	0	2	0	1	0	2	1	1394	2180	1434.7202295552368	458.7155963302753	22.0	29.0	2822.8652081863092	3392.705682782019	3374.349287623454	4320.504916696668	novelGene_SRSF6_AS	3.0	2.0	0.6666666666666666	0.5	4320.504916696668	3961.8309823565796	-0.9747486295009284	-103.96171035371529	0.726406037635999						
PB.161541.3	Patient11	0	2	1	1	1	2	3	4	1367	2226	2194.5866861741038	1796.9451931716083	17.0	22.0	2822.8652081863092	3392.705682782019	3374.349287623454	4320.504916696668	novelGene_SRSF6_AS	6.0	5.0	0.5	0.8	4320.504916696668	3961.8309823565796	-0.6369680419895131	-127.08863631810817	0.21685805976823225						
PB.161541.3	Patient12	0	0	0	0	1	0	0	1	1791	2004	0.0	499.00199600798396	30.0	28.0	2822.8652081863092	3392.705682782019	3374.349287623454	4320.504916696668	novelGene_SRSF6_AS	2.0	4.0	0.0	0.25	4320.504916696668	3961.8309823565796	-0.9645799979118682	-105.38623559108628	0.6950199400957745						
PB.161541.3	Patient13	0	0	1	1	0	0	1	1	2218	2495	450.8566275924256	400.80160320641284	28.0	30.0	2822.8652081863092	3392.705682782019	3374.349287623454	4320.504916696668	novelGene_SRSF6_AS	2.0	3.0	0.5	0.3333333333333333	4320.504916696668	3961.8309823565796	-0.989366616331203	-101.67834770921837	0.7767146182071283						
PB.161541.3	Patient14	2	2	1	2	0	4	5	6	1161	1708	4306.632213608958	3512.88056206089	10.0	14.0	2822.8652081863092	3392.705682782019	3374.349287623454	4320.504916696668	novelGene_SRSF6_AS	9.0	6.0	0.5555555555555556	1.0	4320.504916696668	3961.8309823565796	-0.20385128952557852	-137.0673139210362	-0.01895767096803911						
PB.161541.3	Patient16	3	0	0	1	0	1	3	2	1395	1271	2150.537634408602	1573.5641227380015	18.0	23.0	2822.8652081863092	3392.705682782019	3374.349287623454	4320.504916696668	novelGene_SRSF6_AS	3.0	3.0	1.0	0.6666666666666666	4320.504916696668	3961.8309823565796	-0.6933513333081991	-124.83891153294734	0.26642550841240803						
PB.161541.3	Patient22	0	2	3	1	2	2	5	5	1221	2106	4095.0040950040952	2374.1690408357076	11.0	19.0	2822.8652081863092	3392.705682782019	3374.349287623454	4320.504916696668	novelGene_SRSF6_AS	9.0	6.0	0.5555555555555556	0.8333333333333334	4320.504916696668	3961.8309823565796	-0.4912718095569134	-131.8101013638761	0.11283156829467997						
PB.161541.3	Patient23	1	1	0	3	2	0	2	5	665	1159	3007.5187969924814	4314.063848144952	15.0	12.0	2822.8652081863092	3392.705682782019	3374.349287623454	4320.504916696668	novelGene_SRSF6_AS	7.0	14.0	0.2857142857142857	0.35714285714285715	4320.504916696668	3961.8309823565796	-0.0016257807514758395	-140.515472544272	-0.09492981947330319						
PB.161541.3	Patient24	1	0	0	0	2	0	1	2	1059	1661	944.2870632672333	1204.0939193257075	24.0	25.0	2822.8652081863092	3392.705682782019	3374.349287623454	4320.504916696668	novelGene_SRSF6_AS	2.0	11.0	0.5	0.18181818181818182	4320.504916696668	3961.8309823565796	-0.7866087703512417	-120.3040362869474	0.3663409279990648						
PB.161541.3	Patient25	1	3	2	2	0	1	6	3	1372	1946	4373.1778425655975	1541.623843782117	9.0	24.0	2822.8652081863092	3392.705682782019	3374.349287623454	4320.504916696668	novelGene_SRSF6_AS	9.0	6.0	0.6666666666666666	0.5	4320.504916696668	3961.8309823565796	-0.7014133326963925	-124.49138275338134	0.2740824960791367						
PB.161541.3	Patient27	6	4	3	2	1	3	13	6	917	1439	14176.663031624863	4169.562195969423	1.0	13.0	2822.8652081863092	3392.705682782019	3374.349287623454	4320.504916696668	novelGene_SRSF6_AS	21.0	11.0	0.6190476190476191	0.5454545454545454	4320.504916696668	3961.8309823565796	-0.03809923275360468	-139.94364315111656	-0.08233088992182203						
PB.161541.3	Patient28	1	0	0	0	0	3	1	3	1473	1202	678.8866259334691	2495.840266222962	25.0	18.0	2822.8652081863092	3392.705682782019	3374.349287623454	4320.504916696668	novelGene_SRSF6_AS	1.0	5.0	1.0	0.6	4320.504916696668	3961.8309823565796	-0.4605609523979132	-132.6572701490768	0.09416617618522596						
PB.161541.3	Patient29	1	1	2	2	0	2	4	4	1044	1857	3831.4176245210724	2154.0118470651587	12.0	20.0	2822.8652081863092	3392.705682782019	3374.349287623454	4320.504916696668	novelGene_SRSF6_AS	13.0	8.0	0.3076923076923077	0.5	4320.504916696668	3961.8309823565796	-0.5468413668527662	-130.16057428849155	0.149175057567505						
PB.161541.3	Patient3	0	1	0	3	1	2	1	6	1987	2019	503.27126321087064	2971.7682020802376	27.0	17.0	2822.8652081863092	3392.705682782019	3374.349287623454	4320.504916696668	novelGene_SRSF6_AS	1.0	7.0	1.0	0.8571428571428571	4320.504916696668	3961.8309823565796	-0.34043267383763404	-135.61585813607377	0.02898057700791868						
PB.161541.3	Patient4	5	1	3	2	1	0	9	3	1554	1450	5791.505791505791	2068.9655172413795	6.0	21.0	2822.8652081863092	3392.705682782019	3374.349287623454	4320.504916696668	novelGene_SRSF6_AS	9.0	6.0	1.0	0.5	4320.504916696668	3961.8309823565796	-0.5683077873544283	-129.4777802514571	0.164218834739047						
PB.161541.3	Patient5	2	3	2	4	2	1	7	7	1596	1993	4385.964912280701	3512.2930255895635	8.0	15.0	2822.8652081863092	3392.705682782019	3374.349287623454	4320.504916696668	novelGene_SRSF6_AS	7.0	9.0	1.0	0.7777777777777778	4320.504916696668	3961.8309823565796	-0.20399958875236102	-137.06450661528086	-0.018895818520675706						
PB.161541.3	Patient6	1	0	1	0	1	0	2	1	1602	1714	1248.4394506866417	583.4305717619603	23.0	27.0	2822.8652081863092	3392.705682782019	3374.349287623454	4320.504916696668	novelGene_SRSF6_AS	2.0	1.0	1.0	1.0	4320.504916696668	3961.8309823565796	-0.9432695038171007	-108.03209379400086	0.6367246137261697						
PB.161541.3	Patient7	1	0	0	1	1	0	1	2	1726	1705	579.3742757821552	1173.0205278592375	26.0	26.0	2822.8652081863092	3392.705682782019	3374.349287623454	4320.504916696668	novelGene_SRSF6_AS	3.0	2.0	0.3333333333333333	1.0	4320.504916696668	3961.8309823565796	-0.794451959928195	-119.86104224953992	0.37610127039459085						
PB.161541.3	Patient8	2	2	1	0	4	0	5	4	1359	1179	3679.175864606328	3392.705682782019	13.0	16.0	2822.8652081863092	3392.705682782019	3374.349287623454	4320.504916696668	novelGene_SRSF6_AS	6.0	5.0	0.8333333333333334	0.8	4320.504916696668	3961.8309823565796	-0.2341844561382008	-136.79790073201193	-0.010084758487242974						
PB.161541.4	Patient1	0	0	0	0	0	0	0	0	1902	1717	0.0	0.0	26.5	28.0	944.2870632672333	848.1764206955047	2194.2860325263987	1465.670973255149	novelGene_SRSF6_AS	0.0	0.0			1465.670973255149	1777.0814532920956	-0.8247629676962474	0.0	2.1787074655788907					2.0	
PB.161541.4	Patient10	1	0	0	1	0	0	1	1	1394	2180	717.3601147776184	458.7155963302753	19.0	23.0	944.2870632672333	848.1764206955047	2194.2860325263987	1465.670973255149	novelGene_SRSF6_AS	3.0	2.0	0.3333333333333333	0.5	1465.670973255149	1777.0814532920956	-0.5666343402883752	-87.18773675633821	0.20210439145028766						
PB.161541.4	Patient11	1	1	1	0	1	0	3	1	1367	2226	2194.5866861741038	449.23629829290206	11.0	24.0	944.2870632672333	848.1764206955047	2194.2860325263987	1465.670973255149	novelGene_SRSF6_AS	6.0	5.0	0.5	0.2	1465.670973255149	1777.0814532920956	-0.5719685347451416	-86.89142061774962	0.2088220723104409						
PB.161541.4	Patient13	0	0	1	0	0	2	1	2	2218	2495	450.8566275924256	801.6032064128257	21.0	17.0	944.2870632672333	848.1764206955047	2194.2860325263987	1465.670973255149	novelGene_SRSF6_AS	2.0	3.0	0.5	0.6666666666666666	1465.670973255149	1777.0814532920956	-0.37368448453058706	-95.11281977705231	0.022437570814194976						
PB.161541.4	Patient14	0	3	1	0	0	0	4	0	1161	1708	3445.305770887166	0.0	6.0	28.0	944.2870632672333	848.1764206955047	2194.2860325263987	1465.670973255149	novelGene_SRSF6_AS	9.0	6.0	0.4444444444444444	0.0	1465.670973255149	1777.0814532920956	-0.8247629676962474	0.0	2.1787074655788907	1.0	1.0	1.0	1.0	1.0	
PB.161541.4	Patient15	1	1	2	0	1	1	4	2	1376	2573	2906.9767441860463	777.3027594247959	9.0	19.0	944.2870632672333	848.1764206955047	2194.2860325263987	1465.670973255149	novelGene_SRSF6_AS	6.0	15.0	0.6666666666666666	0.13333333333333333	1465.670973255149	1777.0814532920956	-0.38735884196817805	-94.67557535104332	0.03235018821600101						
PB.161541.4	Patient16	0	0	0	0	0	1	0	1	1395	1271	0.0	786.7820613690008	26.5	18.0	944.2870632672333	848.1764206955047	2194.2860325263987	1465.670973255149	novelGene_SRSF6_AS	3.0	3.0	0.0	0.3333333333333333	1465.670973255149	1777.0814532920956	-0.3820246453129577	-94.84774168465081	0.028447064715719516						
PB.161541.4	Patient18	6	4	2	1	0	1	12	2	988	1387	12145.748987854251	1441.9610670511895	1.0	12.0	944.2870632672333	848.1764206955047	2194.2860325263987	1465.670973255149	novelGene_SRSF6_AS	21.0	12.0	0.5714285714285714	0.16666666666666666	1465.670973255149	1777.0814532920956	-0.013342048086786436	-101.71105390042936	-0.1445375450430404						
PB.161541.4	Patient19	0	0	0	0	0	1	0	1	1229	1548	0.0	645.9948320413437	26.5	20.0	944.2870632672333	848.1764206955047	2194.2860325263987	1465.670973255149	novelGene_SRSF6_AS	6.0	22.0	0.0	0.045454545454545456	1465.670973255149	1777.0814532920956	-0.46124849240609156	-92.04772606418356	0.09192525200358183						
PB.161541.4	Patient2	0	1	0	0	0	0	1	0	1277	1085	783.0853563038371	0.0	17.0	28.0	944.2870632672333	848.1764206955047	2194.2860325263987	1465.670973255149	novelGene_SRSF6_AS	3.0	9.0	0.3333333333333333	0.0	1465.670973255149	1777.0814532920956	-0.8247629676962474	0.0	2.1787074655788907						
PB.161541.4	Patient21	0	0	0	0	0	0	0	0	1417	1328	0.0	0.0	26.5	28.0	944.2870632672333	848.1764206955047	2194.2860325263987	1465.670973255149	novelGene_SRSF6_AS	4.0	8.0	0.0	0.0	1465.670973255149	1777.0814532920956	-0.8247629676962474	0.0	2.1787074655788907					1.0	
PB.161541.4	Patient22	1	2	1	0	0	1	4	1	1221	2106	3276.0032760032764	474.8338081671415	7.0	22.0	944.2870632672333	848.1764206955047	2194.2860325263987	1465.670973255149	novelGene_SRSF6_AS	9.0	6.0	0.4444444444444444	0.16666666666666666	1465.670973255149	1777.0814532920956	-0.5575642935513465	-87.67782576002874	0.1909937528750651						
PB.161541.4	Patient26	0	1	0	0	1	1	1	2	1690	1469	591.7159763313609	1361.4703880190605	20.0	13.0	944.2870632672333	848.1764206955047	2194.2860325263987	1465.670973255149	novelGene_SRSF6_AS	18.0	26.0	0.05555555555555555	0.07692307692307693	1465.670973255149	1777.0814532920956	-0.05863579581175295	-100.90852076782167	-0.12634359350791116						
PB.161541.4	Patient3	0	0	0	0	0	1	0	1	1987	2019	0.0	495.2947003467063	26.5	21.0	944.2870632672333	848.1764206955047	2194.2860325263987	1465.670973255149	novelGene_SRSF6_AS	1.0	7.0	0.0	0.14285714285714285	1465.670973255149	1777.0814532920956	-0.5460505319611502	-88.27657762692678	0.1774196560492879						
PB.161541.4	Patient30	1	4	1	0	1	1	6	2	1658	1808	3618.8178528347407	1106.1946902654868	5.0	14.0	944.2870632672333	848.1764206955047	2194.2860325263987	1465.670973255149	novelGene_SRSF6_AS	16.0	21.0	0.375	0.09523809523809523	1465.670973255149	1777.0814532920956	-0.20228464054009557	-98.00768493369765	-0.06057974596939674						
PB.161541.4	Patient31	0	0	0	0	0	0	0	0	966	1858	0.0	0.0	26.5	28.0	944.2870632672333	848.1764206955047	2194.2860325263987	1465.670973255149	novelGene_SRSF6_AS	3.0	18.0	0.0	0.0	1465.670973255149	1777.0814532920956	-0.8247629676962474	0.0	2.1787074655788907	1.0	1.0	1.0	1.0	1.0	
PB.161541.4	Patient5	0	0	0	0	1	1	0	2	1596	1993	0.0	1003.5122930255895	26.5	15.0	944.2870632672333	848.1764206955047	2194.2860325263987	1465.670973255149	novelGene_SRSF6_AS	7.0	9.0	0.0	0.2222222222222222	1465.670973255149	1777.0814532920956	-0.2600661209835919	-96.64685826356104	-0.02972891442338047						
PB.161541.4	Patient6	0	0	0	0	0	0	0	0	1602	1714	0.0	0.0	26.5	28.0	944.2870632672333	848.1764206955047	2194.2860325263987	1465.670973255149	novelGene_SRSF6_AS	2.0	1.0	0.0	0.0	1465.670973255149	1777.0814532920956	-0.8247629676962474	0.0	2.1787074655788907	1.0	1.0	1.0	1.0	1.0	
PB.161541.4	Patient7	2	0	0	0	0	0	2	0	1726	1705	1158.7485515643104	0.0	14.0	28.0	944.2870632672333	848.1764206955047	2194.2860325263987	1465.670973255149	novelGene_SRSF6_AS	3.0	2.0	0.6666666666666666	0.0	1465.670973255149	1777.0814532920956	-0.8247629676962474	0.0	2.1787074655788907	1.0	1.0	1.0	1.0	1.0	
PB.161541.4	Patient8	1	0	0	0	0	1	1	1	1359	1179	735.8351729212657	848.1764206955047	18.0	16.0	944.2870632672333	848.1764206955047	2194.2860325263987	1465.670973255149	novelGene_SRSF6_AS	6.0	5.0	0.16666666666666666	0.2	1465.670973255149	1777.0814532920956	-0.3474767863992489	-95.55821868311381	0.007291343609185816						
PB.161551.113	Patient1	1	0	0	0	0	0	1	0	1902	1717	525.7623554153522	0.0	14.0	20.5	0.0	0.0	1593.7473141837554	932.8418843042037	SRSF6	191.0	95.0	0.005235602094240838	0.0	932.8418843042037	2132.220370212808	-0.4374978765497399	0.0	0.0						
PB.161551.113	Patient10	0	0	0	1	0	1	0	2	1394	2180	0.0	917.4311926605506	23.0	6.0	0.0	0.0	1593.7473141837554	932.8418843042037	SRSF6	248.0	345.0	0.0	0.005797101449275362	932.8418843042037	2132.220370212808	-0.007227532322146945	-9.843027830843734	-1.9204386829329683						
PB.161551.113	Patient11	0	0	0	0	0	0	0	0	1367	2226	0.0	0.0	23.0	20.5	0.0	0.0	1593.7473141837554	932.8418843042037	SRSF6	299.0	1145.0	0.0	0.0	932.8418843042037	2132.220370212808	-0.4374978765497399	0.0	0.0						
PB.161551.113	Patient13	0	0	0	0	0	0	0	0	2218	2495	0.0	0.0	23.0	20.5	0.0	0.0	1593.7473141837554	932.8418843042037	SRSF6	387.0	696.0	0.0	0.0	932.8418843042037	2132.220370212808	-0.4374978765497399	0.0	0.0						
PB.161551.113	Patient14	3	0	1	0	0	0	4	0	1161	1708	3445.305770887166	0.0	4.0	20.5	0.0	0.0	1593.7473141837554	932.8418843042037	SRSF6	121.0	44.0	0.03305785123966942	0.0	932.8418843042037	2132.220370212808	-0.4374978765497399	0.0	0.0						
PB.161551.113	Patient15	0	0	0	0	0	0	0	0	1376	2573	0.0	0.0	23.0	20.5	0.0	0.0	1593.7473141837554	932.8418843042037	SRSF6	324.0	294.0	0.0	0.0	932.8418843042037	2132.220370212808	-0.4374978765497399	0.0	0.0						
PB.161551.113	Patient16	4	0	1	0	0	0	5	0	1395	1271	3584.2293906810037	0.0	3.0	20.5	0.0	0.0	1593.7473141837554	932.8418843042037	SRSF6	93.0	54.0	0.053763440860215055	0.0	932.8418843042037	2132.220370212808	-0.4374978765497399	0.0	0.0						
PB.161551.113	Patient17	0	0	0	0	0	0	0	0	975	1227	0.0	0.0	23.0	20.5	0.0	0.0	1593.7473141837554	932.8418843042037	SRSF6	56.0	25.0	0.0	0.0	932.8418843042037	2132.220370212808	-0.4374978765497399	0.0	0.0						
PB.161551.113	Patient18	0	0	0	0	0	0	0	0	988	1387	0.0	0.0	23.0	20.5	0.0	0.0	1593.7473141837554	932.8418843042037	SRSF6	157.0	82.0	0.0	0.0	932.8418843042037	2132.220370212808	-0.4374978765497399	0.0	0.0						
PB.161551.113	Patient19	2	1	2	0	0	0	5	0	1229	1548	4068.3482506102523	0.0	2.0	20.5	0.0	0.0	1593.7473141837554	932.8418843042037	SRSF6	74.0	31.0	0.06756756756756757	0.0	932.8418843042037	2132.220370212808	-0.4374978765497399	0.0	0.0						
PB.161551.113	Patient2	0	0	0	0	0	0	0	0	1277	1085	0.0	0.0	23.0	20.5	0.0	0.0	1593.7473141837554	932.8418843042037	SRSF6	88.0	62.0	0.0	0.0	932.8418843042037	2132.220370212808	-0.4374978765497399	0.0	0.0						
PB.161551.113	Patient20	2	0	1	1	0	0	3	1	1888	1738	1588.9830508474577	575.3739930955121	9.0	9.0	0.0	0.0	1593.7473141837554	932.8418843042037	SRSF6	54.0	81.0	0.05555555555555555	0.012345679012345678	932.8418843042037	2132.220370212808	-0.16765053753473627	-9.170861430078151	-1.7892946508747556						
PB.161551.113	Patient21	0	0	0	0	0	0	0	0	1417	1328	0.0	0.0	23.0	20.5	0.0	0.0	1593.7473141837554	932.8418843042037	SRSF6	334.0	122.0	0.0	0.0	932.8418843042037	2132.220370212808	-0.4374978765497399	0.0	0.0						
PB.161551.113	Patient22	0	0	0	0	0	0	0	0	1221	2106	0.0	0.0	23.0	20.5	0.0	0.0	1593.7473141837554	932.8418843042037	SRSF6	58.0	43.0	0.0	0.0	932.8418843042037	2132.220370212808	-0.4374978765497399	0.0	0.0						
PB.161551.113	Patient23	0	1	0	0	0	0	1	0	665	1159	1503.7593984962407	0.0	10.0	20.5	0.0	0.0	1593.7473141837554	932.8418843042037	SRSF6	27.0	18.0	0.037037037037037035	0.0	932.8418843042037	2132.220370212808	-0.4374978765497399	0.0	0.0						
PB.161551.113	Patient24	1	0	0	0	0	0	1	0	1059	1661	944.2870632672333	0.0	12.0	20.5	0.0	0.0	1593.7473141837554	932.8418843042037	SRSF6	27.0	41.0	0.037037037037037035	0.0	932.8418843042037	2132.220370212808	-0.4374978765497399	0.0	0.0						
PB.161551.113	Patient25	0	0	0	0	0	0	0	0	1372	1946	0.0	0.0	23.0	20.5	0.0	0.0	1593.7473141837554	932.8418843042037	SRSF6	341.0	346.0	0.0	0.0	932.8418843042037	2132.220370212808	-0.4374978765497399	0.0	0.0						
PB.161551.113	Patient26	0	0	0	0	0	0	0	0	1690	1469	0.0	0.0	23.0	20.5	0.0	0.0	1593.7473141837554	932.8418843042037	SRSF6	668.0	201.0	0.0	0.0	932.8418843042037	2132.220370212808	-0.4374978765497399	0.0	0.0						
PB.161551.113	Patient27	0	2	0	0	0	0	2	0	917	1439	2181.0250817884407	0.0	8.0	20.5	0.0	0.0	1593.7473141837554	932.8418843042037	SRSF6	92.0	45.0	0.021739130434782608	0.0	932.8418843042037	2132.220370212808	-0.4374978765497399	0.0	0.0						
PB.161551.113	Patient29	1	0	0	0	0	0	1	0	1044	1857	957.8544061302681	0.0	11.0	20.5	0.0	0.0	1593.7473141837554	932.8418843042037	SRSF6	61.0	35.0	0.01639344262295082	0.0	932.8418843042037	2132.220370212808	-0.4374978765497399	0.0	0.0						
PB.161551.113	Patient3	2	1	2	0	0	0	5	0	1987	2019	2516.356316054353	0.0	6.0	20.5	0.0	0.0	1593.7473141837554	932.8418843042037	SRSF6	371.0	172.0	0.013477088948787063	0.0	932.8418843042037	2132.220370212808	-0.4374978765497399	0.0	0.0						
PB.161551.113	Patient30	0	4	0	0	0	0	4	0	1658	1808	2412.5452352231605	0.0	7.0	20.5	0.0	0.0	1593.7473141837554	932.8418843042037	SRSF6	496.0	127.0	0.008064516129032258	0.0	932.8418843042037	2132.220370212808	-0.4374978765497399	0.0	0.0						
PB.161551.113	Patient31	0	0	0	0	0	0	0	0	966	1858	0.0	0.0	23.0	20.5	0.0	0.0	1593.7473141837554	932.8418843042037	SRSF6	153.0	125.0	0.0	0.0	932.8418843042037	2132.220370212808	-0.4374978765497399	0.0	0.0						
PB.161551.113	Patient4	4	0	1	1	0	0	5	1	1554	1450	3217.5032175032175	689.655172413793	5.0	7.0	0.0	0.0	1593.7473141837554	932.8418843042037	SRSF6	197.0	100.0	0.025380710659898477	0.01	932.8418843042037	2132.220370212808	-0.11405327295796319	-9.43182177706249	-1.8402097101098747						
PB.161551.113	Patient7	0	0	0	1	0	0	0	1	1726	1705	0.0	586.5102639296188	23.0	8.0	0.0	0.0	1593.7473141837554	932.8418843042037	SRSF6	262.0	375.0	0.0	0.0026666666666666666	932.8418843042037	2132.220370212808	-0.16242768581186523	-9.198470245862598	-1.794681310217146						
PB.161551.113	Patient9	0	0	0	0	0	0	0	0	1722	1493	0.0	0.0	23.0	20.5	0.0	0.0	1593.7473141837554	932.8418843042037	SRSF6	3.0	7.0	0.0	0.0	932.8418843042037	2132.220370212808	-0.4374978765497399	0.0	0.0						
PB.161551.121	Patient1	0	1	0	0	0	0	1	0	1902	1717	525.7623554153522	0.0	9.0	18.5	0.0	0.0	553.9135859123627	92.02115523982647	SRSF6	191.0	95.0	0.005235602094240838	0.0	92.02115523982647	226.11066238837702	-0.4069739757861004	0.0	0.0						
PB.161551.121	Patient12	0	0	0	0	0	0	0	0	1791	2004	0.0	0.0	20.5	18.5	0.0	0.0	553.9135859123627	92.02115523982647	SRSF6	223.0	348.0	0.0	0.0	92.02115523982647	226.11066238837702	-0.4069739757861004	0.0	0.0						
PB.161551.121	Patient14	0	0	0	0	0	0	0	0	1161	1708	0.0	0.0	20.5	18.5	0.0	0.0	553.9135859123627	92.02115523982647	SRSF6	121.0	44.0	0.0	0.0	92.02115523982647	226.11066238837702	-0.4069739757861004	0.0	0.0						
PB.161551.121	Patient15	0	0	0	0	0	0	0	0	1376	2573	0.0	0.0	20.5	18.5	0.0	0.0	553.9135859123627	92.02115523982647	SRSF6	324.0	294.0	0.0	0.0	92.02115523982647	226.11066238837702	-0.4069739757861004	0.0	0.0						
PB.161551.121	Patient16	0	0	0	0	0	0	0	0	1395	1271	0.0	0.0	20.5	18.5	0.0	0.0	553.9135859123627	92.02115523982647	SRSF6	93.0	54.0	0.0	0.0	92.02115523982647	226.11066238837702	-0.4069739757861004	0.0	0.0						
PB.161551.121	Patient17	0	0	0	0	0	0	0	0	975	1227	0.0	0.0	20.5	18.5	0.0	0.0	553.9135859123627	92.02115523982647	SRSF6	56.0	25.0	0.0	0.0	92.02115523982647	226.11066238837702	-0.4069739757861004	0.0	0.0						
PB.161551.121	Patient18	1	2	0	0	0	0	3	0	988	1387	3036.4372469635628	0.0	2.0	18.5	0.0	0.0	553.9135859123627	92.02115523982647	SRSF6	157.0	82.0	0.01910828025477707	0.0	92.02115523982647	226.11066238837702	-0.4069739757861004	0.0	0.0						
PB.161551.121	Patient19	0	0	0	0	0	0	0	0	1229	1548	0.0	0.0	20.5	18.5	0.0	0.0	553.9135859123627	92.02115523982647	SRSF6	74.0	31.0	0.0	0.0	92.02115523982647	226.11066238837702	-0.4069739757861004	0.0	0.0						
PB.161551.121	Patient2	0	0	0	0	0	0	0	0	1277	1085	0.0	0.0	20.5	18.5	0.0	0.0	553.9135859123627	92.02115523982647	SRSF6	88.0	62.0	0.0	0.0	92.02115523982647	226.11066238837702	-0.4069739757861004	0.0	0.0						
PB.161551.121	Patient20	0	0	0	0	0	0	0	0	1888	1738	0.0	0.0	20.5	18.5	0.0	0.0	553.9135859123627	92.02115523982647	SRSF6	54.0	81.0	0.0	0.0	92.02115523982647	226.11066238837702	-0.4069739757861004	0.0	0.0						
PB.161551.121	Patient21	0	0	0	0	0	0	0	0	1417	1328	0.0	0.0	20.5	18.5	0.0	0.0	553.9135859123627	92.02115523982647	SRSF6	334.0	122.0	0.0	0.0	92.02115523982647	226.11066238837702	-0.4069739757861004	0.0	0.0						
PB.161551.121	Patient22	0	0	0	0	0	0	0	0	1221	2106	0.0	0.0	20.5	18.5	0.0	0.0	553.9135859123627	92.02115523982647	SRSF6	58.0	43.0	0.0	0.0	92.02115523982647	226.11066238837702	-0.4069739757861004	0.0	0.0						
PB.161551.121	Patient23	0	1	0	0	0	0	1	0	665	1159	1503.7593984962407	0.0	4.0	18.5	0.0	0.0	553.9135859123627	92.02115523982647	SRSF6	27.0	18.0	0.037037037037037035	0.0	92.02115523982647	226.11066238837702	-0.4069739757861004	0.0	0.0						
PB.161551.121	Patient24	0	0	0	0	0	0	0	0	1059	1661	0.0	0.0	20.5	18.5	0.0	0.0	553.9135859123627	92.02115523982647	SRSF6	27.0	41.0	0.0	0.0	92.02115523982647	226.11066238837702	-0.4069739757861004	0.0	0.0						
PB.161551.121	Patient25	1	0	0	0	0	0	1	0	1372	1946	728.862973760933	0.0	5.0	18.5	0.0	0.0	553.9135859123627	92.02115523982647	SRSF6	341.0	346.0	0.002932551319648094	0.0	92.02115523982647	226.11066238837702	-0.4069739757861004	0.0	0.0						
PB.161551.121	Patient26	1	0	0	0	0	0	1	0	1690	1469	591.7159763313609	0.0	8.0	18.5	0.0	0.0	553.9135859123627	92.02115523982647	SRSF6	668.0	201.0	0.0014970059880239522	0.0	92.02115523982647	226.11066238837702	-0.4069739757861004	0.0	0.0						
PB.161551.121	Patient27	0	0	0	0	0	0	0	0	917	1439	0.0	0.0	20.5	18.5	0.0	0.0	553.9135859123627	92.02115523982647	SRSF6	92.0	45.0	0.0	0.0	92.02115523982647	226.11066238837702	-0.4069739757861004	0.0	0.0						
PB.161551.121	Patient28	4	6	1	0	0	0	11	0	1473	1202	7467.75288526816	0.0	1.0	18.5	0.0	0.0	553.9135859123627	92.02115523982647	SRSF6	299.0	165.0	0.03678929765886288	0.0	92.02115523982647	226.11066238837702	-0.4069739757861004	0.0	0.0						
PB.161551.121	Patient29	0	0	0	0	0	0	0	0	1044	1857	0.0	0.0	20.5	18.5	0.0	0.0	553.9135859123627	92.02115523982647	SRSF6	61.0	35.0	0.0	0.0	92.02115523982647	226.11066238837702	-0.4069739757861004	0.0	0.0						
PB.161551.121	Patient3	0	0	0	0	0	0	0	0	1987	2019	0.0	0.0	20.5	18.5	0.0	0.0	553.9135859123627	92.02115523982647	SRSF6	371.0	172.0	0.0	0.0	92.02115523982647	226.11066238837702	-0.4069739757861004	0.0	0.0						
PB.161551.121	Patient30	0	0	1	0	0	0	1	0	1658	1808	603.1363088057901	0.0	7.0	18.5	0.0	0.0	553.9135859123627	92.02115523982647	SRSF6	496.0	127.0	0.0020161290322580645	0.0	92.02115523982647	226.11066238837702	-0.4069739757861004	0.0	0.0						
PB.161551.121	Patient31	0	1	1	0	0	0	2	0	966	1858	2070.393374741201	0.0	3.0	18.5	0.0	0.0	553.9135859123627	92.02115523982647	SRSF6	153.0	125.0	0.013071895424836602	0.0	92.02115523982647	226.11066238837702	-0.4069739757861004	0.0	0.0						
PB.161551.121	Patient4	1	0	0	0	0	0	1	0	1554	1450	643.5006435006435	0.0	6.0	18.5	0.0	0.0	553.9135859123627	92.02115523982647	SRSF6	197.0	100.0	0.005076142131979695	0.0	92.02115523982647	226.11066238837702	-0.4069739757861004	0.0	0.0						
PB.161551.121	Patient7	0	0	0	0	0	0	0	0	1726	1705	0.0	0.0	20.5	18.5	0.0	0.0	553.9135859123627	92.02115523982647	SRSF6	262.0	375.0	0.0	0.0	92.02115523982647	226.11066238837702	-0.4069739757861004	0.0	0.0						
PB.161551.121	Patient8	0	0	0	0	0	0	0	0	1359	1179	0.0	0.0	20.5	18.5	0.0	0.0	553.9135859123627	92.02115523982647	SRSF6	217.0	262.0	0.0	0.0	92.02115523982647	226.11066238837702	-0.4069739757861004	0.0	0.0						
PB.161551.121	Patient9	0	0	0	0	0	0	0	0	1722	1493	0.0	0.0	20.5	18.5	0.0	0.0	553.9135859123627	92.02115523982647	SRSF6	3.0	7.0	0.0	0.0	92.02115523982647	226.11066238837702	-0.4069739757861004	0.0	0.0						
PB.161551.166	Patient1	1	0	0	0	0	0	1	0	1902	1717	525.7623554153522	0.0	3.0	16.5	0.0	0.0	284.10273841308265	27.36052969985499	SRSF6	191.0	95.0	0.005235602094240838	0.0	27.36052969985499	152.33698221100502	-0.17960530202677488	0.0	0.0						
PB.161551.166	Patient10	0	0	0	0	0	0	0	0	1394	2180	0.0	0.0	17.5	16.5	0.0	0.0	284.10273841308265	27.36052969985499	SRSF6	248.0	345.0	0.0	0.0	27.36052969985499	152.33698221100502	-0.17960530202677488	0.0	0.0						
PB.161551.166	Patient11	0	0	0	0	0	0	0	0	1367	2226	0.0	0.0	17.5	16.5	0.0	0.0	284.10273841308265	27.36052969985499	SRSF6	299.0	1145.0	0.0	0.0	27.36052969985499	152.33698221100502	-0.17960530202677488	0.0	0.0						
PB.161551.166	Patient12	0	0	0	0	0	0	0	0	1791	2004	0.0	0.0	17.5	16.5	0.0	0.0	284.10273841308265	27.36052969985499	SRSF6	223.0	348.0	0.0	0.0	27.36052969985499	152.33698221100502	-0.17960530202677488	0.0	0.0						
PB.161551.166	Patient13	0	0	0	0	0	0	0	0	2218	2495	0.0	0.0	17.5	16.5	0.0	0.0	284.10273841308265	27.36052969985499	SRSF6	387.0	696.0	0.0	0.0	27.36052969985499	152.33698221100502	-0.17960530202677488	0.0	0.0						
PB.161551.166	Patient14	0	0	0	0	0	0	0	0	1161	1708	0.0	0.0	17.5	16.5	0.0	0.0	284.10273841308265	27.36052969985499	SRSF6	121.0	44.0	0.0	0.0	27.36052969985499	152.33698221100502	-0.17960530202677488	0.0	0.0						
PB.161551.166	Patient15	0	0	0	0	0	0	0	0	1376	2573	0.0	0.0	17.5	16.5	0.0	0.0	284.10273841308265	27.36052969985499	SRSF6	324.0	294.0	0.0	0.0	27.36052969985499	152.33698221100502	-0.17960530202677488	0.0	0.0						
PB.161551.166	Patient16	0	0	0	0	0	0	0	0	1395	1271	0.0	0.0	17.5	16.5	0.0	0.0	284.10273841308265	27.36052969985499	SRSF6	93.0	54.0	0.0	0.0	27.36052969985499	152.33698221100502	-0.17960530202677488	0.0	0.0						
PB.161551.166	Patient17	0	0	0	0	0	0	0	0	975	1227	0.0	0.0	17.5	16.5	0.0	0.0	284.10273841308265	27.36052969985499	SRSF6	56.0	25.0	0.0	0.0	27.36052969985499	152.33698221100502	-0.17960530202677488	0.0	0.0						
PB.161551.166	Patient18	0	0	0	0	0	0	0	0	988	1387	0.0	0.0	17.5	16.5	0.0	0.0	284.10273841308265	27.36052969985499	SRSF6	157.0	82.0	0.0	0.0	27.36052969985499	152.33698221100502	-0.17960530202677488	0.0	0.0						
PB.161551.166	Patient19	1	0	0	0	0	0	1	0	1229	1548	813.6696501220504	0.0	2.0	16.5	0.0	0.0	284.10273841308265	27.36052969985499	SRSF6	74.0	31.0	0.013513513513513514	0.0	27.36052969985499	152.33698221100502	-0.17960530202677488	0.0	0.0						
PB.161551.166	Patient2	0	0	0	0	0	0	0	0	1277	1085	0.0	0.0	17.5	16.5	0.0	0.0	284.10273841308265	27.36052969985499	SRSF6	88.0	62.0	0.0	0.0	27.36052969985499	152.33698221100502	-0.17960530202677488	0.0	0.0						
PB.161551.166	Patient20	0	0	0	0	0	0	0	0	1888	1738	0.0	0.0	17.5	16.5	0.0	0.0	284.10273841308265	27.36052969985499	SRSF6	54.0	81.0	0.0	0.0	27.36052969985499	152.33698221100502	-0.17960530202677488	0.0	0.0						
PB.161551.166	Patient21	0	0	0	0	0	0	0	0	1417	1328	0.0	0.0	17.5	16.5	0.0	0.0	284.10273841308265	27.36052969985499	SRSF6	334.0	122.0	0.0	0.0	27.36052969985499	152.33698221100502	-0.17960530202677488	0.0	0.0						
PB.161551.166	Patient22	0	0	0	0	0	0	0	0	1221	2106	0.0	0.0	17.5	16.5	0.0	0.0	284.10273841308265	27.36052969985499	SRSF6	58.0	43.0	0.0	0.0	27.36052969985499	152.33698221100502	-0.17960530202677488	0.0	0.0						
PB.161551.166	Patient23	0	0	0	0	0	0	0	0	665	1159	0.0	0.0	17.5	16.5	0.0	0.0	284.10273841308265	27.36052969985499	SRSF6	27.0	18.0	0.0	0.0	27.36052969985499	152.33698221100502	-0.17960530202677488	0.0	0.0						
PB.161551.166	Patient24	0	0	0	0	0	0	0	0	1059	1661	0.0	0.0	17.5	16.5	0.0	0.0	284.10273841308265	27.36052969985499	SRSF6	27.0	41.0	0.0	0.0	27.36052969985499	152.33698221100502	-0.17960530202677488	0.0	0.0						
PB.161551.166	Patient25	0	0	0	0	0	0	0	0	1372	1946	0.0	0.0	17.5	16.5	0.0	0.0	284.10273841308265	27.36052969985499	SRSF6	341.0	346.0	0.0	0.0	27.36052969985499	152.33698221100502	-0.17960530202677488	0.0	0.0						
PB.161551.166	Patient26	0	0	0	0	0	0	0	0	1690	1469	0.0	0.0	17.5	16.5	0.0	0.0	284.10273841308265	27.36052969985499	SRSF6	668.0	201.0	0.0	0.0	27.36052969985499	152.33698221100502	-0.17960530202677488	0.0	0.0						
PB.161551.166	Patient27	0	0	0	0	0	0	0	0	917	1439	0.0	0.0	17.5	16.5	0.0	0.0	284.10273841308265	27.36052969985499	SRSF6	92.0	45.0	0.0	0.0	27.36052969985499	152.33698221100502	-0.17960530202677488	0.0	0.0						
PB.161551.166	Patient28	6	0	5	0	0	0	11	0	1473	1202	7467.75288526816	0.0	1.0	16.5	0.0	0.0	284.10273841308265	27.36052969985499	SRSF6	299.0	165.0	0.03678929765886288	0.0	27.36052969985499	152.33698221100502	-0.17960530202677488	0.0	0.0						
PB.161551.166	Patient29	0	0	0	0	0	0	0	0	1044	1857	0.0	0.0	17.5	16.5	0.0	0.0	284.10273841308265	27.36052969985499	SRSF6	61.0	35.0	0.0	0.0	27.36052969985499	152.33698221100502	-0.17960530202677488	0.0	0.0						
PB.161551.166	Patient3	0	0	0	0	0	0	0	0	1987	2019	0.0	0.0	17.5	16.5	0.0	0.0	284.10273841308265	27.36052969985499	SRSF6	371.0	172.0	0.0	0.0	27.36052969985499	152.33698221100502	-0.17960530202677488	0.0	0.0						
PB.161551.166	Patient30	0	0	0	0	0	0	0	0	1658	1808	0.0	0.0	17.5	16.5	0.0	0.0	284.10273841308265	27.36052969985499	SRSF6	496.0	127.0	0.0	0.0	27.36052969985499	152.33698221100502	-0.17960530202677488	0.0	0.0						
PB.161551.166	Patient31	0	0	0	0	0	0	0	0	966	1858	0.0	0.0	17.5	16.5	0.0	0.0	284.10273841308265	27.36052969985499	SRSF6	153.0	125.0	0.0	0.0	27.36052969985499	152.33698221100502	-0.17960530202677488	0.0	0.0						
PB.161551.166	Patient4	0	0	0	0	0	0	0	0	1554	1450	0.0	0.0	17.5	16.5	0.0	0.0	284.10273841308265	27.36052969985499	SRSF6	197.0	100.0	0.0	0.0	27.36052969985499	152.33698221100502	-0.17960530202677488	0.0	0.0						
PB.161551.166	Patient5	0	0	0	0	0	0	0	0	1596	1993	0.0	0.0	17.5	16.5	0.0	0.0	284.10273841308265	27.36052969985499	SRSF6	354.0	682.0	0.0	0.0	27.36052969985499	152.33698221100502	-0.17960530202677488	0.0	0.0						
PB.161551.166	Patient6	0	0	0	0	0	0	0	0	1602	1714	0.0	0.0	17.5	16.5	0.0	0.0	284.10273841308265	27.36052969985499	SRSF6	77.0	89.0	0.0	0.0	27.36052969985499	152.33698221100502	-0.17960530202677488	0.0	0.0						
PB.161551.166	Patient7	0	0	0	0	0	0	0	0	1726	1705	0.0	0.0	17.5	16.5	0.0	0.0	284.10273841308265	27.36052969985499	SRSF6	262.0	375.0	0.0	0.0	27.36052969985499	152.33698221100502	-0.17960530202677488	0.0	0.0						
PB.161551.166	Patient9	0	0	0	0	0	0	0	0	1722	1493	0.0	0.0	17.5	16.5	0.0	0.0	284.10273841308265	27.36052969985499	SRSF6	3.0	7.0	0.0	0.0	27.36052969985499	152.33698221100502	-0.17960530202677488	0.0	0.0						
PB.161551.18	Patient1	21	34	24	25	21	25	79	71	1902	1717	41535.226077812826	41351.1939429237	18.0	16.0	50237.61031907671	41351.1939429237	66146.65887260679	45828.29338733267	SRSF6	191.0	95.0	0.41361256544502617	0.7473684210526316	45828.29338733267	30897.59039733579	-0.14490124915355904	-235.05389788979184	-0.0009921089982249157						
PB.161551.18	Patient14	22	19	13	11	10	11	54	32	1161	1708	46511.62790697674	18735.362997658078	17.0	23.0	50237.61031907671	41351.1939429237	66146.65887260679	45828.29338733267	SRSF6	121.0	44.0	0.4462809917355372	0.7272727272727273	45828.29338733267	30897.59039733579	-0.8768622420475461	-217.92536965296785	0.21618502577173648						
PB.161551.18	Patient16	7	10	3	10	11	8	20	29	1395	1271	14336.917562724015	22816.679779701022	28.0	22.0	50237.61031907671	41351.1939429237	66146.65887260679	45828.29338733267	SRSF6	93.0	54.0	0.21505376344086022	0.5370370370370371	45828.29338733267	30897.59039733579	-0.7447704921875031	-222.29063426822825	0.16151756726268632						
PB.161551.18	Patient17	12	13	6	7	2	8	31	17	975	1227	31794.871794871797	13854.930725346372	20.0	27.0	50237.61031907671	41351.1939429237	66146.65887260679	45828.29338733267	SRSF6	56.0	25.0	0.5535714285714286	0.68	45828.29338733267	30897.59039733579	-1.0348173514768086	-211.24127568020313	0.29989184818275544						
PB.161551.18	Patient18	21	24	22	15	23	12	67	50	988	1387	67813.76518218624	36049.02667627974	14.0	18.0	50237.61031907671	41351.1939429237	66146.65887260679	45828.29338733267	SRSF6	157.0	82.0	0.4267515923566879	0.6097560975609756	45828.29338733267	30897.59039733579	-0.31650580466935596	-232.4218301706011	0.03464170051594864						
PB.161551.18	Patient19	6	11	3	6	6	5	20	17	1229	1548	16273.39300244101	10981.912144702841	27.0	28.0	50237.61031907671	41351.1939429237	66146.65887260679	45828.29338733267	SRSF6	74.0	31.0	0.2702702702702703	0.5483870967741935	45828.29338733267	30897.59039733579	-1.1278025501184237	-206.09401273341885	0.36435249567587774						
PB.161551.18	Patient2	13	7	17	18	19	9	37	46	1277	1085	28974.158183241972	42396.3133640553	21.0	15.0	50237.61031907671	41351.1939429237	66146.65887260679	45828.29338733267	SRSF6	88.0	62.0	0.42045454545454547	0.7419354838709677	45828.29338733267	30897.59039733579	-0.11107597644809546	-235.32212827191708	-0.006030797798820153						
PB.161551.18	Patient20	1	4	9	15	15	17	14	47	1888	1738	7415.254237288136	27042.57767548907	30.0	21.0	50237.61031907671	41351.1939429237	66146.65887260679	45828.29338733267	SRSF6	54.0	81.0	0.25925925925925924	0.5802469135802469	45828.29338733267	30897.59039733579	-0.607999376982596	-226.05437826519645	0.11438312366592122						
PB.161551.18	Patient22	11	9	5	8	14	10	25	32	1221	2106	20475.020475020476	15194.681861348528	25.0	26.0	50237.61031907671	41351.1939429237	66146.65887260679	45828.29338733267	SRSF6	58.0	43.0	0.43103448275862066	0.7441860465116279	45828.29338733267	30897.59039733579	-0.9914563282133997	-213.28575743433714	0.2742882178608021						
PB.161551.18	Patient23	2	6	5	6	4	1	13	11	665	1159	19548.87218045113	9490.940465918895	26.0	30.0	50237.61031907671	41351.1939429237	66146.65887260679	45828.29338733267	SRSF6	27.0	18.0	0.48148148148148145	0.6111111111111112	45828.29338733267	30897.59039733579	-1.1760578237371884	-202.8622518731178	0.4048247621506424						
PB.161551.18	Patient24	4	4	5	8	9	12	13	29	1059	1661	12275.731822474032	17459.36183022276	29.0	25.0	50237.61031907671	41351.1939429237	66146.65887260679	45828.29338733267	SRSF6	27.0	41.0	0.48148148148148145	0.7073170731707317	45828.29338733267	30897.59039733579	-0.9181599986371779	-216.36300291958264	0.23575099166408384						
PB.161551.18	Patient27	6	10	6	6	6	14	22	26	917	1439	23991.275899672844	18068.102849200834	24.0	24.0	50237.61031907671	41351.1939429237	66146.65887260679	45828.29338733267	SRSF6	92.0	45.0	0.2391304347826087	0.5777777777777777	45828.29338733267	30897.59039733579	-0.8984581056691565	-217.12211796166997	0.22624437666488534						
PB.161551.18	Patient29	8	12	6	4	6	8	26	18	1044	1857	24904.21455938697	9693.053311793215	22.0	29.0	50237.61031907671	41351.1939429237	66146.65887260679	45828.29338733267	SRSF6	61.0	35.0	0.4262295081967213	0.5142857142857142	45828.29338733267	30897.59039733579	-1.1695164448375654	-203.32896162592814	0.39898002230180585						
PB.161551.18	Patient30	65	76	50	24	27	21	191	72	1658	1808	115199.0349819059	39823.00884955752	9.0	17.0	50237.61031907671	41351.1939429237	66146.65887260679	45828.29338733267	SRSF6	496.0	127.0	0.3850806451612903	0.5669291338582677	45828.29338733267	30897.59039733579	-0.1943609343171618	-234.62722523057718	0.007022906797045069						
PB.161551.18	Patient31	4	5	15	18	18	24	24	60	966	1858	24844.72049689441	32292.787944025833	23.0	19.0	50237.61031907671	41351.1939429237	66146.65887260679	45828.29338733267	SRSF6	153.0	125.0	0.1568627450980392	0.48	45828.29338733267	30897.59039733579	-0.4380764088475315	-229.98450749608716	0.06516499015029542						
PB.161551.18	Patient6	24	19	18	14	16	17	61	47	1602	1714	38077.40324594257	27421.236872812136	19.0	20.0	50237.61031907671	41351.1939429237	66146.65887260679	45828.29338733267	SRSF6	77.0	89.0	0.7922077922077922	0.5280898876404494	45828.29338733267	30897.59039733579	-0.5957440783507739	-226.3623796695671	0.11052593390122752						
PB.161551.18	Patient9	0	0	0	0	0	0	0	0	1722	1493	0.0	0.0	31.0	31.0	50237.61031907671	41351.1939429237	66146.65887260679	45828.29338733267	SRSF6	3.0	7.0	0.0	0.0	45828.29338733267	30897.59039733579	-1.4832319542718875	202.8622518731178	5.4858288774828825	1.0	1.0	1.0	1.0	1.0	
PB.161551.19	Patient1	1	3	5	2	4	4	9	10	1902	1717	4731.86119873817	5824.111822947	17.0	14.0	7078.507078507078	5507.474429583005	16450.57042214269	9691.84586219	SRSF6	191.0	95.0	0.04712041884816754	0.10526315789473684	9691.84586219	10474.678769756127	-0.3692460765871343	-154.7479559311584	-0.020567130313725018						
PB.161551.19	Patient10	0	0	0	0	0	0	0	0	1394	2180	0.0	0.0	29.0	29.0	7078.507078507078	5507.474429583005	16450.57042214269	9691.84586219	SRSF6	248.0	345.0	0.0	0.0	9691.84586219	10474.678769756127	-0.9252642563296142	0.0	2.4858253409437316	1.0	1.0	1.0	1.0	1.0	
PB.161551.19	Patient12	5	6	8	8	4	4	19	16	1791	2004	10608.59854829704	7984.031936127743	12.0	11.0	7078.507078507078	5507.474429583005	16450.57042214269	9691.84586219	SRSF6	223.0	348.0	0.08520179372197309	0.04597701149425287	9691.84586219	10474.678769756127	-0.16304212889022268	-160.37730112301344	-0.11150653138122159						
PB.161551.19	Patient14	2	5	2	1	2	1	9	4	1161	1708	7751.937984496124	2341.9203747072597	15.0	24.0	7078.507078507078	5507.474429583005	16450.57042214269	9691.84586219	SRSF6	121.0	44.0	0.0743801652892562	0.09090909090909091	9691.84586219	10474.678769756127	-0.7016850491591604	-139.19275684124187	0.23723238587127876						
PB.161551.19	Patient16	3	1	8	2	0	5	12	7	1395	1271	8602.150537634408	5507.474429583005	14.0	16.0	7078.507078507078	5507.474429583005	16450.57042214269	9691.84586219	SRSF6	93.0	54.0	0.12903225806451613	0.12962962962962962	9691.84586219	10474.678769756127	-0.3994749170436295	-153.83801380525938	-0.005222239751715307						
PB.161551.19	Patient17	0	2	2	1	2	2	4	5	975	1227	4102.5641025641025	4074.9796251018743	18.0	20.0	7078.507078507078	5507.474429583005	16450.57042214269	9691.84586219	SRSF6	56.0	25.0	0.07142857142857142	0.2	9691.84586219	10474.678769756127	-0.5362327915301692	-149.12590629555467	0.07676706862690012						
PB.161551.19	Patient18	5	3	5	2	5	4	13	11	988	1387	13157.894736842105	7930.785868781542	10.0	12.0	7078.507078507078	5507.474429583005	16450.57042214269	9691.84586219	SRSF6	157.0	82.0	0.08280254777070063	0.13414634146341464	9691.84586219	10474.678769756127	-0.16812544156420559	-160.25788249872642	-0.1095773801569053						
PB.161551.19	Patient19	1	0	1	2	2	0	2	4	1229	1548	1627.3393002441007	2583.9793281653747	24.0	23.0	7078.507078507078	5507.474429583005	16450.57042214269	9691.84586219	SRSF6	74.0	31.0	0.02702702702702703	0.12903225806451613	9691.84586219	10474.678769756127	-0.6785760871777181	-140.95652392952195	0.20873956527416465						
PB.161551.19	Patient2	0	3	1	3	1	4	4	8	1277	1085	3132.3414252153484	7373.271889400921	19.0	13.0	7078.507078507078	5507.474429583005	16450.57042214269	9691.84586219	SRSF6	88.0	62.0	0.045454545454545456	0.12903225806451613	9691.84586219	10474.678769756127	-0.22135036536715302	-158.957042923989	-0.0885629339327372						
PB.161551.19	Patient20	2	2	1	3	1	4	5	8	1888	1738	2648.3050847457625	4602.991944764097	22.0	19.0	7078.507078507078	5507.474429583005	16450.57042214269	9691.84586219	SRSF6	54.0	81.0	0.09259259259259259	0.09876543209876543	9691.84586219	10474.678769756127	-0.485824341660874	-151.311123425662	0.04146592253589098						
PB.161551.19	Patient22	0	0	2	1	0	0	2	1	1221	2106	1638.0016380016382	474.8338081671415	23.0	26.0	7078.507078507078	5507.474429583005	16450.57042214269	9691.84586219	SRSF6	58.0	43.0	0.034482758620689655	0.023255813953488372	9691.84586219	10474.678769756127	-0.8799326696905906	-110.59620185976749	0.6991961656678515						
PB.161551.19	Patient23	0	0	0	1	2	1	0	4	665	1159	0.0	3451.251078515962	29.0	21.0	7078.507078507078	5507.474429583005	16450.57042214269	9691.84586219	SRSF6	27.0	18.0	0.0	0.2222222222222222	9691.84586219	10474.678769756127	-0.5957791089205243	-146.14648655285305	0.12489818116233078						
PB.161551.19	Patient24	0	0	1	1	3	1	1	5	1059	1661	944.2870632672333	3010.2347983142686	26.0	22.0	7078.507078507078	5507.474429583005	16450.57042214269	9691.84586219	SRSF6	27.0	41.0	0.037037037037037035	0.12195121951219512	9691.84586219	10474.678769756127	-0.6378821929286997	-143.6946278462141	0.1645067954300227						
PB.161551.19	Patient27	0	0	0	4	2	2	0	8	917	1439	0.0	5559.416261292564	29.0	15.0	7078.507078507078	5507.474429583005	16450.57042214269	9691.84586219	SRSF6	92.0	45.0	0.0	0.17777777777777778	9691.84586219	10474.678769756127	-0.3945161175566675	-153.91789323984577	-0.007157861309283225						
PB.161551.19	Patient28	0	0	0	0	0	0	0	0	1473	1202	0.0	0.0	29.0	29.0	7078.507078507078	5507.474429583005	16450.57042214269	9691.84586219	SRSF6	299.0	165.0	0.0	0.0	9691.84586219	10474.678769756127	-0.9252642563296142	0.0	2.4858253409437316					1.0	
PB.161551.19	Patient29	2	1	0	0	0	0	3	0	1044	1857	2873.5632183908046	0.0	21.0	29.0	7078.507078507078	5507.474429583005	16450.57042214269	9691.84586219	SRSF6	61.0	35.0	0.04918032786885246	0.0	9691.84586219	10474.678769756127	-0.9252642563296142	0.0	2.4858253409437316	1.0	1.0	1.0	1.0	1.0	
PB.161551.19	Patient30	0	0	2	0	0	0	2	0	1658	1808	1206.2726176115802	0.0	25.0	29.0	7078.507078507078	5507.474429583005	16450.57042214269	9691.84586219	SRSF6	496.0	127.0	0.004032258064516129	0.0	9691.84586219	10474.678769756127	-0.9252642563296142	0.0	2.4858253409437316	1.0	1.0	1.0	1.0	1.0	
PB.161551.19	Patient4	5	2	4	3	3	1	11	7	1554	1450	7078.507078507078	4827.586206896552	16.0	18.0	7078.507078507078	5507.474429583005	16450.57042214269	9691.84586219	SRSF6	197.0	100.0	0.05583756345177665	0.07	9691.84586219	10474.678769756127	-0.4643827044451407	-152.16556550626078	0.02766281606287813						
PB.161551.19	Patient6	2	0	3	1	1	0	5	2	1602	1714	3121.098626716604	1166.8611435239206	20.0	25.0	7078.507078507078	5507.474429583005	16450.57042214269	9691.84586219	SRSF6	77.0	89.0	0.06493506493506493	0.02247191011235955	9691.84586219	10474.678769756127	-0.813865981578408	-126.70307433313776	0.4389972818050978						
PB.161551.19	Patient8	2	8	2	1	3	2	12	6	1359	1179	8830.022075055187	5089.058524173029	13.0	17.0	7078.507078507078	5507.474429583005	16450.57042214269	9691.84586219	SRSF6	217.0	262.0	0.055299539170506916	0.022900763358778626	9691.84586219	10474.678769756127	-0.43942038120603244	-153.11159854809344	0.012380101060998072						
PB.161551.19	Patient9	0	0	0	0	0	0	0	0	1722	1493	0.0	0.0	29.0	29.0	7078.507078507078	5507.474429583005	16450.57042214269	9691.84586219	SRSF6	3.0	7.0	0.0	0.0	9691.84586219	10474.678769756127	-0.9252642563296142	0.0	2.4858253409437316					2.0	
PB.161551.22	Patient1	1	2	2	0	0	0	5	0	1902	1717	2628.8117770767612	0.0	5.0	19.5	813.6696501220504	0.0	1372.4935552085096	1686.99992983565	SRSF6	191.0	95.0	0.02617801047120419	0.0	1686.99992983565	3537.709489716852	-0.47686219988930534	0.0	0.0						
PB.161551.22	Patient14	1	1	1	0	0	0	3	0	1161	1708	2583.9793281653747	0.0	6.0	19.5	813.6696501220504	0.0	1372.4935552085096	1686.99992983565	SRSF6	121.0	44.0	0.024793388429752067	0.0	1686.99992983565	3537.709489716852	-0.47686219988930534	0.0	0.0						
PB.161551.22	Patient15	1	0	1	0	0	0	2	0	1376	2573	1453.4883720930231	0.0	9.0	19.5	813.6696501220504	0.0	1372.4935552085096	1686.99992983565	SRSF6	324.0	294.0	0.006172839506172839	0.0	1686.99992983565	3537.709489716852	-0.47686219988930534	0.0	0.0						
PB.161551.22	Patient16	0	1	0	0	0	0	1	0	1395	1271	716.8458781362007	0.0	18.0	19.5	813.6696501220504	0.0	1372.4935552085096	1686.99992983565	SRSF6	93.0	54.0	0.010752688172043012	0.0	1686.99992983565	3537.709489716852	-0.47686219988930534	0.0	0.0						
PB.161551.22	Patient17	0	1	0	0	0	0	1	0	975	1227	1025.6410256410256	0.0	15.0	19.5	813.6696501220504	0.0	1372.4935552085096	1686.99992983565	SRSF6	56.0	25.0	0.017857142857142856	0.0	1686.99992983565	3537.709489716852	-0.47686219988930534	0.0	0.0						
PB.161551.22	Patient18	0	0	0	0	0	0	0	0	988	1387	0.0	0.0	25.5	19.5	813.6696501220504	0.0	1372.4935552085096	1686.99992983565	SRSF6	157.0	82.0	0.0	0.0	1686.99992983565	3537.709489716852	-0.47686219988930534	0.0	0.0						
PB.161551.22	Patient19	0	0	1	0	0	0	1	0	1229	1548	813.6696501220504	0.0	16.0	19.5	813.6696501220504	0.0	1372.4935552085096	1686.99992983565	SRSF6	74.0	31.0	0.013513513513513514	0.0	1686.99992983565	3537.709489716852	-0.47686219988930534	0.0	0.0						
PB.161551.22	Patient2	1	1	1	0	0	0	3	0	1277	1085	2349.2560689115116	0.0	7.0	19.5	813.6696501220504	0.0	1372.4935552085096	1686.99992983565	SRSF6	88.0	62.0	0.03409090909090909	0.0	1686.99992983565	3537.709489716852	-0.47686219988930534	0.0	0.0						
PB.161551.22	Patient20	0	0	0	0	0	0	0	0	1888	1738	0.0	0.0	25.5	19.5	813.6696501220504	0.0	1372.4935552085096	1686.99992983565	SRSF6	54.0	81.0	0.0	0.0	1686.99992983565	3537.709489716852	-0.47686219988930534	0.0	0.0						
PB.161551.22	Patient21	2	1	2	0	0	0	5	0	1417	1328	3528.5815102328866	0.0	4.0	19.5	813.6696501220504	0.0	1372.4935552085096	1686.99992983565	SRSF6	334.0	122.0	0.014970059880239521	0.0	1686.99992983565	3537.709489716852	-0.47686219988930534	0.0	0.0						
PB.161551.22	Patient22	0	0	0	0	0	0	0	0	1221	2106	0.0	0.0	25.5	19.5	813.6696501220504	0.0	1372.4935552085096	1686.99992983565	SRSF6	58.0	43.0	0.0	0.0	1686.99992983565	3537.709489716852	-0.47686219988930534	0.0	0.0						
PB.161551.22	Patient23	1	0	0	0	0	0	1	0	665	1159	1503.7593984962407	0.0	8.0	19.5	813.6696501220504	0.0	1372.4935552085096	1686.99992983565	SRSF6	27.0	18.0	0.037037037037037035	0.0	1686.99992983565	3537.709489716852	-0.47686219988930534	0.0	0.0						
PB.161551.22	Patient24	0	0	0	0	0	0	0	0	1059	1661	0.0	0.0	25.5	19.5	813.6696501220504	0.0	1372.4935552085096	1686.99992983565	SRSF6	27.0	41.0	0.0	0.0	1686.99992983565	3537.709489716852	-0.47686219988930534	0.0	0.0						
PB.161551.22	Patient25	0	0	0	0	0	0	0	0	1372	1946	0.0	0.0	25.5	19.5	813.6696501220504	0.0	1372.4935552085096	1686.99992983565	SRSF6	341.0	346.0	0.0	0.0	1686.99992983565	3537.709489716852	-0.47686219988930534	0.0	0.0						
PB.161551.22	Patient26	4	4	2	0	0	0	10	0	1690	1469	5917.159763313609	0.0	2.0	19.5	813.6696501220504	0.0	1372.4935552085096	1686.99992983565	SRSF6	668.0	201.0	0.014970059880239521	0.0	1686.99992983565	3537.709489716852	-0.47686219988930534	0.0	0.0						
PB.161551.22	Patient27	0	0	1	0	0	0	1	0	917	1439	1090.5125408942204	0.0	13.0	19.5	813.6696501220504	0.0	1372.4935552085096	1686.99992983565	SRSF6	92.0	45.0	0.010869565217391304	0.0	1686.99992983565	3537.709489716852	-0.47686219988930534	0.0	0.0						
PB.161551.22	Patient28	0	2	0	0	0	0	2	0	1473	1202	1357.7732518669382	0.0	11.0	19.5	813.6696501220504	0.0	1372.4935552085096	1686.99992983565	SRSF6	299.0	165.0	0.006688963210702341	0.0	1686.99992983565	3537.709489716852	-0.47686219988930534	0.0	0.0						
PB.161551.22	Patient29	0	0	0	0	0	0	0	0	1044	1857	0.0	0.0	25.5	19.5	813.6696501220504	0.0	1372.4935552085096	1686.99992983565	SRSF6	61.0	35.0	0.0	0.0	1686.99992983565	3537.709489716852	-0.47686219988930534	0.0	0.0						
PB.161551.22	Patient3	3	4	4	0	0	0	11	0	1987	2019	5535.983895319578	0.0	3.0	19.5	813.6696501220504	0.0	1372.4935552085096	1686.99992983565	SRSF6	371.0	172.0	0.029649595687331536	0.0	1686.99992983565	3537.709489716852	-0.47686219988930534	0.0	0.0						
PB.161551.22	Patient30	0	1	0	0	0	0	1	0	1658	1808	603.1363088057901	0.0	19.0	19.5	813.6696501220504	0.0	1372.4935552085096	1686.99992983565	SRSF6	496.0	127.0	0.0020161290322580645	0.0	1686.99992983565	3537.709489716852	-0.47686219988930534	0.0	0.0						
PB.161551.22	Patient31	0	1	0	0	0	0	1	0	966	1858	1035.1966873706006	0.0	14.0	19.5	813.6696501220504	0.0	1372.4935552085096	1686.99992983565	SRSF6	153.0	125.0	0.006535947712418301	0.0	1686.99992983565	3537.709489716852	-0.47686219988930534	0.0	0.0						
PB.161551.22	Patient4	4	2	5	0	0	0	11	0	1554	1450	7078.507078507078	0.0	1.0	19.5	813.6696501220504	0.0	1372.4935552085096	1686.99992983565	SRSF6	197.0	100.0	0.05583756345177665	0.0	1686.99992983565	3537.709489716852	-0.47686219988930534	0.0	0.0						
PB.161551.22	Patient6	0	0	0	0	0	0	0	0	1602	1714	0.0	0.0	25.5	19.5	813.6696501220504	0.0	1372.4935552085096	1686.99992983565	SRSF6	77.0	89.0	0.0	0.0	1686.99992983565	3537.709489716852	-0.47686219988930534	0.0	0.0						
PB.161551.22	Patient9	0	0	0	0	0	0	0	0	1722	1493	0.0	0.0	25.5	19.5	813.6696501220504	0.0	1372.4935552085096	1686.99992983565	SRSF6	3.0	7.0	0.0	0.0	1686.99992983565	3537.709489716852	-0.47686219988930534	0.0	0.0						
PB.161551.263	Patient1	0	0	0	0	0	0	0	0	1902	1717	0.0	0.0	17.0	16.5	0.0	0.0	1541.5311049250517	2173.7963609038698	SRSF6	191.0	95.0	0.0	0.0	2173.7963609038698	12103.185910290156	-0.17960530202677488	0.0	0.0						
PB.161551.263	Patient10	0	0	0	0	0	0	0	0	1394	2180	0.0	0.0	17.0	16.5	0.0	0.0	1541.5311049250517	2173.7963609038698	SRSF6	248.0	345.0	0.0	0.0	2173.7963609038698	12103.185910290156	-0.17960530202677488	0.0	0.0						
PB.161551.263	Patient11	0	0	0	0	0	0	0	0	1367	2226	0.0	0.0	17.0	16.5	0.0	0.0	1541.5311049250517	2173.7963609038698	SRSF6	299.0	1145.0	0.0	0.0	2173.7963609038698	12103.185910290156	-0.17960530202677488	0.0	0.0						
PB.161551.263	Patient12	0	0	0	0	0	0	0	0	1791	2004	0.0	0.0	17.0	16.5	0.0	0.0	1541.5311049250517	2173.7963609038698	SRSF6	223.0	348.0	0.0	0.0	2173.7963609038698	12103.185910290156	-0.17960530202677488	0.0	0.0						
PB.161551.263	Patient13	0	0	0	0	0	0	0	0	2218	2495	0.0	0.0	17.0	16.5	0.0	0.0	1541.5311049250517	2173.7963609038698	SRSF6	387.0	696.0	0.0	0.0	2173.7963609038698	12103.185910290156	-0.17960530202677488	0.0	0.0						
PB.161551.263	Patient14	0	0	0	0	0	0	0	0	1161	1708	0.0	0.0	17.0	16.5	0.0	0.0	1541.5311049250517	2173.7963609038698	SRSF6	121.0	44.0	0.0	0.0	2173.7963609038698	12103.185910290156	-0.17960530202677488	0.0	0.0						
PB.161551.263	Patient15	0	0	0	0	0	0	0	0	1376	2573	0.0	0.0	17.0	16.5	0.0	0.0	1541.5311049250517	2173.7963609038698	SRSF6	324.0	294.0	0.0	0.0	2173.7963609038698	12103.185910290156	-0.17960530202677488	0.0	0.0						
PB.161551.263	Patient16	0	0	0	0	0	0	0	0	1395	1271	0.0	0.0	17.0	16.5	0.0	0.0	1541.5311049250517	2173.7963609038698	SRSF6	93.0	54.0	0.0	0.0	2173.7963609038698	12103.185910290156	-0.17960530202677488	0.0	0.0						
PB.161551.263	Patient17	0	0	0	0	0	0	0	0	975	1227	0.0	0.0	17.0	16.5	0.0	0.0	1541.5311049250517	2173.7963609038698	SRSF6	56.0	25.0	0.0	0.0	2173.7963609038698	12103.185910290156	-0.17960530202677488	0.0	0.0						
PB.161551.263	Patient18	0	0	0	0	0	0	0	0	988	1387	0.0	0.0	17.0	16.5	0.0	0.0	1541.5311049250517	2173.7963609038698	SRSF6	157.0	82.0	0.0	0.0	2173.7963609038698	12103.185910290156	-0.17960530202677488	0.0	0.0						
PB.161551.263	Patient19	0	0	0	0	0	0	0	0	1229	1548	0.0	0.0	17.0	16.5	0.0	0.0	1541.5311049250517	2173.7963609038698	SRSF6	74.0	31.0	0.0	0.0	2173.7963609038698	12103.185910290156	-0.17960530202677488	0.0	0.0						
PB.161551.263	Patient2	0	0	0	0	0	0	0	0	1277	1085	0.0	0.0	17.0	16.5	0.0	0.0	1541.5311049250517	2173.7963609038698	SRSF6	88.0	62.0	0.0	0.0	2173.7963609038698	12103.185910290156	-0.17960530202677488	0.0	0.0						
PB.161551.263	Patient20	0	0	0	0	0	0	0	0	1888	1738	0.0	0.0	17.0	16.5	0.0	0.0	1541.5311049250517	2173.7963609038698	SRSF6	54.0	81.0	0.0	0.0	2173.7963609038698	12103.185910290156	-0.17960530202677488	0.0	0.0						
PB.161551.263	Patient21	0	0	0	0	0	0	0	0	1417	1328	0.0	0.0	17.0	16.5	0.0	0.0	1541.5311049250517	2173.7963609038698	SRSF6	334.0	122.0	0.0	0.0	2173.7963609038698	12103.185910290156	-0.17960530202677488	0.0	0.0						
PB.161551.263	Patient22	0	0	0	0	0	0	0	0	1221	2106	0.0	0.0	17.0	16.5	0.0	0.0	1541.5311049250517	2173.7963609038698	SRSF6	58.0	43.0	0.0	0.0	2173.7963609038698	12103.185910290156	-0.17960530202677488	0.0	0.0						
PB.161551.263	Patient23	0	0	0	0	0	0	0	0	665	1159	0.0	0.0	17.0	16.5	0.0	0.0	1541.5311049250517	2173.7963609038698	SRSF6	27.0	18.0	0.0	0.0	2173.7963609038698	12103.185910290156	-0.17960530202677488	0.0	0.0						
PB.161551.263	Patient24	0	1	0	0	0	0	1	0	1059	1661	944.2870632672333	0.0	2.0	16.5	0.0	0.0	1541.5311049250517	2173.7963609038698	SRSF6	27.0	41.0	0.037037037037037035	0.0	2173.7963609038698	12103.185910290156	-0.17960530202677488	0.0	0.0						
PB.161551.263	Patient25	0	0	0	0	0	0	0	0	1372	1946	0.0	0.0	17.0	16.5	0.0	0.0	1541.5311049250517	2173.7963609038698	SRSF6	341.0	346.0	0.0	0.0	2173.7963609038698	12103.185910290156	-0.17960530202677488	0.0	0.0						
PB.161551.263	Patient26	0	0	0	0	0	0	0	0	1690	1469	0.0	0.0	17.0	16.5	0.0	0.0	1541.5311049250517	2173.7963609038698	SRSF6	668.0	201.0	0.0	0.0	2173.7963609038698	12103.185910290156	-0.17960530202677488	0.0	0.0						
PB.161551.263	Patient27	0	0	0	0	0	0	0	0	917	1439	0.0	0.0	17.0	16.5	0.0	0.0	1541.5311049250517	2173.7963609038698	SRSF6	92.0	45.0	0.0	0.0	2173.7963609038698	12103.185910290156	-0.17960530202677488	0.0	0.0						
PB.161551.263	Patient29	0	0	0	0	0	0	0	0	1044	1857	0.0	0.0	17.0	16.5	0.0	0.0	1541.5311049250517	2173.7963609038698	SRSF6	61.0	35.0	0.0	0.0	2173.7963609038698	12103.185910290156	-0.17960530202677488	0.0	0.0						
PB.161551.263	Patient3	0	0	0	0	0	0	0	0	1987	2019	0.0	0.0	17.0	16.5	0.0	0.0	1541.5311049250517	2173.7963609038698	SRSF6	371.0	172.0	0.0	0.0	2173.7963609038698	12103.185910290156	-0.17960530202677488	0.0	0.0						
PB.161551.263	Patient30	0	0	0	0	0	0	0	0	1658	1808	0.0	0.0	17.0	16.5	0.0	0.0	1541.5311049250517	2173.7963609038698	SRSF6	496.0	127.0	0.0	0.0	2173.7963609038698	12103.185910290156	-0.17960530202677488	0.0	0.0						
PB.161551.263	Patient31	0	0	0	0	0	0	0	0	966	1858	0.0	0.0	17.0	16.5	0.0	0.0	1541.5311049250517	2173.7963609038698	SRSF6	153.0	125.0	0.0	0.0	2173.7963609038698	12103.185910290156	-0.17960530202677488	0.0	0.0						
PB.161551.263	Patient4	0	0	0	0	0	0	0	0	1554	1450	0.0	0.0	17.0	16.5	0.0	0.0	1541.5311049250517	2173.7963609038698	SRSF6	197.0	100.0	0.0	0.0	2173.7963609038698	12103.185910290156	-0.17960530202677488	0.0	0.0						
PB.161551.263	Patient5	0	0	0	0	0	0	0	0	1596	1993	0.0	0.0	17.0	16.5	0.0	0.0	1541.5311049250517	2173.7963609038698	SRSF6	354.0	682.0	0.0	0.0	2173.7963609038698	12103.185910290156	-0.17960530202677488	0.0	0.0						
PB.161551.263	Patient6	0	0	0	0	0	0	0	0	1602	1714	0.0	0.0	17.0	16.5	0.0	0.0	1541.5311049250517	2173.7963609038698	SRSF6	77.0	89.0	0.0	0.0	2173.7963609038698	12103.185910290156	-0.17960530202677488	0.0	0.0						
PB.161551.263	Patient7	0	0	0	0	0	0	0	0	1726	1705	0.0	0.0	17.0	16.5	0.0	0.0	1541.5311049250517	2173.7963609038698	SRSF6	262.0	375.0	0.0	0.0	2173.7963609038698	12103.185910290156	-0.17960530202677488	0.0	0.0						
PB.161551.263	Patient8	0	0	0	0	0	0	0	0	1359	1179	0.0	0.0	17.0	16.5	0.0	0.0	1541.5311049250517	2173.7963609038698	SRSF6	217.0	262.0	0.0	0.0	2173.7963609038698	12103.185910290156	-0.17960530202677488	0.0	0.0						
PB.161551.263	Patient9	0	0	0	0	0	0	0	0	1722	1493	0.0	0.0	17.0	16.5	0.0	0.0	1541.5311049250517	2173.7963609038698	SRSF6	3.0	7.0	0.0	0.0	2173.7963609038698	12103.185910290156	-0.17960530202677488	0.0	0.0						
PB.161551.31	Patient1	2	0	0	2	1	1	2	4	1902	1717	1051.5247108307044	2329.6447291788004	19.0	13.0	3036.4372469635628	1843.3179723502303	3514.1734442160996	2625.086178446902	SRSF6	191.0	95.0	0.010471204188481676	0.042105263157894736	2625.086178446902	2971.02755035516	-0.09944083124802537	-120.9853474702632	-0.038751904813084936						
PB.161551.31	Patient10	3	4	5	0	0	0	12	0	1394	2180	8608.32137733142	0.0	5.0	26.5	3036.4372469635628	1843.3179723502303	3514.1734442160996	2625.086178446902	SRSF6	248.0	345.0	0.04838709677419355	0.0	2625.086178446902	2971.02755035516	-0.8835617085183529	0.0	1.9803693227111383					2.0	
PB.161551.31	Patient12	2	2	2	2	2	1	6	5	1791	2004	3350.0837520938026	2495.0099800399203	14.0	12.0	3036.4372469635628	1843.3179723502303	3514.1734442160996	2625.086178446902	SRSF6	223.0	348.0	0.026905829596412557	0.014367816091954023	2625.086178446902	2971.02755035516	-0.0437815524098497	-122.05492088347741	-0.05647407451103922						
PB.161551.31	Patient14	1	0	3	3	0	0	4	3	1161	1708	3445.305770887166	1756.440281030445	13.0	17.0	3036.4372469635628	1843.3179723502303	3514.1734442160996	2625.086178446902	SRSF6	121.0	44.0	0.03305785123966942	0.06818181818181818	2625.086178446902	2971.02755035516	-0.2923722122040296	-118.43345395850248	0.0180002669396532						
PB.161551.31	Patient17	1	0	0	0	0	0	1	0	975	1227	1025.6410256410256	0.0	20.0	26.5	3036.4372469635628	1843.3179723502303	3514.1734442160996	2625.086178446902	SRSF6	56.0	25.0	0.017857142857142856	0.0	2625.086178446902	2971.02755035516	-0.8835617085183529	0.0	1.9803693227111383					1.0	
PB.161551.31	Patient19	0	0	0	0	0	0	0	0	1229	1548	0.0	0.0	27.5	26.5	3036.4372469635628	1843.3179723502303	3514.1734442160996	2625.086178446902	SRSF6	74.0	31.0	0.0	0.0	2625.086178446902	2971.02755035516	-0.8835617085183529	0.0	1.9803693227111383					1.0	
PB.161551.31	Patient2	1	0	0	1	0	1	1	2	1277	1085	783.0853563038371	1843.3179723502303	22.0	16.0	3036.4372469635628	1843.3179723502303	3514.1734442160996	2625.086178446902	SRSF6	88.0	62.0	0.011363636363636364	0.03225806451612903	2625.086178446902	2971.02755035516	-0.2631305812035362	-118.85970907640544	0.007406091578567123						
PB.161551.31	Patient20	0	0	0	0	0	0	0	0	1888	1738	0.0	0.0	27.5	26.5	3036.4372469635628	1843.3179723502303	3514.1734442160996	2625.086178446902	SRSF6	54.0	81.0	0.0	0.0	2625.086178446902	2971.02755035516	-0.8835617085183529	0.0	1.9803693227111383	1.0	1.0	1.0	1.0	1.0	
PB.161551.31	Patient21	3	2	1	2	1	0	6	3	1417	1328	4234.297812279464	2259.0361445783133	9.0	14.0	3036.4372469635628	1843.3179723502303	3514.1734442160996	2625.086178446902	SRSF6	334.0	122.0	0.017964071856287425	0.02459016393442623	2625.086178446902	2971.02755035516	-0.1232065430779431	-120.50532980854791	-0.03079830915164343						
PB.161551.31	Patient22	0	0	1	0	0	0	1	0	1221	2106	819.0008190008191	0.0	21.0	26.5	3036.4372469635628	1843.3179723502303	3514.1734442160996	2625.086178446902	SRSF6	58.0	43.0	0.017241379310344827	0.0	2625.086178446902	2971.02755035516	-0.8835617085183529	0.0	1.9803693227111383					1.0	
PB.161551.31	Patient23	0	0	0	0	0	0	0	0	665	1159	0.0	0.0	27.5	26.5	3036.4372469635628	1843.3179723502303	3514.1734442160996	2625.086178446902	SRSF6	27.0	18.0	0.0	0.0	2625.086178446902	2971.02755035516	-0.8835617085183529	0.0	1.9803693227111383					1.0	
PB.161551.31	Patient24	0	0	0	0	0	0	0	0	1059	1661	0.0	0.0	27.5	26.5	3036.4372469635628	1843.3179723502303	3514.1734442160996	2625.086178446902	SRSF6	27.0	41.0	0.0	0.0	2625.086178446902	2971.02755035516	-0.8835617085183529	0.0	1.9803693227111383	1.0	1.0	1.0	1.0	1.0	
PB.161551.31	Patient27	0	0	0	0	0	1	0	1	917	1439	0.0	694.9270326615705	27.5	21.0	3036.4372469635628	1843.3179723502303	3514.1734442160996	2625.086178446902	SRSF6	92.0	45.0	0.0	0.022222222222222223	2625.086178446902	2971.02755035516	-0.6496604669837538	-103.74946934119137	0.2613048068759144						
PB.161551.31	Patient28	1	0	0	1	1	0	1	2	1473	1202	678.8866259334691	1663.8935108153078	23.0	19.0	3036.4372469635628	1843.3179723502303	3514.1734442160996	2625.086178446902	SRSF6	299.0	165.0	0.0033444816053511705	0.012121212121212121	2625.086178446902	2971.02755035516	-0.32352196381238274	-117.575952669639	0.03220853274890236						
PB.161551.31	Patient29	2	0	1	0	0	0	3	0	1044	1857	2873.5632183908046	0.0	17.0	26.5	3036.4372469635628	1843.3179723502303	3514.1734442160996	2625.086178446902	SRSF6	61.0	35.0	0.04918032786885246	0.0	2625.086178446902	2971.02755035516	-0.8835617085183529	0.0	1.9803693227111383						
PB.161551.31	Patient30	4	0	3	1	0	3	7	4	1658	1808	4221.95416164053	2212.3893805309735	10.0	15.0	3036.4372469635628	1843.3179723502303	3514.1734442160996	2625.086178446902	SRSF6	496.0	127.0	0.014112903225806451	0.031496062992125984	2625.086178446902	2971.02755035516	-0.1389070922168306	-120.17991327427679	-0.02540635851822009						
PB.161551.31	Patient31	0	0	4	1	0	1	4	2	966	1858	4140.786749482402	1076.426264800861	11.0	20.0	3036.4372469635628	1843.3179723502303	3514.1734442160996	2625.086178446902	SRSF6	153.0	125.0	0.026143790849673203	0.016	2625.086178446902	2971.02755035516	-0.5212539727074939	-110.6777657361142	0.14650722223928372						
PB.161551.31	Patient6	2	2	3	1	0	2	7	3	1602	1714	4369.5380774032465	1750.291715285881	8.0	18.0	3036.4372469635628	1843.3179723502303	3514.1734442160996	2625.086178446902	SRSF6	77.0	89.0	0.09090909090909091	0.033707865168539325	2625.086178446902	2971.02755035516	-0.29444172035915556	-118.37790012245799	0.01892075963102838						
PB.161551.31	Patient7	0	0	0	0	0	0	0	0	1726	1705	0.0	0.0	27.5	26.5	3036.4372469635628	1843.3179723502303	3514.1734442160996	2625.086178446902	SRSF6	262.0	375.0	0.0	0.0	2625.086178446902	2971.02755035516	-0.8835617085183529	0.0	1.9803693227111383					2.0	
PB.161551.31	Patient9	0	0	0	0	0	0	0	0	1722	1493	0.0	0.0	27.5	26.5	3036.4372469635628	1843.3179723502303	3514.1734442160996	2625.086178446902	SRSF6	3.0	7.0	0.0	0.0	2625.086178446902	2971.02755035516	-0.8835617085183529	0.0	1.9803693227111383						
PB.161551.35	Patient1	2	0	0	0	0	0	2	0	1902	1717	1051.5247108307044	0.0	2.0	17.5	0.0	0.0	1437.072684758524	111.6836721251508	SRSF6	191.0	95.0	0.010471204188481676	0.0	111.6836721251508	382.3950112081929	-0.2920636223058497	0.0	0.0						
PB.161551.35	Patient11	0	0	0	0	0	0	0	0	1367	2226	0.0	0.0	18.5	17.5	0.0	0.0	1437.072684758524	111.6836721251508	SRSF6	299.0	1145.0	0.0	0.0	111.6836721251508	382.3950112081929	-0.2920636223058497	0.0	0.0						
PB.161551.35	Patient12	0	0	0	0	0	0	0	0	1791	2004	0.0	0.0	18.5	17.5	0.0	0.0	1437.072684758524	111.6836721251508	SRSF6	223.0	348.0	0.0	0.0	111.6836721251508	382.3950112081929	-0.2920636223058497	0.0	0.0						
PB.161551.35	Patient13	0	0	0	0	0	0	0	0	2218	2495	0.0	0.0	18.5	17.5	0.0	0.0	1437.072684758524	111.6836721251508	SRSF6	387.0	696.0	0.0	0.0	111.6836721251508	382.3950112081929	-0.2920636223058497	0.0	0.0						
PB.161551.35	Patient14	0	0	0	0	0	0	0	0	1161	1708	0.0	0.0	18.5	17.5	0.0	0.0	1437.072684758524	111.6836721251508	SRSF6	121.0	44.0	0.0	0.0	111.6836721251508	382.3950112081929	-0.2920636223058497	0.0	0.0						
PB.161551.35	Patient15	0	0	1	0	0	0	1	0	1376	2573	726.7441860465116	0.0	5.0	17.5	0.0	0.0	1437.072684758524	111.6836721251508	SRSF6	324.0	294.0	0.0030864197530864196	0.0	111.6836721251508	382.3950112081929	-0.2920636223058497	0.0	0.0						
PB.161551.35	Patient16	0	0	0	0	0	0	0	0	1395	1271	0.0	0.0	18.5	17.5	0.0	0.0	1437.072684758524	111.6836721251508	SRSF6	93.0	54.0	0.0	0.0	111.6836721251508	382.3950112081929	-0.2920636223058497	0.0	0.0						
PB.161551.35	Patient17	0	1	0	0	0	0	1	0	975	1227	1025.6410256410256	0.0	3.0	17.5	0.0	0.0	1437.072684758524	111.6836721251508	SRSF6	56.0	25.0	0.017857142857142856	0.0	111.6836721251508	382.3950112081929	-0.2920636223058497	0.0	0.0						
PB.161551.35	Patient18	1	0	0	0	0	0	1	0	988	1387	1012.1457489878543	0.0	4.0	17.5	0.0	0.0	1437.072684758524	111.6836721251508	SRSF6	157.0	82.0	0.006369426751592357	0.0	111.6836721251508	382.3950112081929	-0.2920636223058497	0.0	0.0						
PB.161551.35	Patient19	0	0	0	0	0	0	0	0	1229	1548	0.0	0.0	18.5	17.5	0.0	0.0	1437.072684758524	111.6836721251508	SRSF6	74.0	31.0	0.0	0.0	111.6836721251508	382.3950112081929	-0.2920636223058497	0.0	0.0						
PB.161551.35	Patient2	0	0	0	0	0	0	0	0	1277	1085	0.0	0.0	18.5	17.5	0.0	0.0	1437.072684758524	111.6836721251508	SRSF6	88.0	62.0	0.0	0.0	111.6836721251508	382.3950112081929	-0.2920636223058497	0.0	0.0						
PB.161551.35	Patient20	0	0	0	0	0	0	0	0	1888	1738	0.0	0.0	18.5	17.5	0.0	0.0	1437.072684758524	111.6836721251508	SRSF6	54.0	81.0	0.0	0.0	111.6836721251508	382.3950112081929	-0.2920636223058497	0.0	0.0						
PB.161551.35	Patient21	0	0	0	0	0	0	0	0	1417	1328	0.0	0.0	18.5	17.5	0.0	0.0	1437.072684758524	111.6836721251508	SRSF6	334.0	122.0	0.0	0.0	111.6836721251508	382.3950112081929	-0.2920636223058497	0.0	0.0						
PB.161551.35	Patient22	0	0	0	0	0	0	0	0	1221	2106	0.0	0.0	18.5	17.5	0.0	0.0	1437.072684758524	111.6836721251508	SRSF6	58.0	43.0	0.0	0.0	111.6836721251508	382.3950112081929	-0.2920636223058497	0.0	0.0						
PB.161551.35	Patient23	0	0	0	0	0	0	0	0	665	1159	0.0	0.0	18.5	17.5	0.0	0.0	1437.072684758524	111.6836721251508	SRSF6	27.0	18.0	0.0	0.0	111.6836721251508	382.3950112081929	-0.2920636223058497	0.0	0.0						
PB.161551.35	Patient24	0	0	0	0	0	0	0	0	1059	1661	0.0	0.0	18.5	17.5	0.0	0.0	1437.072684758524	111.6836721251508	SRSF6	27.0	41.0	0.0	0.0	111.6836721251508	382.3950112081929	-0.2920636223058497	0.0	0.0						
PB.161551.35	Patient25	0	0	0	0	0	0	0	0	1372	1946	0.0	0.0	18.5	17.5	0.0	0.0	1437.072684758524	111.6836721251508	SRSF6	341.0	346.0	0.0	0.0	111.6836721251508	382.3950112081929	-0.2920636223058497	0.0	0.0						
PB.161551.35	Patient26	0	0	0	0	0	0	0	0	1690	1469	0.0	0.0	18.5	17.5	0.0	0.0	1437.072684758524	111.6836721251508	SRSF6	668.0	201.0	0.0	0.0	111.6836721251508	382.3950112081929	-0.2920636223058497	0.0	0.0						
PB.161551.35	Patient27	0	0	0	0	0	0	0	0	917	1439	0.0	0.0	18.5	17.5	0.0	0.0	1437.072684758524	111.6836721251508	SRSF6	92.0	45.0	0.0	0.0	111.6836721251508	382.3950112081929	-0.2920636223058497	0.0	0.0						
PB.161551.35	Patient29	0	0	0	0	0	0	0	0	1044	1857	0.0	0.0	18.5	17.5	0.0	0.0	1437.072684758524	111.6836721251508	SRSF6	61.0	35.0	0.0	0.0	111.6836721251508	382.3950112081929	-0.2920636223058497	0.0	0.0						
PB.161551.35	Patient3	0	0	0	0	0	0	0	0	1987	2019	0.0	0.0	18.5	17.5	0.0	0.0	1437.072684758524	111.6836721251508	SRSF6	371.0	172.0	0.0	0.0	111.6836721251508	382.3950112081929	-0.2920636223058497	0.0	0.0						
PB.161551.35	Patient30	0	0	0	0	0	0	0	0	1658	1808	0.0	0.0	18.5	17.5	0.0	0.0	1437.072684758524	111.6836721251508	SRSF6	496.0	127.0	0.0	0.0	111.6836721251508	382.3950112081929	-0.2920636223058497	0.0	0.0						
PB.161551.35	Patient31	0	0	0	0	0	0	0	0	966	1858	0.0	0.0	18.5	17.5	0.0	0.0	1437.072684758524	111.6836721251508	SRSF6	153.0	125.0	0.0	0.0	111.6836721251508	382.3950112081929	-0.2920636223058497	0.0	0.0						
PB.161551.35	Patient4	0	0	0	0	0	0	0	0	1554	1450	0.0	0.0	18.5	17.5	0.0	0.0	1437.072684758524	111.6836721251508	SRSF6	197.0	100.0	0.0	0.0	111.6836721251508	382.3950112081929	-0.2920636223058497	0.0	0.0						
PB.161551.35	Patient5	0	0	0	0	0	0	0	0	1596	1993	0.0	0.0	18.5	17.5	0.0	0.0	1437.072684758524	111.6836721251508	SRSF6	354.0	682.0	0.0	0.0	111.6836721251508	382.3950112081929	-0.2920636223058497	0.0	0.0						
PB.161551.35	Patient6	0	0	0	0	0	0	0	0	1602	1714	0.0	0.0	18.5	17.5	0.0	0.0	1437.072684758524	111.6836721251508	SRSF6	77.0	89.0	0.0	0.0	111.6836721251508	382.3950112081929	-0.2920636223058497	0.0	0.0						
PB.161551.35	Patient7	0	0	0	0	0	0	0	0	1726	1705	0.0	0.0	18.5	17.5	0.0	0.0	1437.072684758524	111.6836721251508	SRSF6	262.0	375.0	0.0	0.0	111.6836721251508	382.3950112081929	-0.2920636223058497	0.0	0.0						
PB.161551.35	Patient8	0	0	0	0	0	0	0	0	1359	1179	0.0	0.0	18.5	17.5	0.0	0.0	1437.072684758524	111.6836721251508	SRSF6	217.0	262.0	0.0	0.0	111.6836721251508	382.3950112081929	-0.2920636223058497	0.0	0.0						
PB.161551.38	Patient1	17	29	27	1	3	2	73	6	1902	1717	38380.651945320715	3494.4670937682004	8.0	10.0	12307.692307692309	1843.3179723502303	24056.45237058164	27881.244818305102	SRSF6	191.0	95.0	0.38219895287958117	0.06315789473684211	27881.244818305102	58330.05830470048	-0.41808251925871487	-126.84556755022884	-0.16658535794423115						
PB.161551.38	Patient14	13	12	14	1	0	1	39	2	1161	1708	33591.73126614987	1170.9601873536299	9.0	19.0	12307.692307692309	1843.3179723502303	24056.45237058164	27881.244818305102	SRSF6	121.0	44.0	0.32231404958677684	0.045454545454545456	27881.244818305102	58330.05830470048	-0.4579163026277834	-111.38103404200103	0.11809616675759985						
PB.161551.38	Patient15	26	22	17	0	0	2	65	2	1376	2573	47238.37209302326	777.3027594247959	5.0	22.0	12307.692307692309	1843.3179723502303	24056.45237058164	27881.244818305102	SRSF6	324.0	294.0	0.2006172839506173	0.006802721088435374	27881.244818305102	58330.05830470048	-0.46466509457776695	-104.92937798013574	0.2309277037920215						
PB.161551.38	Patient16	17	14	10	1	1	0	41	2	1395	1271	29390.681003584228	1573.5641227380015	11.0	18.0	12307.692307692309	1843.3179723502303	24056.45237058164	27881.244818305102	SRSF6	93.0	54.0	0.44086021505376344	0.037037037037037035	27881.244818305102	58330.05830470048	-0.45101413336744633	-116.03556124767553	0.036694205191634625						
PB.161551.38	Patient17	5	4	3	0	0	0	12	0	975	1227	12307.692307692309	0.0	16.0	29.0	12307.692307692309	1843.3179723502303	24056.45237058164	27881.244818305102	SRSF6	56.0	25.0	0.21428571428571427	0.0	27881.244818305102	58330.05830470048	-0.4779910329021275	0.0	2.066013592443925	1.0	1.0	1.0	1.0	2.0	
PB.161551.38	Patient18	14	8	9	1	0	0	31	1	988	1387	31376.518218623478	720.9805335255948	10.0	23.0	12307.692307692309	1843.3179723502303	24056.45237058164	27881.244818305102	SRSF6	157.0	82.0	0.19745222929936307	0.012195121951219513	27881.244818305102	58330.05830470048	-0.465630672661111	-103.74537804387825	0.25163440783445085						
PB.161551.38	Patient19	6	11	8	0	0	0	25	0	1229	1548	20341.74125305126	0.0	12.0	29.0	12307.692307692309	1843.3179723502303	24056.45237058164	27881.244818305102	SRSF6	74.0	31.0	0.33783783783783783	0.0	27881.244818305102	58330.05830470048	-0.4779910329021275	0.0	2.066013592443925	1.0	1.0	1.0	1.0	2.0	
PB.161551.38	Patient2	9	3	12	1	1	0	24	2	1277	1085	18794.048551292093	1843.3179723502303	13.0	16.0	12307.692307692309	1843.3179723502303	24056.45237058164	27881.244818305102	SRSF6	88.0	62.0	0.2727272727272727	0.03225806451612903	27881.244818305102	58330.05830470048	-0.44638952201864385	-117.76940137126218	-0.0014828919444573939						
PB.161551.38	Patient20	7	6	6	0	0	1	19	1	1888	1738	10063.559322033898	575.3739930955121	19.0	26.0	12307.692307692309	1843.3179723502303	24056.45237058164	27881.244818305102	SRSF6	54.0	81.0	0.35185185185185186	0.012345679012345678	27881.244818305102	58330.05830470048	-0.4681269249307294	-100.195125217946	0.3137239673784727						
PB.161551.38	Patient21	38	29	34	2	1	1	101	4	1417	1328	71277.34650670431	3012.0481927710844	2.0	13.0	12307.692307692309	1843.3179723502303	24056.45237058164	27881.244818305102	SRSF6	334.0	122.0	0.3023952095808383	0.03278688524590164	27881.244818305102	58330.05830470048	-0.42635302189523017	-124.53671529649023	-0.12620636903399518						
PB.161551.38	Patient22	4	3	2	0	0	0	9	0	1221	2106	7371.007371007371	0.0	25.0	29.0	12307.692307692309	1843.3179723502303	24056.45237058164	27881.244818305102	SRSF6	58.0	43.0	0.15517241379310345	0.0	27881.244818305102	58330.05830470048	-0.4779910329021275	0.0	2.066013592443925	1.0	1.0	1.0	1.0	2.0	
PB.161551.38	Patient23	3	1	4	0	0	1	8	1	665	1159	12030.075187969926	862.8127696289905	17.0	20.0	12307.692307692309	1843.3179723502303	24056.45237058164	27881.244818305102	SRSF6	27.0	18.0	0.2962962962962963	0.05555555555555555	27881.244818305102	58330.05830470048	-0.4631991263841897	-106.57241463702157	0.20219301154825564						
PB.161551.38	Patient24	4	3	0	1	0	0	7	1	1059	1661	6610.0094428706325	602.0469596628537	26.0	25.0	12307.692307692309	1843.3179723502303	24056.45237058164	27881.244818305102	SRSF6	27.0	41.0	0.25925925925925924	0.024390243902439025	27881.244818305102	58330.05830470048	-0.467669648402254	-100.90817119506687	0.30125366939555476						
PB.161551.38	Patient25	28	38	25	0	4	3	91	7	1372	1946	66326.5306122449	3597.1223021582737	4.0	9.0	12307.692307692309	1843.3179723502303	24056.45237058164	27881.244818305102	SRSF6	341.0	346.0	0.2668621700879765	0.02023121387283237	27881.244818305102	58330.05830470048	-0.41632261687950195	-127.2955564380066	-0.17445511066655708						
PB.161551.38	Patient26	54	53	36	0	1	2	143	3	1690	1469	84615.38461538462	2042.2055820285907	1.0	15.0	12307.692307692309	1843.3179723502303	24056.45237058164	27881.244818305102	SRSF6	668.0	201.0	0.21407185628742514	0.014925373134328358	27881.244818305102	58330.05830470048	-0.4429798287068452	-118.49803711130649	-0.020597307615193898						
PB.161551.38	Patient27	3	3	8	1	0	0	14	1	917	1439	15267.175572519083	694.9270326615705	14.0	24.0	12307.692307692309	1843.3179723502303	24056.45237058164	27881.244818305102	SRSF6	92.0	45.0	0.15217391304347827	0.022222222222222223	27881.244818305102	58330.05830470048	-0.46607732918128675	-103.16607201559857	0.26176575844541383						
PB.161551.38	Patient28	3	4	6	0	0	1	13	1	1473	1202	8825.526137135099	831.9467554076539	22.0	21.0	12307.692307692309	1843.3179723502303	24056.45237058164	27881.244818305102	SRSF6	299.0	165.0	0.043478260869565216	0.006060606060606061	27881.244818305102	58330.05830470048	-0.46372828776544706	-105.99889384931885	0.21222318541015567						
PB.161551.38	Patient29	2	2	6	0	0	0	10	0	1044	1857	9578.544061302682	0.0	21.0	29.0	12307.692307692309	1843.3179723502303	24056.45237058164	27881.244818305102	SRSF6	61.0	35.0	0.16393442622950818	0.0	27881.244818305102	58330.05830470048	-0.4779910329021275	0.0	2.066013592443925					2.0	
PB.161551.38	Patient3	29	26	38	2	2	3	93	7	1987	2019	46804.22747861098	3467.0629024269438	6.0	11.0	12307.692307692309	1843.3179723502303	24056.45237058164	27881.244818305102	SRSF6	371.0	172.0	0.25067385444743934	0.040697674418604654	27881.244818305102	58330.05830470048	-0.41855233177284107	-126.7232056229385	-0.16444539818842982						
PB.161551.38	Patient30	33	42	37	2	0	1	112	3	1658	1808	67551.26658624849	1659.2920353982302	3.0	17.0	12307.692307692309	1843.3179723502303	24056.45237058164	27881.244818305102	SRSF6	496.0	127.0	0.22580645161290322	0.023622047244094488	27881.244818305102	58330.05830470048	-0.44954442949346063	-116.87118345492203	0.022080199559651292						
PB.161551.38	Patient31	4	3	7	0	2	2	14	4	966	1858	14492.753623188406	2152.852529601722	15.0	14.0	12307.692307692309	1843.3179723502303	24056.45237058164	27881.244818305102	SRSF6	153.0	125.0	0.0915032679738562	0.032	27881.244818305102	58330.05830470048	-0.4410829173923538	-119.31791962553505	-0.03493604535647847						
PB.161551.38	Patient4	23	17	29	0	4	1	69	5	1554	1450	44401.5444015444	3448.2758620689656	7.0	12.0	12307.692307692309	1843.3179723502303	24056.45237058164	27881.244818305102	SRSF6	197.0	100.0	0.350253807106599	0.05	27881.244818305102	58330.05830470048	-0.41887441340457615	-126.63876004400042	-0.16296854877550723						
PB.161551.38	Patient6	0	0	0	10	7	10	0	27	1602	1714	0.0	15752.625437572928	30.5	8.0	12307.692307692309	1843.3179723502303	24056.45237058164	27881.244818305102	SRSF6	77.0	89.0	0.0	0.30337078651685395	27881.244818305102	58330.05830470048	-0.20793086331879768	-150.25210375946483	-0.5759369154071969						
PB.161551.38	Patient9	0	0	0	0	0	0	0	0	1722	1493	0.0	0.0	30.5	29.0	12307.692307692309	1843.3179723502303	24056.45237058164	27881.244818305102	SRSF6	3.0	7.0	0.0	0.0	27881.244818305102	58330.05830470048	-0.4779910329021275	0.0	2.066013592443925						
PB.161551.51	Patient1	0	0	0	0	0	0	0	0	1902	1717	0.0	0.0	23.5	23.5	0.0	0.0	1473.3934869156656	889.2655802983257	SRSF6	191.0	95.0	0.0	0.0	889.2655802983257	1347.6890146738165	-0.6598447940258356	0.0	0.8331310991722765						
PB.161551.51	Patient10	3	4	7	0	0	0	14	0	1394	2180	10043.041606886656	0.0	2.0	23.5	0.0	0.0	1473.3934869156656	889.2655802983257	SRSF6	248.0	345.0	0.056451612903225805	0.0	889.2655802983257	1347.6890146738165	-0.6598447940258356	0.0	0.8331310991722765						
PB.161551.51	Patient14	0	0	0	0	0	0	0	0	1161	1708	0.0	0.0	23.5	23.5	0.0	0.0	1473.3934869156656	889.2655802983257	SRSF6	121.0	44.0	0.0	0.0	889.2655802983257	1347.6890146738165	-0.6598447940258356	0.0	0.8331310991722765						
PB.161551.51	Patient17	0	0	0	0	0	0	0	0	975	1227	0.0	0.0	23.5	23.5	0.0	0.0	1473.3934869156656	889.2655802983257	SRSF6	56.0	25.0	0.0	0.0	889.2655802983257	1347.6890146738165	-0.6598447940258356	0.0	0.8331310991722765						
PB.161551.51	Patient19	0	0	0	0	1	0	0	1	1229	1548	0.0	645.9948320413437	23.5	13.0	0.0	0.0	1473.3934869156656	889.2655802983257	SRSF6	74.0	31.0	0.0	0.03225806451612903	889.2655802983257	1347.6890146738165	-0.1805095579233918	-9.337610378316924	-1.7374444105945936						
PB.161551.51	Patient2	0	0	1	0	0	0	1	0	1277	1085	783.0853563038371	0.0	14.0	23.5	0.0	0.0	1473.3934869156656	889.2655802983257	SRSF6	88.0	62.0	0.011363636363636364	0.0	889.2655802983257	1347.6890146738165	-0.6598447940258356	0.0	0.8331310991722765						
PB.161551.51	Patient21	0	2	0	0	0	1	2	1	1417	1328	1411.4326040931546	753.0120481927711	11.0	12.0	0.0	0.0	1473.3934869156656	889.2655802983257	SRSF6	334.0	122.0	0.005988023952095809	0.00819672131147541	889.2655802983257	1347.6890146738165	-0.1011016121835291	-9.558443765959767	-1.7785347666372588						
PB.161551.51	Patient22	0	0	0	0	0	0	0	0	1221	2106	0.0	0.0	23.5	23.5	0.0	0.0	1473.3934869156656	889.2655802983257	SRSF6	58.0	43.0	0.0	0.0	889.2655802983257	1347.6890146738165	-0.6598447940258356	0.0	0.8331310991722765						
PB.161551.51	Patient23	0	0	0	0	0	0	0	0	665	1159	0.0	0.0	23.5	23.5	0.0	0.0	1473.3934869156656	889.2655802983257	SRSF6	27.0	18.0	0.0	0.0	889.2655802983257	1347.6890146738165	-0.6598447940258356	0.0	0.8331310991722765						
PB.161551.51	Patient24	0	1	0	0	0	0	1	0	1059	1661	944.2870632672333	0.0	13.0	23.5	0.0	0.0	1473.3934869156656	889.2655802983257	SRSF6	27.0	41.0	0.037037037037037035	0.0	889.2655802983257	1347.6890146738165	-0.6598447940258356	0.0	0.8331310991722765						
PB.161551.51	Patient27	2	0	0	0	0	0	2	0	917	1439	2181.0250817884407	0.0	7.0	23.5	0.0	0.0	1473.3934869156656	889.2655802983257	SRSF6	92.0	45.0	0.021739130434782608	0.0	889.2655802983257	1347.6890146738165	-0.6598447940258356	0.0	0.8331310991722765						
PB.161551.51	Patient28	0	0	0	0	0	0	0	0	1473	1202	0.0	0.0	23.5	23.5	0.0	0.0	1473.3934869156656	889.2655802983257	SRSF6	299.0	165.0	0.0	0.0	889.2655802983257	1347.6890146738165	-0.6598447940258356	0.0	0.8331310991722765						
PB.161551.51	Patient29	0	0	0	1	0	0	0	1	1044	1857	0.0	538.5029617662897	23.5	14.0	0.0	0.0	1473.3934869156656	889.2655802983257	SRSF6	61.0	35.0	0.0	0.02857142857142857	889.2655802983257	1347.6890146738165	-0.26026970221830575	-9.075487069624828	-1.688671259957339						
PB.161551.51	Patient3	2	1	0	0	1	0	3	1	1987	2019	1509.813789632612	495.2947003467063	10.0	15.0	0.0	0.0	1473.3934869156656	889.2655802983257	SRSF6	371.0	172.0	0.008086253369272238	0.005813953488372093	889.2655802983257	1347.6890146738165	-0.29233070512708226	-8.955053238759248	-1.666262198344553						
PB.161551.51	Patient30	3	0	1	0	0	0	4	0	1658	1808	2412.5452352231605	0.0	6.0	23.5	0.0	0.0	1473.3934869156656	889.2655802983257	SRSF6	496.0	127.0	0.008064516129032258	0.0	889.2655802983257	1347.6890146738165	-0.6598447940258356	0.0	0.8331310991722765						
PB.161551.51	Patient31	0	0	0	0	0	0	0	0	966	1858	0.0	0.0	23.5	23.5	0.0	0.0	1473.3934869156656	889.2655802983257	SRSF6	153.0	125.0	0.0	0.0	889.2655802983257	1347.6890146738165	-0.6598447940258356	0.0	0.8331310991722765						
PB.161551.51	Patient5	1	0	1	0	0	0	2	0	1596	1993	1253.1328320802004	0.0	12.0	23.5	0.0	0.0	1473.3934869156656	889.2655802983257	SRSF6	354.0	682.0	0.005649717514124294	0.0	889.2655802983257	1347.6890146738165	-0.6598447940258356	0.0	0.8331310991722765						
PB.161551.51	Patient6	0	0	0	0	0	0	0	0	1602	1714	0.0	0.0	23.5	23.5	0.0	0.0	1473.3934869156656	889.2655802983257	SRSF6	77.0	89.0	0.0	0.0	889.2655802983257	1347.6890146738165	-0.6598447940258356	0.0	0.8331310991722765						
PB.161551.51	Patient7	1	0	2	0	0	0	3	0	1726	1705	1738.1228273464658	0.0	9.0	23.5	0.0	0.0	1473.3934869156656	889.2655802983257	SRSF6	262.0	375.0	0.011450381679389313	0.0	889.2655802983257	1347.6890146738165	-0.6598447940258356	0.0	0.8331310991722765						
PB.161551.51	Patient8	0	2	4	0	0	1	6	1	1359	1179	4415.0110375275935	848.1764206955047	3.0	11.0	0.0	0.0	1473.3934869156656	889.2655802983257	SRSF6	217.0	262.0	0.027649769585253458	0.003816793893129771	889.2655802983257	1347.6890146738165	-0.03048860616613835	-9.729920501882418	-1.8104413556150607						
PB.161551.51	Patient9	0	0	0	0	0	0	0	0	1722	1493	0.0	0.0	23.5	23.5	0.0	0.0	1473.3934869156656	889.2655802983257	SRSF6	3.0	7.0	0.0	0.0	889.2655802983257	1347.6890146738165	-0.6598447940258356	0.0	0.8331310991722765						
PB.161551.53	Patient1	0	0	0	0	0	0	0	0	1902	1717	0.0	0.0	18.5	18.0	0.0	0.0	2860.4608273231834	1015.3048038106307	SRSF6	191.0	95.0	0.0	0.0	1015.3048038106307	3431.1727505794142	-0.2959060582534582	0.0	0.0						
PB.161551.53	Patient11	0	0	0	0	0	0	0	0	1367	2226	0.0	0.0	18.5	18.0	0.0	0.0	2860.4608273231834	1015.3048038106307	SRSF6	299.0	1145.0	0.0	0.0	1015.3048038106307	3431.1727505794142	-0.2959060582534582	0.0	0.0						
PB.161551.53	Patient12	0	0	0	0	0	0	0	0	1791	2004	0.0	0.0	18.5	18.0	0.0	0.0	2860.4608273231834	1015.3048038106307	SRSF6	223.0	348.0	0.0	0.0	1015.3048038106307	3431.1727505794142	-0.2959060582534582	0.0	0.0						
PB.161551.53	Patient13	0	0	1	0	0	0	1	0	2218	2495	450.8566275924256	0.0	5.0	18.0	0.0	0.0	2860.4608273231834	1015.3048038106307	SRSF6	387.0	696.0	0.002583979328165375	0.0	1015.3048038106307	3431.1727505794142	-0.2959060582534582	0.0	0.0						
PB.161551.53	Patient14	0	0	0	0	0	0	0	0	1161	1708	0.0	0.0	18.5	18.0	0.0	0.0	2860.4608273231834	1015.3048038106307	SRSF6	121.0	44.0	0.0	0.0	1015.3048038106307	3431.1727505794142	-0.2959060582534582	0.0	0.0						
PB.161551.53	Patient15	0	0	0	0	0	0	0	0	1376	2573	0.0	0.0	18.5	18.0	0.0	0.0	2860.4608273231834	1015.3048038106307	SRSF6	324.0	294.0	0.0	0.0	1015.3048038106307	3431.1727505794142	-0.2959060582534582	0.0	0.0						
PB.161551.53	Patient16	0	0	0	0	0	0	0	0	1395	1271	0.0	0.0	18.5	18.0	0.0	0.0	2860.4608273231834	1015.3048038106307	SRSF6	93.0	54.0	0.0	0.0	1015.3048038106307	3431.1727505794142	-0.2959060582534582	0.0	0.0						
PB.161551.53	Patient17	0	0	0	0	0	0	0	0	975	1227	0.0	0.0	18.5	18.0	0.0	0.0	2860.4608273231834	1015.3048038106307	SRSF6	56.0	25.0	0.0	0.0	1015.3048038106307	3431.1727505794142	-0.2959060582534582	0.0	0.0						
PB.161551.53	Patient18	0	0	0	0	0	0	0	0	988	1387	0.0	0.0	18.5	18.0	0.0	0.0	2860.4608273231834	1015.3048038106307	SRSF6	157.0	82.0	0.0	0.0	1015.3048038106307	3431.1727505794142	-0.2959060582534582	0.0	0.0						
PB.161551.53	Patient19	0	0	0	0	0	0	0	0	1229	1548	0.0	0.0	18.5	18.0	0.0	0.0	2860.4608273231834	1015.3048038106307	SRSF6	74.0	31.0	0.0	0.0	1015.3048038106307	3431.1727505794142	-0.2959060582534582	0.0	0.0						
PB.161551.53	Patient2	0	0	0	0	0	0	0	0	1277	1085	0.0	0.0	18.5	18.0	0.0	0.0	2860.4608273231834	1015.3048038106307	SRSF6	88.0	62.0	0.0	0.0	1015.3048038106307	3431.1727505794142	-0.2959060582534582	0.0	0.0						
PB.161551.53	Patient20	0	0	0	0	0	0	0	0	1888	1738	0.0	0.0	18.5	18.0	0.0	0.0	2860.4608273231834	1015.3048038106307	SRSF6	54.0	81.0	0.0	0.0	1015.3048038106307	3431.1727505794142	-0.2959060582534582	0.0	0.0						
PB.161551.53	Patient21	0	0	0	0	0	0	0	0	1417	1328	0.0	0.0	18.5	18.0	0.0	0.0	2860.4608273231834	1015.3048038106307	SRSF6	334.0	122.0	0.0	0.0	1015.3048038106307	3431.1727505794142	-0.2959060582534582	0.0	0.0						
PB.161551.53	Patient22	0	0	0	0	0	0	0	0	1221	2106	0.0	0.0	18.5	18.0	0.0	0.0	2860.4608273231834	1015.3048038106307	SRSF6	58.0	43.0	0.0	0.0	1015.3048038106307	3431.1727505794142	-0.2959060582534582	0.0	0.0						
PB.161551.53	Patient23	0	0	0	0	0	0	0	0	665	1159	0.0	0.0	18.5	18.0	0.0	0.0	2860.4608273231834	1015.3048038106307	SRSF6	27.0	18.0	0.0	0.0	1015.3048038106307	3431.1727505794142	-0.2959060582534582	0.0	0.0						
PB.161551.53	Patient24	0	0	0	0	0	0	0	0	1059	1661	0.0	0.0	18.5	18.0	0.0	0.0	2860.4608273231834	1015.3048038106307	SRSF6	27.0	41.0	0.0	0.0	1015.3048038106307	3431.1727505794142	-0.2959060582534582	0.0	0.0						
PB.161551.53	Patient25	0	0	0	0	0	0	0	0	1372	1946	0.0	0.0	18.5	18.0	0.0	0.0	2860.4608273231834	1015.3048038106307	SRSF6	341.0	346.0	0.0	0.0	1015.3048038106307	3431.1727505794142	-0.2959060582534582	0.0	0.0						
PB.161551.53	Patient26	0	0	0	0	0	0	0	0	1690	1469	0.0	0.0	18.5	18.0	0.0	0.0	2860.4608273231834	1015.3048038106307	SRSF6	668.0	201.0	0.0	0.0	1015.3048038106307	3431.1727505794142	-0.2959060582534582	0.0	0.0						
PB.161551.53	Patient27	0	0	0	0	0	0	0	0	917	1439	0.0	0.0	18.5	18.0	0.0	0.0	2860.4608273231834	1015.3048038106307	SRSF6	92.0	45.0	0.0	0.0	1015.3048038106307	3431.1727505794142	-0.2959060582534582	0.0	0.0						
PB.161551.53	Patient28	0	0	0	0	0	0	0	0	1473	1202	0.0	0.0	18.5	18.0	0.0	0.0	2860.4608273231834	1015.3048038106307	SRSF6	299.0	165.0	0.0	0.0	1015.3048038106307	3431.1727505794142	-0.2959060582534582	0.0	0.0						
PB.161551.53	Patient29	0	0	0	0	0	0	0	0	1044	1857	0.0	0.0	18.5	18.0	0.0	0.0	2860.4608273231834	1015.3048038106307	SRSF6	61.0	35.0	0.0	0.0	1015.3048038106307	3431.1727505794142	-0.2959060582534582	0.0	0.0						
PB.161551.53	Patient3	0	0	0	0	0	0	0	0	1987	2019	0.0	0.0	18.5	18.0	0.0	0.0	2860.4608273231834	1015.3048038106307	SRSF6	371.0	172.0	0.0	0.0	1015.3048038106307	3431.1727505794142	-0.2959060582534582	0.0	0.0						
PB.161551.53	Patient31	1	0	1	0	0	0	2	0	966	1858	2070.393374741201	0.0	4.0	18.0	0.0	0.0	2860.4608273231834	1015.3048038106307	SRSF6	153.0	125.0	0.013071895424836602	0.0	1015.3048038106307	3431.1727505794142	-0.2959060582534582	0.0	0.0						
PB.161551.53	Patient4	0	0	0	1	0	0	0	1	1554	1450	0.0	689.655172413793	18.5	4.0	0.0	0.0	2860.4608273231834	1015.3048038106307	SRSF6	197.0	100.0	0.0	0.01	1015.3048038106307	3431.1727505794142	-0.09490913313584866	-9.43182177706249	-2.238251317419301						
PB.161551.53	Patient6	0	0	0	0	0	0	0	0	1602	1714	0.0	0.0	18.5	18.0	0.0	0.0	2860.4608273231834	1015.3048038106307	SRSF6	77.0	89.0	0.0	0.0	1015.3048038106307	3431.1727505794142	-0.2959060582534582	0.0	0.0						
PB.161551.53	Patient7	0	0	0	0	0	0	0	0	1726	1705	0.0	0.0	18.5	18.0	0.0	0.0	2860.4608273231834	1015.3048038106307	SRSF6	262.0	375.0	0.0	0.0	1015.3048038106307	3431.1727505794142	-0.2959060582534582	0.0	0.0						
PB.161551.53	Patient8	0	0	0	0	0	0	0	0	1359	1179	0.0	0.0	18.5	18.0	0.0	0.0	2860.4608273231834	1015.3048038106307	SRSF6	217.0	262.0	0.0	0.0	1015.3048038106307	3431.1727505794142	-0.2959060582534582	0.0	0.0						
PB.161551.53	Patient9	0	0	0	0	0	0	0	0	1722	1493	0.0	0.0	18.5	18.0	0.0	0.0	2860.4608273231834	1015.3048038106307	SRSF6	3.0	7.0	0.0	0.0	1015.3048038106307	3431.1727505794142	-0.2959060582534582	0.0	0.0						
PB.161551.569	Patient1	0	0	0	0	0	0	0	0	1902	1717	0.0	0.0	21.5	21.0	0.0	0.0	1084.2824272136497	368.18156622775007	SRSF6	191.0	95.0	0.0	0.0	368.18156622775007	672.3515069586703	-0.5476027976693184	0.0	0.0						
PB.161551.569	Patient10	0	0	0	0	0	0	0	0	1394	2180	0.0	0.0	21.5	21.0	0.0	0.0	1084.2824272136497	368.18156622775007	SRSF6	248.0	345.0	0.0	0.0	368.18156622775007	672.3515069586703	-0.5476027976693184	0.0	0.0						
PB.161551.569	Patient11	0	0	0	0	0	0	0	0	1367	2226	0.0	0.0	21.5	21.0	0.0	0.0	1084.2824272136497	368.18156622775007	SRSF6	299.0	1145.0	0.0	0.0	368.18156622775007	672.3515069586703	-0.5476027976693184	0.0	0.0						
PB.161551.569	Patient12	0	0	0	0	0	0	0	0	1791	2004	0.0	0.0	21.5	21.0	0.0	0.0	1084.2824272136497	368.18156622775007	SRSF6	223.0	348.0	0.0	0.0	368.18156622775007	672.3515069586703	-0.5476027976693184	0.0	0.0						
PB.161551.569	Patient13	0	0	0	0	0	0	0	0	2218	2495	0.0	0.0	21.5	21.0	0.0	0.0	1084.2824272136497	368.18156622775007	SRSF6	387.0	696.0	0.0	0.0	368.18156622775007	672.3515069586703	-0.5476027976693184	0.0	0.0						
PB.161551.569	Patient14	0	0	0	0	0	0	0	0	1161	1708	0.0	0.0	21.5	21.0	0.0	0.0	1084.2824272136497	368.18156622775007	SRSF6	121.0	44.0	0.0	0.0	368.18156622775007	672.3515069586703	-0.5476027976693184	0.0	0.0						
PB.161551.569	Patient17	0	1	0	0	0	0	1	0	975	1227	1025.6410256410256	0.0	8.0	21.0	0.0	0.0	1084.2824272136497	368.18156622775007	SRSF6	56.0	25.0	0.017857142857142856	0.0	368.18156622775007	672.3515069586703	-0.5476027976693184	0.0	0.0						
PB.161551.569	Patient18	0	0	0	0	0	0	0	0	988	1387	0.0	0.0	21.5	21.0	0.0	0.0	1084.2824272136497	368.18156622775007	SRSF6	157.0	82.0	0.0	0.0	368.18156622775007	672.3515069586703	-0.5476027976693184	0.0	0.0						
PB.161551.569	Patient2	0	1	0	0	0	0	1	0	1277	1085	783.0853563038371	0.0	10.0	21.0	0.0	0.0	1084.2824272136497	368.18156622775007	SRSF6	88.0	62.0	0.011363636363636364	0.0	368.18156622775007	672.3515069586703	-0.5476027976693184	0.0	0.0						
PB.161551.569	Patient20	0	0	0	0	0	0	0	0	1888	1738	0.0	0.0	21.5	21.0	0.0	0.0	1084.2824272136497	368.18156622775007	SRSF6	54.0	81.0	0.0	0.0	368.18156622775007	672.3515069586703	-0.5476027976693184	0.0	0.0						
PB.161551.569	Patient21	0	0	0	0	0	0	0	0	1417	1328	0.0	0.0	21.5	21.0	0.0	0.0	1084.2824272136497	368.18156622775007	SRSF6	334.0	122.0	0.0	0.0	368.18156622775007	672.3515069586703	-0.5476027976693184	0.0	0.0						
PB.161551.569	Patient23	0	0	0	0	0	0	0	0	665	1159	0.0	0.0	21.5	21.0	0.0	0.0	1084.2824272136497	368.18156622775007	SRSF6	27.0	18.0	0.0	0.0	368.18156622775007	672.3515069586703	-0.5476027976693184	0.0	0.0						
PB.161551.569	Patient24	0	0	0	0	0	0	0	0	1059	1661	0.0	0.0	21.5	21.0	0.0	0.0	1084.2824272136497	368.18156622775007	SRSF6	27.0	41.0	0.0	0.0	368.18156622775007	672.3515069586703	-0.5476027976693184	0.0	0.0						
PB.161551.569	Patient28	0	0	0	0	0	0	0	0	1473	1202	0.0	0.0	21.5	21.0	0.0	0.0	1084.2824272136497	368.18156622775007	SRSF6	299.0	165.0	0.0	0.0	368.18156622775007	672.3515069586703	-0.5476027976693184	0.0	0.0						
PB.161551.569	Patient3	0	0	0	0	0	0	0	0	1987	2019	0.0	0.0	21.5	21.0	0.0	0.0	1084.2824272136497	368.18156622775007	SRSF6	371.0	172.0	0.0	0.0	368.18156622775007	672.3515069586703	-0.5476027976693184	0.0	0.0						
PB.161551.569	Patient30	0	0	0	0	0	0	0	0	1658	1808	0.0	0.0	21.5	21.0	0.0	0.0	1084.2824272136497	368.18156622775007	SRSF6	496.0	127.0	0.0	0.0	368.18156622775007	672.3515069586703	-0.5476027976693184	0.0	0.0						
PB.161551.569	Patient31	0	0	0	0	0	0	0	0	966	1858	0.0	0.0	21.5	21.0	0.0	0.0	1084.2824272136497	368.18156622775007	SRSF6	153.0	125.0	0.0	0.0	368.18156622775007	672.3515069586703	-0.5476027976693184	0.0	0.0						
PB.161551.569	Patient4	0	0	0	0	0	0	0	0	1554	1450	0.0	0.0	21.5	21.0	0.0	0.0	1084.2824272136497	368.18156622775007	SRSF6	197.0	100.0	0.0	0.0	368.18156622775007	672.3515069586703	-0.5476027976693184	0.0	0.0						
PB.161551.569	Patient7	0	0	0	0	0	0	0	0	1726	1705	0.0	0.0	21.5	21.0	0.0	0.0	1084.2824272136497	368.18156622775007	SRSF6	262.0	375.0	0.0	0.0	368.18156622775007	672.3515069586703	-0.5476027976693184	0.0	0.0						
PB.161551.569	Patient8	0	0	0	0	0	0	0	0	1359	1179	0.0	0.0	21.5	21.0	0.0	0.0	1084.2824272136497	368.18156622775007	SRSF6	217.0	262.0	0.0	0.0	368.18156622775007	672.3515069586703	-0.5476027976693184	0.0	0.0						
PB.161551.569	Patient9	0	0	0	0	0	0	0	0	1722	1493	0.0	0.0	21.5	21.0	0.0	0.0	1084.2824272136497	368.18156622775007	SRSF6	3.0	7.0	0.0	0.0	368.18156622775007	672.3515069586703	-0.5476027976693184	0.0	0.0						
PB.161551.572	Patient12	0	0	0	0	0	0	0	0	1791	2004	0.0	0.0	23.5	25.0	0.0	831.9467554076539	982.1561990253622	802.0300453852691	SRSF6	223.0	348.0	0.0	0.0	802.0300453852691	901.0915553592606	-0.8900649890848259	0.0	1.8919264393477895	1.0	1.0	1.0	1.0	1.0	
PB.161551.572	Patient13	0	0	0	0	0	0	0	0	2218	2495	0.0	0.0	23.5	25.0	0.0	831.9467554076539	982.1561990253622	802.0300453852691	SRSF6	387.0	696.0	0.0	0.0	802.0300453852691	901.0915553592606	-0.8900649890848259	0.0	1.8919264393477895					1.0	
PB.161551.572	Patient16	0	0	1	0	1	0	1	1	1395	1271	716.8458781362007	786.7820613690008	13.0	17.0	0.0	831.9467554076539	982.1561990253622	802.0300453852691	SRSF6	93.0	54.0	0.010752688172043012	0.018518518518518517	802.0300453852691	901.0915553592606	-0.01692168118276177	-94.06052004860386	0.014822699256832182						
PB.161551.572	Patient18	0	0	0	0	0	0	0	0	988	1387	0.0	0.0	23.5	25.0	0.0	831.9467554076539	982.1561990253622	802.0300453852691	SRSF6	157.0	82.0	0.0	0.0	802.0300453852691	901.0915553592606	-0.8900649890848259	0.0	1.8919264393477895	1.0	1.0	1.0	1.0	1.0	
PB.161551.572	Patient21	0	0	0	0	0	0	0	0	1417	1328	0.0	0.0	23.5	25.0	0.0	831.9467554076539	982.1561990253622	802.0300453852691	SRSF6	334.0	122.0	0.0	0.0	802.0300453852691	901.0915553592606	-0.8900649890848259	0.0	1.8919264393477895						
PB.161551.572	Patient22	0	0	0	0	0	0	0	0	1221	2106	0.0	0.0	23.5	25.0	0.0	831.9467554076539	982.1561990253622	802.0300453852691	SRSF6	58.0	43.0	0.0	0.0	802.0300453852691	901.0915553592606	-0.8900649890848259	0.0	1.8919264393477895						
PB.161551.572	Patient23	0	0	0	0	0	0	0	0	665	1159	0.0	0.0	23.5	25.0	0.0	831.9467554076539	982.1561990253622	802.0300453852691	SRSF6	27.0	18.0	0.0	0.0	802.0300453852691	901.0915553592606	-0.8900649890848259	0.0	1.8919264393477895						
PB.161551.572	Patient24	0	0	0	0	0	0	0	0	1059	1661	0.0	0.0	23.5	25.0	0.0	831.9467554076539	982.1561990253622	802.0300453852691	SRSF6	27.0	41.0	0.0	0.0	802.0300453852691	901.0915553592606	-0.8900649890848259	0.0	1.8919264393477895					2.0	
PB.161551.572	Patient26	0	0	0	0	0	0	0	0	1690	1469	0.0	0.0	23.5	25.0	0.0	831.9467554076539	982.1561990253622	802.0300453852691	SRSF6	668.0	201.0	0.0	0.0	802.0300453852691	901.0915553592606	-0.8900649890848259	0.0	1.8919264393477895	1.0	1.0	1.0	1.0	1.0	
PB.161551.572	Patient3	0	0	0	1	0	0	0	1	1987	2019	0.0	495.2947003467063	23.5	18.0	0.0	831.9467554076539	982.1561990253622	802.0300453852691	SRSF6	371.0	172.0	0.0	0.005813953488372093	802.0300453852691	901.0915553592606	-0.34040419446198117	-87.54389563967246	0.1448706730980605						
PB.161551.572	Patient30	0	0	0	0	0	0	0	0	1658	1808	0.0	0.0	23.5	25.0	0.0	831.9467554076539	982.1561990253622	802.0300453852691	SRSF6	496.0	127.0	0.0	0.0	802.0300453852691	901.0915553592606	-0.8900649890848259	0.0	1.8919264393477895					2.0	
PB.161551.572	Patient4	0	2	0	0	0	0	2	0	1554	1450	1287.001287001287	0.0	6.0	25.0	0.0	831.9467554076539	982.1561990253622	802.0300453852691	SRSF6	197.0	100.0	0.01015228426395939	0.0	802.0300453852691	901.0915553592606	-0.8900649890848259	0.0	1.8919264393477895	1.0	1.0	1.0	1.0	1.0	
PB.161551.572	Patient6	0	0	0	0	0	0	0	0	1602	1714	0.0	0.0	23.5	25.0	0.0	831.9467554076539	982.1561990253622	802.0300453852691	SRSF6	77.0	89.0	0.0	0.0	802.0300453852691	901.0915553592606	-0.8900649890848259	0.0	1.8919264393477895					2.0	
PB.161551.572	Patient7	0	0	0	0	0	0	0	0	1726	1705	0.0	0.0	23.5	25.0	0.0	831.9467554076539	982.1561990253622	802.0300453852691	SRSF6	262.0	375.0	0.0	0.0	802.0300453852691	901.0915553592606	-0.8900649890848259	0.0	1.8919264393477895						
PB.161551.572	Patient8	0	0	0	0	0	0	0	0	1359	1179	0.0	0.0	23.5	25.0	0.0	831.9467554076539	982.1561990253622	802.0300453852691	SRSF6	217.0	262.0	0.0	0.0	802.0300453852691	901.0915553592606	-0.8900649890848259	0.0	1.8919264393477895	1.0	1.0	1.0	1.0	1.0	
PB.161551.582	Patient1	0	1	2	1	0	0	3	1	1902	1717	1577.2870662460568	582.4111822947001	10.0	12.0	0.0	0.0	1579.6408362637187	696.1926290120907	SRSF6	191.0	95.0	0.015706806282722512	0.010526315789473684	696.1926290120907	1085.6390045692679	-0.10480596794929445	-9.18836922854167	-1.7441571842799304						
PB.161551.582	Patient10	0	0	0	0	0	0	0	0	1394	2180	0.0	0.0	23.5	22.0	0.0	0.0	1579.6408362637187	696.1926290120907	SRSF6	248.0	345.0	0.0	0.0	696.1926290120907	1085.6390045692679	-0.6412745176637313	0.0	0.0						
PB.161551.582	Patient12	1	0	0	0	0	0	1	0	1791	2004	558.3472920156337	0.0	14.0	22.0	0.0	0.0	1579.6408362637187	696.1926290120907	SRSF6	223.0	348.0	0.004484304932735426	0.0	696.1926290120907	1085.6390045692679	-0.6412745176637313	0.0	0.0						
PB.161551.582	Patient13	0	1	0	0	0	0	1	0	2218	2495	450.8566275924256	0.0	15.0	22.0	0.0	0.0	1579.6408362637187	696.1926290120907	SRSF6	387.0	696.0	0.002583979328165375	0.0	696.1926290120907	1085.6390045692679	-0.6412745176637313	0.0	0.0						
PB.161551.582	Patient14	0	0	0	0	0	0	0	0	1161	1708	0.0	0.0	23.5	22.0	0.0	0.0	1579.6408362637187	696.1926290120907	SRSF6	121.0	44.0	0.0	0.0	696.1926290120907	1085.6390045692679	-0.6412745176637313	0.0	0.0						
PB.161551.582	Patient18	2	0	3	0	0	0	5	0	988	1387	5060.728744939272	0.0	3.0	22.0	0.0	0.0	1579.6408362637187	696.1926290120907	SRSF6	157.0	82.0	0.03184713375796178	0.0	696.1926290120907	1085.6390045692679	-0.6412745176637313	0.0	0.0						
PB.161551.582	Patient2	0	0	0	0	0	0	0	0	1277	1085	0.0	0.0	23.5	22.0	0.0	0.0	1579.6408362637187	696.1926290120907	SRSF6	88.0	62.0	0.0	0.0	696.1926290120907	1085.6390045692679	-0.6412745176637313	0.0	0.0						
PB.161551.582	Patient20	0	0	0	0	0	0	0	0	1888	1738	0.0	0.0	23.5	22.0	0.0	0.0	1579.6408362637187	696.1926290120907	SRSF6	54.0	81.0	0.0	0.0	696.1926290120907	1085.6390045692679	-0.6412745176637313	0.0	0.0						
PB.161551.582	Patient22	0	0	0	0	0	0	0	0	1221	2106	0.0	0.0	23.5	22.0	0.0	0.0	1579.6408362637187	696.1926290120907	SRSF6	58.0	43.0	0.0	0.0	696.1926290120907	1085.6390045692679	-0.6412745176637313	0.0	0.0						
PB.161551.582	Patient23	0	0	0	0	0	0	0	0	665	1159	0.0	0.0	23.5	22.0	0.0	0.0	1579.6408362637187	696.1926290120907	SRSF6	27.0	18.0	0.0	0.0	696.1926290120907	1085.6390045692679	-0.6412745176637313	0.0	0.0						
PB.161551.582	Patient24	0	0	0	0	0	0	0	0	1059	1661	0.0	0.0	23.5	22.0	0.0	0.0	1579.6408362637187	696.1926290120907	SRSF6	27.0	41.0	0.0	0.0	696.1926290120907	1085.6390045692679	-0.6412745176637313	0.0	0.0						
PB.161551.582	Patient25	0	0	0	0	0	0	0	0	1372	1946	0.0	0.0	23.5	22.0	0.0	0.0	1579.6408362637187	696.1926290120907	SRSF6	341.0	346.0	0.0	0.0	696.1926290120907	1085.6390045692679	-0.6412745176637313	0.0	0.0						
PB.161551.582	Patient28	0	0	0	0	0	0	0	0	1473	1202	0.0	0.0	23.5	22.0	0.0	0.0	1579.6408362637187	696.1926290120907	SRSF6	299.0	165.0	0.0	0.0	696.1926290120907	1085.6390045692679	-0.6412745176637313	0.0	0.0						
PB.161551.582	Patient29	0	0	0	0	0	0	0	0	1044	1857	0.0	0.0	23.5	22.0	0.0	0.0	1579.6408362637187	696.1926290120907	SRSF6	61.0	35.0	0.0	0.0	696.1926290120907	1085.6390045692679	-0.6412745176637313	0.0	0.0						
PB.161551.582	Patient3	0	0	0	0	0	0	0	0	1987	2019	0.0	0.0	23.5	22.0	0.0	0.0	1579.6408362637187	696.1926290120907	SRSF6	371.0	172.0	0.0	0.0	696.1926290120907	1085.6390045692679	-0.6412745176637313	0.0	0.0						
PB.161551.582	Patient31	0	0	0	0	0	0	0	0	966	1858	0.0	0.0	23.5	22.0	0.0	0.0	1579.6408362637187	696.1926290120907	SRSF6	153.0	125.0	0.0	0.0	696.1926290120907	1085.6390045692679	-0.6412745176637313	0.0	0.0						
PB.161551.582	Patient4	1	0	1	1	0	0	2	1	1554	1450	1287.001287001287	689.655172413793	12.0	11.0	0.0	0.0	1579.6408362637187	696.1926290120907	SRSF6	197.0	100.0	0.01015228426395939	0.01	696.1926290120907	1085.6390045692679	-0.006021759139808596	-9.43182177706249	-1.790369901789677						
PB.161551.582	Patient5	0	0	0	0	0	0	0	0	1596	1993	0.0	0.0	23.5	22.0	0.0	0.0	1579.6408362637187	696.1926290120907	SRSF6	354.0	682.0	0.0	0.0	696.1926290120907	1085.6390045692679	-0.6412745176637313	0.0	0.0						
PB.161551.582	Patient7	0	0	0	0	0	0	0	0	1726	1705	0.0	0.0	23.5	22.0	0.0	0.0	1579.6408362637187	696.1926290120907	SRSF6	262.0	375.0	0.0	0.0	696.1926290120907	1085.6390045692679	-0.6412745176637313	0.0	0.0						
PB.161551.582	Patient8	0	0	0	0	0	0	0	0	1359	1179	0.0	0.0	23.5	22.0	0.0	0.0	1579.6408362637187	696.1926290120907	SRSF6	217.0	262.0	0.0	0.0	696.1926290120907	1085.6390045692679	-0.6412745176637313	0.0	0.0						
PB.161551.582	Patient9	0	0	0	0	0	0	0	0	1722	1493	0.0	0.0	23.5	22.0	0.0	0.0	1579.6408362637187	696.1926290120907	SRSF6	3.0	7.0	0.0	0.0	696.1926290120907	1085.6390045692679	-0.6412745176637313	0.0	0.0						
PB.161551.598	Patient1	0	0	0	0	0	0	0	0	1902	1717	0.0	0.0	18.5	20.5	0.0	0.0	696.8469069485643	329.5465345074112	SRSF6	191.0	95.0	0.0	0.0	329.5465345074112	654.2185420886813	-0.5037254576357455	0.0	0.0						
PB.161551.598	Patient10	0	0	0	0	0	0	0	0	1394	2180	0.0	0.0	18.5	20.5	0.0	0.0	696.8469069485643	329.5465345074112	SRSF6	248.0	345.0	0.0	0.0	329.5465345074112	654.2185420886813	-0.5037254576357455	0.0	0.0						
PB.161551.598	Patient11	0	0	0	0	0	0	0	0	1367	2226	0.0	0.0	18.5	20.5	0.0	0.0	696.8469069485643	329.5465345074112	SRSF6	299.0	1145.0	0.0	0.0	329.5465345074112	654.2185420886813	-0.5037254576357455	0.0	0.0						
PB.161551.598	Patient12	0	0	0	0	0	0	0	0	1791	2004	0.0	0.0	18.5	20.5	0.0	0.0	696.8469069485643	329.5465345074112	SRSF6	223.0	348.0	0.0	0.0	329.5465345074112	654.2185420886813	-0.5037254576357455	0.0	0.0						
PB.161551.598	Patient13	0	0	0	0	0	0	0	0	2218	2495	0.0	0.0	18.5	20.5	0.0	0.0	696.8469069485643	329.5465345074112	SRSF6	387.0	696.0	0.0	0.0	329.5465345074112	654.2185420886813	-0.5037254576357455	0.0	0.0						
PB.161551.598	Patient15	0	0	0	0	0	0	0	0	1376	2573	0.0	0.0	18.5	20.5	0.0	0.0	696.8469069485643	329.5465345074112	SRSF6	324.0	294.0	0.0	0.0	329.5465345074112	654.2185420886813	-0.5037254576357455	0.0	0.0						
PB.161551.598	Patient16	0	0	0	0	0	0	0	0	1395	1271	0.0	0.0	18.5	20.5	0.0	0.0	696.8469069485643	329.5465345074112	SRSF6	93.0	54.0	0.0	0.0	329.5465345074112	654.2185420886813	-0.5037254576357455	0.0	0.0						
PB.161551.598	Patient17	0	0	0	0	0	0	0	0	975	1227	0.0	0.0	18.5	20.5	0.0	0.0	696.8469069485643	329.5465345074112	SRSF6	56.0	25.0	0.0	0.0	329.5465345074112	654.2185420886813	-0.5037254576357455	0.0	0.0						
PB.161551.598	Patient18	0	0	0	0	0	0	0	0	988	1387	0.0	0.0	18.5	20.5	0.0	0.0	696.8469069485643	329.5465345074112	SRSF6	157.0	82.0	0.0	0.0	329.5465345074112	654.2185420886813	-0.5037254576357455	0.0	0.0						
PB.161551.598	Patient19	0	0	0	0	0	0	0	0	1229	1548	0.0	0.0	18.5	20.5	0.0	0.0	696.8469069485643	329.5465345074112	SRSF6	74.0	31.0	0.0	0.0	329.5465345074112	654.2185420886813	-0.5037254576357455	0.0	0.0						
PB.161551.598	Patient2	0	0	0	0	0	0	0	0	1277	1085	0.0	0.0	18.5	20.5	0.0	0.0	696.8469069485643	329.5465345074112	SRSF6	88.0	62.0	0.0	0.0	329.5465345074112	654.2185420886813	-0.5037254576357455	0.0	0.0						
PB.161551.598	Patient21	0	0	0	0	0	0	0	0	1417	1328	0.0	0.0	18.5	20.5	0.0	0.0	696.8469069485643	329.5465345074112	SRSF6	334.0	122.0	0.0	0.0	329.5465345074112	654.2185420886813	-0.5037254576357455	0.0	0.0						
PB.161551.598	Patient23	0	0	0	0	0	0	0	0	665	1159	0.0	0.0	18.5	20.5	0.0	0.0	696.8469069485643	329.5465345074112	SRSF6	27.0	18.0	0.0	0.0	329.5465345074112	654.2185420886813	-0.5037254576357455	0.0	0.0						
PB.161551.598	Patient24	0	0	0	0	0	0	0	0	1059	1661	0.0	0.0	18.5	20.5	0.0	0.0	696.8469069485643	329.5465345074112	SRSF6	27.0	41.0	0.0	0.0	329.5465345074112	654.2185420886813	-0.5037254576357455	0.0	0.0						
PB.161551.598	Patient25	0	0	0	0	0	0	0	0	1372	1946	0.0	0.0	18.5	20.5	0.0	0.0	696.8469069485643	329.5465345074112	SRSF6	341.0	346.0	0.0	0.0	329.5465345074112	654.2185420886813	-0.5037254576357455	0.0	0.0						
PB.161551.598	Patient28	0	0	0	0	0	0	0	0	1473	1202	0.0	0.0	18.5	20.5	0.0	0.0	696.8469069485643	329.5465345074112	SRSF6	299.0	165.0	0.0	0.0	329.5465345074112	654.2185420886813	-0.5037254576357455	0.0	0.0						
PB.161551.598	Patient30	0	0	0	0	0	0	0	0	1658	1808	0.0	0.0	18.5	20.5	0.0	0.0	696.8469069485643	329.5465345074112	SRSF6	496.0	127.0	0.0	0.0	329.5465345074112	654.2185420886813	-0.5037254576357455	0.0	0.0						
PB.161551.598	Patient4	0	0	0	0	0	0	0	0	1554	1450	0.0	0.0	18.5	20.5	0.0	0.0	696.8469069485643	329.5465345074112	SRSF6	197.0	100.0	0.0	0.0	329.5465345074112	654.2185420886813	-0.5037254576357455	0.0	0.0						
PB.161551.598	Patient6	0	0	0	0	0	0	0	0	1602	1714	0.0	0.0	18.5	20.5	0.0	0.0	696.8469069485643	329.5465345074112	SRSF6	77.0	89.0	0.0	0.0	329.5465345074112	654.2185420886813	-0.5037254576357455	0.0	0.0						
PB.161551.598	Patient7	0	0	0	0	0	0	0	0	1726	1705	0.0	0.0	18.5	20.5	0.0	0.0	696.8469069485643	329.5465345074112	SRSF6	262.0	375.0	0.0	0.0	329.5465345074112	654.2185420886813	-0.5037254576357455	0.0	0.0						
PB.161551.598	Patient8	0	0	0	0	0	0	0	0	1359	1179	0.0	0.0	18.5	20.5	0.0	0.0	696.8469069485643	329.5465345074112	SRSF6	217.0	262.0	0.0	0.0	329.5465345074112	654.2185420886813	-0.5037254576357455	0.0	0.0						
PB.161551.598	Patient9	0	0	0	0	0	0	0	0	1722	1493	0.0	0.0	18.5	20.5	0.0	0.0	696.8469069485643	329.5465345074112	SRSF6	3.0	7.0	0.0	0.0	329.5465345074112	654.2185420886813	-0.5037254576357455	0.0	0.0						
PB.161551.604	Patient1	1	0	1	0	0	0	2	0	1902	1717	1051.5247108307044	0.0	12.0	25.0	0.0	645.9948320413437	1393.892593594069	1060.6167864373883	SRSF6	191.0	95.0	0.010471204188481676	0.0	1060.6167864373883	1363.7035733149542	-0.7777473104797926	0.0	1.7600427645812107						
PB.161551.604	Patient10	0	0	0	0	0	0	0	0	1394	2180	0.0	0.0	23.0	25.0	0.0	645.9948320413437	1393.892593594069	1060.6167864373883	SRSF6	248.0	345.0	0.0	0.0	1060.6167864373883	1363.7035733149542	-0.7777473104797926	0.0	1.7600427645812107						
PB.161551.604	Patient12	0	0	0	0	0	1	0	1	1791	2004	0.0	499.00199600798396	23.0	18.0	0.0	645.9948320413437	1393.892593594069	1060.6167864373883	SRSF6	223.0	348.0	0.0	0.0028735632183908046	1060.6167864373883	1363.7035733149542	-0.41183054838245015	-83.97439299045465	0.06346954152384451						
PB.161551.604	Patient13	0	0	0	0	0	0	0	0	2218	2495	0.0	0.0	23.0	25.0	0.0	645.9948320413437	1393.892593594069	1060.6167864373883	SRSF6	387.0	696.0	0.0	0.0	1060.6167864373883	1363.7035733149542	-0.7777473104797926	0.0	1.7600427645812107						
PB.161551.604	Patient14	0	0	0	0	0	0	0	0	1161	1708	0.0	0.0	23.0	25.0	0.0	645.9948320413437	1393.892593594069	1060.6167864373883	SRSF6	121.0	44.0	0.0	0.0	1060.6167864373883	1363.7035733149542	-0.7777473104797926	0.0	1.7600427645812107					2.0	
PB.161551.604	Patient17	0	0	0	0	0	0	0	0	975	1227	0.0	0.0	23.0	25.0	0.0	645.9948320413437	1393.892593594069	1060.6167864373883	SRSF6	56.0	25.0	0.0	0.0	1060.6167864373883	1363.7035733149542	-0.7777473104797926	0.0	1.7600427645812107						
PB.161551.604	Patient19	2	1	2	1	0	0	5	1	1229	1548	4068.3482506102523	645.9948320413437	2.0	16.0	0.0	645.9948320413437	1393.892593594069	1060.6167864373883	SRSF6	74.0	31.0	0.06756756756756757	0.03225806451612903	1060.6167864373883	1363.7035733149542	-0.30404111458633365	-87.00067228375512	-0.002664886447468642						
PB.161551.604	Patient2	0	0	0	0	0	0	0	0	1277	1085	0.0	0.0	23.0	25.0	0.0	645.9948320413437	1393.892593594069	1060.6167864373883	SRSF6	88.0	62.0	0.0	0.0	1060.6167864373883	1363.7035733149542	-0.7777473104797926	0.0	1.7600427645812107						
PB.161551.604	Patient22	0	0	0	0	0	0	0	0	1221	2106	0.0	0.0	23.0	25.0	0.0	645.9948320413437	1393.892593594069	1060.6167864373883	SRSF6	58.0	43.0	0.0	0.0	1060.6167864373883	1363.7035733149542	-0.7777473104797926	0.0	1.7600427645812107						
PB.161551.604	Patient23	0	0	0	0	0	0	0	0	665	1159	0.0	0.0	23.0	25.0	0.0	645.9948320413437	1393.892593594069	1060.6167864373883	SRSF6	27.0	18.0	0.0	0.0	1060.6167864373883	1363.7035733149542	-0.7777473104797926	0.0	1.7600427645812107						
PB.161551.604	Patient24	0	0	2	1	0	0	2	1	1059	1661	1888.5741265344666	602.0469596628537	10.0	17.0	0.0	645.9948320413437	1393.892593594069	1060.6167864373883	SRSF6	27.0	41.0	0.07407407407407407	0.024390243902439025	1060.6167864373883	1363.7035733149542	-0.33626796596258945	-86.5063888370321	0.012314466729983523						
PB.161551.604	Patient25	1	1	1	1	0	1	3	2	1372	1946	2186.5889212827988	1027.749229188078	7.0	13.0	0.0	645.9948320413437	1393.892593594069	1060.6167864373883	SRSF6	341.0	346.0	0.008797653958944282	0.005780346820809248	1060.6167864373883	1363.7035733149542	-0.02410168741394017	-92.96268712255724	-0.12544644130187607						
PB.161551.604	Patient27	0	0	0	0	0	0	0	0	917	1439	0.0	0.0	23.0	25.0	0.0	645.9948320413437	1393.892593594069	1060.6167864373883	SRSF6	92.0	45.0	0.0	0.0	1060.6167864373883	1363.7035733149542	-0.7777473104797926	0.0	1.7600427645812107	1.0	1.0	1.0	1.0	1.0	
PB.161551.604	Patient3	0	0	0	0	0	0	0	0	1987	2019	0.0	0.0	23.0	25.0	0.0	645.9948320413437	1393.892593594069	1060.6167864373883	SRSF6	371.0	172.0	0.0	0.0	1060.6167864373883	1363.7035733149542	-0.7777473104797926	0.0	1.7600427645812107						
PB.161551.604	Patient5	0	0	0	0	0	0	0	0	1596	1993	0.0	0.0	23.0	25.0	0.0	645.9948320413437	1393.892593594069	1060.6167864373883	SRSF6	354.0	682.0	0.0	0.0	1060.6167864373883	1363.7035733149542	-0.7777473104797926	0.0	1.7600427645812107					2.0	
PB.161551.604	Patient6	0	0	0	0	0	0	0	0	1602	1714	0.0	0.0	23.0	25.0	0.0	645.9948320413437	1393.892593594069	1060.6167864373883	SRSF6	77.0	89.0	0.0	0.0	1060.6167864373883	1363.7035733149542	-0.7777473104797926	0.0	1.7600427645812107						
PB.161551.604	Patient7	0	0	0	0	0	0	0	0	1726	1705	0.0	0.0	23.0	25.0	0.0	645.9948320413437	1393.892593594069	1060.6167864373883	SRSF6	262.0	375.0	0.0	0.0	1060.6167864373883	1363.7035733149542	-0.7777473104797926	0.0	1.7600427645812107						
PB.161551.604	Patient8	0	1	0	1	0	0	1	1	1359	1179	735.8351729212657	848.1764206955047	14.0	14.0	0.0	645.9948320413437	1393.892593594069	1060.6167864373883	SRSF6	217.0	262.0	0.004608294930875576	0.003816793893129771	1060.6167864373883	1363.7035733149542	-0.15578192350517472	-90.39161339854085	-0.07350185820535501						
PB.161551.604	Patient9	0	0	0	1	0	0	0	1	1722	1493	0.0	669.7923643670462	23.0	15.0	0.0	645.9948320413437	1393.892593594069	1060.6167864373883	SRSF6	3.0	7.0	0.0	0.14285714285714285	1060.6167864373883	1363.7035733149542	-0.28659045097337976	-87.23115076317896	-0.009649580282514881						
PB.161551.61	Patient1	0	2	0	0	0	0	2	0	1902	1717	1051.5247108307044	0.0	8.0	20.5	0.0	0.0	4137.538206592386	5096.228719210569	SRSF6	191.0	95.0	0.010471204188481676	0.0	5096.228719210569	14236.45635603268	-0.3579703116956523	0.0	0.0						
PB.161551.61	Patient12	0	0	0	0	0	0	0	0	1791	2004	0.0	0.0	22.0	20.5	0.0	0.0	4137.538206592386	5096.228719210569	SRSF6	223.0	348.0	0.0	0.0	5096.228719210569	14236.45635603268	-0.3579703116956523	0.0	0.0						
PB.161551.61	Patient14	0	0	0	0	0	0	0	0	1161	1708	0.0	0.0	22.0	20.5	0.0	0.0	4137.538206592386	5096.228719210569	SRSF6	121.0	44.0	0.0	0.0	5096.228719210569	14236.45635603268	-0.3579703116956523	0.0	0.0						
PB.161551.61	Patient15	3	1	2	0	0	0	6	0	1376	2573	4360.46511627907	0.0	5.0	20.5	0.0	0.0	4137.538206592386	5096.228719210569	SRSF6	324.0	294.0	0.018518518518518517	0.0	5096.228719210569	14236.45635603268	-0.3579703116956523	0.0	0.0						
PB.161551.61	Patient16	0	0	0	0	0	0	0	0	1395	1271	0.0	0.0	22.0	20.5	0.0	0.0	4137.538206592386	5096.228719210569	SRSF6	93.0	54.0	0.0	0.0	5096.228719210569	14236.45635603268	-0.3579703116956523	0.0	0.0						
PB.161551.61	Patient17	1	0	0	0	0	0	1	0	975	1227	1025.6410256410256	0.0	9.0	20.5	0.0	0.0	4137.538206592386	5096.228719210569	SRSF6	56.0	25.0	0.017857142857142856	0.0	5096.228719210569	14236.45635603268	-0.3579703116956523	0.0	0.0						
PB.161551.61	Patient18	1	0	0	0	0	0	1	0	988	1387	1012.1457489878543	0.0	10.0	20.5	0.0	0.0	4137.538206592386	5096.228719210569	SRSF6	157.0	82.0	0.006369426751592357	0.0	5096.228719210569	14236.45635603268	-0.3579703116956523	0.0	0.0						
PB.161551.61	Patient19	0	0	0	0	0	0	0	0	1229	1548	0.0	0.0	22.0	20.5	0.0	0.0	4137.538206592386	5096.228719210569	SRSF6	74.0	31.0	0.0	0.0	5096.228719210569	14236.45635603268	-0.3579703116956523	0.0	0.0						
PB.161551.61	Patient2	0	0	0	0	0	0	0	0	1277	1085	0.0	0.0	22.0	20.5	0.0	0.0	4137.538206592386	5096.228719210569	SRSF6	88.0	62.0	0.0	0.0	5096.228719210569	14236.45635603268	-0.3579703116956523	0.0	0.0						
PB.161551.61	Patient20	0	0	0	0	0	0	0	0	1888	1738	0.0	0.0	22.0	20.5	0.0	0.0	4137.538206592386	5096.228719210569	SRSF6	54.0	81.0	0.0	0.0	5096.228719210569	14236.45635603268	-0.3579703116956523	0.0	0.0						
PB.161551.61	Patient21	1	1	4	0	1	0	6	1	1417	1328	4234.297812279464	753.0120481927711	6.0	8.0	0.0	0.0	4137.538206592386	5096.228719210569	SRSF6	334.0	122.0	0.017964071856287425	0.00819672131147541	5096.228719210569	14236.45635603268	-0.3050770895790626	-9.558443765959767	-1.6116760748333392						
PB.161551.61	Patient22	0	0	0	0	0	0	0	0	1221	2106	0.0	0.0	22.0	20.5	0.0	0.0	4137.538206592386	5096.228719210569	SRSF6	58.0	43.0	0.0	0.0	5096.228719210569	14236.45635603268	-0.3579703116956523	0.0	0.0						
PB.161551.61	Patient23	0	0	0	0	0	0	0	0	665	1159	0.0	0.0	22.0	20.5	0.0	0.0	4137.538206592386	5096.228719210569	SRSF6	27.0	18.0	0.0	0.0	5096.228719210569	14236.45635603268	-0.3579703116956523	0.0	0.0						
PB.161551.61	Patient24	0	0	0	0	0	0	0	0	1059	1661	0.0	0.0	22.0	20.5	0.0	0.0	4137.538206592386	5096.228719210569	SRSF6	27.0	41.0	0.0	0.0	5096.228719210569	14236.45635603268	-0.3579703116956523	0.0	0.0						
PB.161551.61	Patient25	8	7	7	2	0	0	22	2	1372	1946	16034.985422740525	1027.749229188078	4.0	7.0	0.0	0.0	4137.538206592386	5096.228719210569	SRSF6	341.0	346.0	0.06451612903225806	0.005780346820809248	5096.228719210569	14236.45635603268	-0.28577894584690505	-10.006675634339896	-1.687253710265875						
PB.161551.61	Patient26	24	27	31	0	0	1	82	1	1690	1469	48520.7100591716	680.7351940095302	1.0	9.0	0.0	0.0	4137.538206592386	5096.228719210569	SRSF6	668.0	201.0	0.12275449101796407	0.004975124378109453	5096.228719210569	14236.45635603268	-0.31015397475158757	-9.413067652665935	-1.587163799678012						
PB.161551.61	Patient27	0	0	0	0	0	0	0	0	917	1439	0.0	0.0	22.0	20.5	0.0	0.0	4137.538206592386	5096.228719210569	SRSF6	92.0	45.0	0.0	0.0	5096.228719210569	14236.45635603268	-0.3579703116956523	0.0	0.0						
PB.161551.61	Patient28	0	0	0	0	0	0	0	0	1473	1202	0.0	0.0	22.0	20.5	0.0	0.0	4137.538206592386	5096.228719210569	SRSF6	299.0	165.0	0.0	0.0	5096.228719210569	14236.45635603268	-0.3579703116956523	0.0	0.0						
PB.161551.61	Patient29	0	0	0	0	0	0	0	0	1044	1857	0.0	0.0	22.0	20.5	0.0	0.0	4137.538206592386	5096.228719210569	SRSF6	61.0	35.0	0.0	0.0	5096.228719210569	14236.45635603268	-0.3579703116956523	0.0	0.0						
PB.161551.61	Patient3	0	0	0	0	0	0	0	0	1987	2019	0.0	0.0	22.0	20.5	0.0	0.0	4137.538206592386	5096.228719210569	SRSF6	371.0	172.0	0.0	0.0	5096.228719210569	14236.45635603268	-0.3579703116956523	0.0	0.0						
PB.161551.61	Patient30	12	19	7	0	1	2	38	3	1658	1808	22919.179734620022	1659.2920353982302	3.0	6.0	0.0	0.0	4137.538206592386	5096.228719210569	SRSF6	496.0	127.0	0.07661290322580645	0.023622047244094488	5096.228719210569	14236.45635603268	-0.24141799039449457	-10.69722130994812	-1.803688557946924						
PB.161551.61	Patient31	10	7	8	0	0	0	25	0	966	1858	25879.91718426501	0.0	2.0	20.5	0.0	0.0	4137.538206592386	5096.228719210569	SRSF6	153.0	125.0	0.16339869281045752	0.0	5096.228719210569	14236.45635603268	-0.3579703116956523	0.0	0.0						
PB.161551.61	Patient4	0	0	0	0	0	0	0	0	1554	1450	0.0	0.0	22.0	20.5	0.0	0.0	4137.538206592386	5096.228719210569	SRSF6	197.0	100.0	0.0	0.0	5096.228719210569	14236.45635603268	-0.3579703116956523	0.0	0.0						
PB.161551.61	Patient6	0	0	0	0	0	0	0	0	1602	1714	0.0	0.0	22.0	20.5	0.0	0.0	4137.538206592386	5096.228719210569	SRSF6	77.0	89.0	0.0	0.0	5096.228719210569	14236.45635603268	-0.3579703116956523	0.0	0.0						
PB.161551.61	Patient8	0	0	0	0	0	0	0	0	1359	1179	0.0	0.0	22.0	20.5	0.0	0.0	4137.538206592386	5096.228719210569	SRSF6	217.0	262.0	0.0	0.0	5096.228719210569	14236.45635603268	-0.3579703116956523	0.0	0.0						
PB.161551.61	Patient9	0	0	0	0	0	0	0	0	1722	1493	0.0	0.0	22.0	20.5	0.0	0.0	4137.538206592386	5096.228719210569	SRSF6	3.0	7.0	0.0	0.0	5096.228719210569	14236.45635603268	-0.3579703116956523	0.0	0.0						
PB.161551.620	Patient1	0	0	0	0	0	0	0	0	1902	1717	0.0	0.0	28.0	25.0	2181.0250817884407	553.0973451327434	2725.4634912048077	2540.9791757663725	SRSF6	191.0	95.0	0.0	0.0	2540.9791757663725	3971.3839009465764	-0.6398220970681611	0.0	1.6017613847703414						
PB.161551.620	Patient14	3	0	0	0	0	0	3	0	1161	1708	2583.9793281653747	0.0	15.0	25.0	2181.0250817884407	553.0973451327434	2725.4634912048077	2540.9791757663725	SRSF6	121.0	44.0	0.024793388429752067	0.0	2540.9791757663725	3971.3839009465764	-0.6398220970681611	0.0	1.6017613847703414						
PB.161551.620	Patient15	1	1	1	0	1	0	3	1	1376	2573	2180.232558139535	388.65137971239795	17.0	18.0	2181.0250817884407	553.0973451327434	2725.4634912048077	2540.9791757663725	SRSF6	324.0	294.0	0.009259259259259259	0.003401360544217687	2540.9791757663725	3971.3839009465764	-0.541959138108247	-79.89812702579688	0.08501435544497235						
PB.161551.620	Patient16	0	0	0	0	0	0	0	0	1395	1271	0.0	0.0	28.0	25.0	2181.0250817884407	553.0973451327434	2725.4634912048077	2540.9791757663725	SRSF6	93.0	54.0	0.0	0.0	2540.9791757663725	3971.3839009465764	-0.6398220970681611	0.0	1.6017613847703414						
PB.161551.620	Patient17	0	0	0	0	0	0	0	0	975	1227	0.0	0.0	28.0	25.0	2181.0250817884407	553.0973451327434	2725.4634912048077	2540.9791757663725	SRSF6	56.0	25.0	0.0	0.0	2540.9791757663725	3971.3839009465764	-0.6398220970681611	0.0	1.6017613847703414						
PB.161551.620	Patient18	3	4	2	0	1	2	9	3	988	1387	9109.311740890687	2162.9416005767844	2.0	12.0	2181.0250817884407	553.0973451327434	2725.4634912048077	2540.9791757663725	SRSF6	157.0	82.0	0.05732484076433121	0.036585365853658534	2540.9791757663725	3971.3839009465764	-0.0951903881917543	-99.83833803845381	-0.3164618009728286						
PB.161551.620	Patient19	0	0	0	2	0	0	0	2	1229	1548	0.0	1291.9896640826873	28.0	14.0	2181.0250817884407	553.0973451327434	2725.4634912048077	2540.9791757663725	SRSF6	74.0	31.0	0.0	0.06451612903225806	2540.9791757663725	3971.3839009465764	-0.314497299388757	-93.14351084617566	-0.18937047062842605						
PB.161551.620	Patient2	0	0	0	0	0	0	0	0	1277	1085	0.0	0.0	28.0	25.0	2181.0250817884407	553.0973451327434	2725.4634912048077	2540.9791757663725	SRSF6	88.0	62.0	0.0	0.0	2540.9791757663725	3971.3839009465764	-0.6398220970681611	0.0	1.6017613847703414						
PB.161551.620	Patient21	3	0	1	0	0	0	4	0	1417	1328	2822.8652081863092	0.0	13.0	25.0	2181.0250817884407	553.0973451327434	2725.4634912048077	2540.9791757663725	SRSF6	334.0	122.0	0.011976047904191617	0.0	2540.9791757663725	3971.3839009465764	-0.6398220970681611	0.0	1.6017613847703414						
PB.161551.620	Patient22	2	1	2	0	0	1	5	1	1221	2106	4095.0040950040952	474.8338081671415	10.0	17.0	2181.0250817884407	553.0973451327434	2725.4634912048077	2540.9791757663725	SRSF6	58.0	43.0	0.08620689655172414	0.023255813953488372	2540.9791757663725	3971.3839009465764	-0.5202582825364143	-82.57444978864925	0.0342083509592658						
PB.161551.620	Patient23	0	0	3	0	0	2	3	2	665	1159	4511.278195488722	1725.625539257981	7.0	13.0	2181.0250817884407	553.0973451327434	2725.4634912048077	2540.9791757663725	SRSF6	27.0	18.0	0.1111111111111111	0.1111111111111111	2540.9791757663725	3971.3839009465764	-0.2053071817897163	-96.90335561412897	-0.26074552777684284						
PB.161551.620	Patient25	1	0	0	0	0	0	1	0	1372	1946	728.862973760933	0.0	20.0	25.0	2181.0250817884407	553.0973451327434	2725.4634912048077	2540.9791757663725	SRSF6	341.0	346.0	0.002932551319648094	0.0	2540.9791757663725	3971.3839009465764	-0.6398220970681611	0.0	1.6017613847703414					2.0	
PB.161551.620	Patient27	2	0	0	0	0	0	2	0	917	1439	2181.0250817884407	0.0	16.0	25.0	2181.0250817884407	553.0973451327434	2725.4634912048077	2540.9791757663725	SRSF6	92.0	45.0	0.021739130434782608	0.0	2540.9791757663725	3971.3839009465764	-0.6398220970681611	0.0	1.6017613847703414					2.0	
PB.161551.620	Patient29	2	1	2	0	0	0	5	0	1044	1857	4789.272030651341	0.0	5.0	25.0	2181.0250817884407	553.0973451327434	2725.4634912048077	2540.9791757663725	SRSF6	61.0	35.0	0.08196721311475409	0.0	2540.9791757663725	3971.3839009465764	-0.6398220970681611	0.0	1.6017613847703414						
PB.161551.620	Patient3	0	0	1	0	0	0	1	0	1987	2019	503.27126321087064	0.0	24.0	25.0	2181.0250817884407	553.0973451327434	2725.4634912048077	2540.9791757663725	SRSF6	371.0	172.0	0.0026954177897574125	0.0	2540.9791757663725	3971.3839009465764	-0.6398220970681611	0.0	1.6017613847703414						
PB.161551.620	Patient30	4	4	2	0	1	0	10	1	1658	1808	6031.363088057901	553.0973451327434	4.0	16.0	2181.0250817884407	553.0973451327434	2725.4634912048077	2540.9791757663725	SRSF6	496.0	127.0	0.020161290322580645	0.007874015748031496	2540.9791757663725	3971.3839009465764	-0.5005514148757613	-83.76152453104335	0.0004060800650035736						
PB.161551.620	Patient31	0	3	1	0	0	0	4	0	966	1858	4140.786749482402	0.0	9.0	25.0	2181.0250817884407	553.0973451327434	2725.4634912048077	2540.9791757663725	SRSF6	153.0	125.0	0.026143790849673203	0.0	2540.9791757663725	3971.3839009465764	-0.6398220970681611	0.0	1.6017613847703414					2.0	
PB.161551.620	Patient4	0	1	0	1	0	0	1	1	1554	1450	643.5006435006435	689.655172413793	21.0	15.0	2181.0250817884407	553.0973451327434	2725.4634912048077	2540.9791757663725	SRSF6	197.0	100.0	0.005076142131979695	0.01	2540.9791757663725	3971.3839009465764	-0.4661659636861895	-84.99138167022348	-0.03461443102426964						
PB.161551.620	Patient5	0	0	0	2	2	1	0	5	1596	1993	0.0	2508.7807325639737	28.0	11.0	2181.0250817884407	553.0973451327434	2725.4634912048077	2540.9791757663725	SRSF6	354.0	682.0	0.0	0.007331378299120235	2540.9791757663725	3971.3839009465764	-0.008107612863799001	-101.76581682932515	-0.35305211715380536						
PB.161551.620	Patient6	0	1	0	0	0	0	1	0	1602	1714	624.2197253433209	0.0	22.0	25.0	2181.0250817884407	553.0973451327434	2725.4634912048077	2540.9791757663725	SRSF6	77.0	89.0	0.012987012987012988	0.0	2540.9791757663725	3971.3839009465764	-0.6398220970681611	0.0	1.6017613847703414						
PB.161551.620	Patient9	1	0	0	0	0	0	1	0	1722	1493	580.7200929152149	0.0	23.0	25.0	2181.0250817884407	553.0973451327434	2725.4634912048077	2540.9791757663725	SRSF6	3.0	7.0	0.3333333333333333	0.0	2540.9791757663725	3971.3839009465764	-0.6398220970681611	0.0	1.6017613847703414						
PB.161551.68	Patient1	1	4	4	0	0	0	9	0	1902	1717	4731.86119873817	0.0	5.0	21.0	957.8544061302681	0.0	2086.813695866513	2040.7351218753147	SRSF6	191.0	95.0	0.04712041884816754	0.0	2040.7351218753147	4002.464231464762	-0.5098696712471249	0.0	0.0						
PB.161551.68	Patient14	0	0	0	0	0	0	0	0	1161	1708	0.0	0.0	25.5	21.0	957.8544061302681	0.0	2086.813695866513	2040.7351218753147	SRSF6	121.0	44.0	0.0	0.0	2040.7351218753147	4002.464231464762	-0.5098696712471249	0.0	0.0						
PB.161551.68	Patient15	5	1	0	0	0	1	6	1	1376	2573	4360.46511627907	388.65137971239795	7.0	10.0	957.8544061302681	0.0	2086.813695866513	2040.7351218753147	SRSF6	324.0	294.0	0.018518518518518517	0.003401360544217687	2040.7351218753147	4002.464231464762	-0.41276664740069685	-8.606040114548572	-1.49970781337641						
PB.161551.68	Patient16	0	0	0	0	0	0	0	0	1395	1271	0.0	0.0	25.5	21.0	957.8544061302681	0.0	2086.813695866513	2040.7351218753147	SRSF6	93.0	54.0	0.0	0.0	2040.7351218753147	4002.464231464762	-0.5098696712471249	0.0	0.0						
PB.161551.68	Patient17	0	1	0	0	0	0	1	0	975	1227	1025.6410256410256	0.0	15.0	21.0	957.8544061302681	0.0	2086.813695866513	2040.7351218753147	SRSF6	56.0	25.0	0.017857142857142856	0.0	2040.7351218753147	4002.464231464762	-0.5098696712471249	0.0	0.0						
PB.161551.68	Patient18	0	2	1	1	0	1	3	2	988	1387	3036.4372469635628	1441.9610670511895	9.0	8.0	957.8544061302681	0.0	2086.813695866513	2040.7351218753147	SRSF6	157.0	82.0	0.01910828025477707	0.024390243902439025	2040.7351218753147	4002.464231464762	-0.14960135061719085	-10.49481665924524	-1.8288502417291592						
PB.161551.68	Patient19	0	3	0	0	0	0	3	0	1229	1548	2441.0089503661516	0.0	11.0	21.0	957.8544061302681	0.0	2086.813695866513	2040.7351218753147	SRSF6	74.0	31.0	0.04054054054054054	0.0	2040.7351218753147	4002.464231464762	-0.5098696712471249	0.0	0.0						
PB.161551.68	Patient2	2	2	2	0	0	0	6	0	1277	1085	4698.512137823023	0.0	6.0	21.0	957.8544061302681	0.0	2086.813695866513	2040.7351218753147	SRSF6	88.0	62.0	0.06818181818181818	0.0	2040.7351218753147	4002.464231464762	-0.5098696712471249	0.0	0.0						
PB.161551.68	Patient20	0	1	1	0	0	0	2	0	1888	1738	1059.322033898305	0.0	14.0	21.0	957.8544061302681	0.0	2086.813695866513	2040.7351218753147	SRSF6	54.0	81.0	0.037037037037037035	0.0	2040.7351218753147	4002.464231464762	-0.5098696712471249	0.0	0.0						
PB.161551.68	Patient21	1	4	2	0	0	0	7	0	1417	1328	4940.014114326042	0.0	4.0	21.0	957.8544061302681	0.0	2086.813695866513	2040.7351218753147	SRSF6	334.0	122.0	0.020958083832335328	0.0	2040.7351218753147	4002.464231464762	-0.5098696712471249	0.0	0.0						
PB.161551.68	Patient22	2	0	0	0	0	0	2	0	1221	2106	1638.0016380016382	0.0	13.0	21.0	957.8544061302681	0.0	2086.813695866513	2040.7351218753147	SRSF6	58.0	43.0	0.034482758620689655	0.0	2040.7351218753147	4002.464231464762	-0.5098696712471249	0.0	0.0						
PB.161551.68	Patient23	0	0	0	0	0	0	0	0	665	1159	0.0	0.0	25.5	21.0	957.8544061302681	0.0	2086.813695866513	2040.7351218753147	SRSF6	27.0	18.0	0.0	0.0	2040.7351218753147	4002.464231464762	-0.5098696712471249	0.0	0.0						
PB.161551.68	Patient24	0	1	0	0	0	0	1	0	1059	1661	944.2870632672333	0.0	17.0	21.0	957.8544061302681	0.0	2086.813695866513	2040.7351218753147	SRSF6	27.0	41.0	0.037037037037037035	0.0	2040.7351218753147	4002.464231464762	-0.5098696712471249	0.0	0.0						
PB.161551.68	Patient25	2	1	0	0	0	0	3	0	1372	1946	2186.5889212827988	0.0	12.0	21.0	957.8544061302681	0.0	2086.813695866513	2040.7351218753147	SRSF6	341.0	346.0	0.008797653958944282	0.0	2040.7351218753147	4002.464231464762	-0.5098696712471249	0.0	0.0						
PB.161551.68	Patient26	3	6	2	0	0	0	11	0	1690	1469	6508.87573964497	0.0	3.0	21.0	957.8544061302681	0.0	2086.813695866513	2040.7351218753147	SRSF6	668.0	201.0	0.016467065868263474	0.0	2040.7351218753147	4002.464231464762	-0.5098696712471249	0.0	0.0						
PB.161551.68	Patient27	0	0	0	0	0	0	0	0	917	1439	0.0	0.0	25.5	21.0	957.8544061302681	0.0	2086.813695866513	2040.7351218753147	SRSF6	92.0	45.0	0.0	0.0	2040.7351218753147	4002.464231464762	-0.5098696712471249	0.0	0.0						
PB.161551.68	Patient28	0	0	0	0	0	0	0	0	1473	1202	0.0	0.0	25.5	21.0	957.8544061302681	0.0	2086.813695866513	2040.7351218753147	SRSF6	299.0	165.0	0.0	0.0	2040.7351218753147	4002.464231464762	-0.5098696712471249	0.0	0.0						
PB.161551.68	Patient29	0	0	1	0	0	0	1	0	1044	1857	957.8544061302681	0.0	16.0	21.0	957.8544061302681	0.0	2086.813695866513	2040.7351218753147	SRSF6	61.0	35.0	0.01639344262295082	0.0	2040.7351218753147	4002.464231464762	-0.5098696712471249	0.0	0.0						
PB.161551.68	Patient3	12	6	6	1	0	0	24	1	1987	2019	12078.510317060896	495.2947003467063	1.0	9.0	957.8544061302681	0.0	2086.813695866513	2040.7351218753147	SRSF6	371.0	172.0	0.0646900269541779	0.005813953488372093	2040.7351218753147	4002.464231464762	-0.38612223174397514	-8.955053238759248	-1.5605276216021258						
PB.161551.68	Patient30	5	3	3	0	0	0	11	0	1658	1808	6634.499396863692	0.0	2.0	21.0	957.8544061302681	0.0	2086.813695866513	2040.7351218753147	SRSF6	496.0	127.0	0.02217741935483871	0.0	2040.7351218753147	4002.464231464762	-0.5098696712471249	0.0	0.0						
PB.161551.68	Patient31	0	0	0	0	0	0	0	0	966	1858	0.0	0.0	25.5	21.0	957.8544061302681	0.0	2086.813695866513	2040.7351218753147	SRSF6	153.0	125.0	0.0	0.0	2040.7351218753147	4002.464231464762	-0.5098696712471249	0.0	0.0						
PB.161551.68	Patient4	5	0	0	0	0	0	5	0	1554	1450	3217.5032175032175	0.0	8.0	21.0	957.8544061302681	0.0	2086.813695866513	2040.7351218753147	SRSF6	197.0	100.0	0.025380710659898477	0.0	2040.7351218753147	4002.464231464762	-0.5098696712471249	0.0	0.0						
PB.161551.68	Patient6	0	0	0	0	0	0	0	0	1602	1714	0.0	0.0	25.5	21.0	957.8544061302681	0.0	2086.813695866513	2040.7351218753147	SRSF6	77.0	89.0	0.0	0.0	2040.7351218753147	4002.464231464762	-0.5098696712471249	0.0	0.0						
PB.161551.68	Patient9	0	0	0	0	0	0	0	0	1722	1493	0.0	0.0	25.5	21.0	957.8544061302681	0.0	2086.813695866513	2040.7351218753147	SRSF6	3.0	7.0	0.0	0.0	2040.7351218753147	4002.464231464762	-0.5098696712471249	0.0	0.0						
PB.161551.77	Patient1	0	0	0	0	0	0	0	0	1902	1717	0.0	0.0	19.5	18.0	0.0	0.0	908.8868852412488	130.2783965527929	SRSF6	191.0	95.0	0.0	0.0	130.2783965527929	351.37942195543854	-0.3707627379764847	0.0	0.0						
PB.161551.77	Patient11	0	0	0	0	0	0	0	0	1367	2226	0.0	0.0	19.5	18.0	0.0	0.0	908.8868852412488	130.2783965527929	SRSF6	299.0	1145.0	0.0	0.0	130.2783965527929	351.37942195543854	-0.3707627379764847	0.0	0.0						
PB.161551.77	Patient12	0	0	0	0	0	0	0	0	1791	2004	0.0	0.0	19.5	18.0	0.0	0.0	908.8868852412488	130.2783965527929	SRSF6	223.0	348.0	0.0	0.0	130.2783965527929	351.37942195543854	-0.3707627379764847	0.0	0.0						
PB.161551.77	Patient13	0	0	0	0	0	0	0	0	2218	2495	0.0	0.0	19.5	18.0	0.0	0.0	908.8868852412488	130.2783965527929	SRSF6	387.0	696.0	0.0	0.0	130.2783965527929	351.37942195543854	-0.3707627379764847	0.0	0.0						
PB.161551.77	Patient14	0	0	0	0	0	0	0	0	1161	1708	0.0	0.0	19.5	18.0	0.0	0.0	908.8868852412488	130.2783965527929	SRSF6	121.0	44.0	0.0	0.0	130.2783965527929	351.37942195543854	-0.3707627379764847	0.0	0.0						
PB.161551.77	Patient15	0	0	0	0	0	0	0	0	1376	2573	0.0	0.0	19.5	18.0	0.0	0.0	908.8868852412488	130.2783965527929	SRSF6	324.0	294.0	0.0	0.0	130.2783965527929	351.37942195543854	-0.3707627379764847	0.0	0.0						
PB.161551.77	Patient16	0	0	0	0	0	0	0	0	1395	1271	0.0	0.0	19.5	18.0	0.0	0.0	908.8868852412488	130.2783965527929	SRSF6	93.0	54.0	0.0	0.0	130.2783965527929	351.37942195543854	-0.3707627379764847	0.0	0.0						
PB.161551.77	Patient17	0	0	0	0	0	0	0	0	975	1227	0.0	0.0	19.5	18.0	0.0	0.0	908.8868852412488	130.2783965527929	SRSF6	56.0	25.0	0.0	0.0	130.2783965527929	351.37942195543854	-0.3707627379764847	0.0	0.0						
PB.161551.77	Patient18	0	1	0	0	0	0	1	0	988	1387	1012.1457489878543	0.0	5.0	18.0	0.0	0.0	908.8868852412488	130.2783965527929	SRSF6	157.0	82.0	0.006369426751592357	0.0	130.2783965527929	351.37942195543854	-0.3707627379764847	0.0	0.0						
PB.161551.77	Patient19	0	1	0	0	0	0	1	0	1229	1548	813.6696501220504	0.0	6.0	18.0	0.0	0.0	908.8868852412488	130.2783965527929	SRSF6	74.0	31.0	0.013513513513513514	0.0	130.2783965527929	351.37942195543854	-0.3707627379764847	0.0	0.0						
PB.161551.77	Patient2	4	4	2	0	0	0	10	0	1277	1085	7830.853563038371	0.0	2.0	18.0	0.0	0.0	908.8868852412488	130.2783965527929	SRSF6	88.0	62.0	0.11363636363636363	0.0	130.2783965527929	351.37942195543854	-0.3707627379764847	0.0	0.0						
PB.161551.77	Patient20	0	0	0	0	0	0	0	0	1888	1738	0.0	0.0	19.5	18.0	0.0	0.0	908.8868852412488	130.2783965527929	SRSF6	54.0	81.0	0.0	0.0	130.2783965527929	351.37942195543854	-0.3707627379764847	0.0	0.0						
PB.161551.77	Patient21	0	0	0	0	0	0	0	0	1417	1328	0.0	0.0	19.5	18.0	0.0	0.0	908.8868852412488	130.2783965527929	SRSF6	334.0	122.0	0.0	0.0	130.2783965527929	351.37942195543854	-0.3707627379764847	0.0	0.0						
PB.161551.77	Patient23	0	0	0	0	0	0	0	0	665	1159	0.0	0.0	19.5	18.0	0.0	0.0	908.8868852412488	130.2783965527929	SRSF6	27.0	18.0	0.0	0.0	130.2783965527929	351.37942195543854	-0.3707627379764847	0.0	0.0						
PB.161551.77	Patient24	0	0	0	0	0	0	0	0	1059	1661	0.0	0.0	19.5	18.0	0.0	0.0	908.8868852412488	130.2783965527929	SRSF6	27.0	41.0	0.0	0.0	130.2783965527929	351.37942195543854	-0.3707627379764847	0.0	0.0						
PB.161551.77	Patient25	0	0	0	0	0	0	0	0	1372	1946	0.0	0.0	19.5	18.0	0.0	0.0	908.8868852412488	130.2783965527929	SRSF6	341.0	346.0	0.0	0.0	130.2783965527929	351.37942195543854	-0.3707627379764847	0.0	0.0						
PB.161551.77	Patient26	0	0	0	0	0	0	0	0	1690	1469	0.0	0.0	19.5	18.0	0.0	0.0	908.8868852412488	130.2783965527929	SRSF6	668.0	201.0	0.0	0.0	130.2783965527929	351.37942195543854	-0.3707627379764847	0.0	0.0						
PB.161551.77	Patient27	0	0	0	0	0	0	0	0	917	1439	0.0	0.0	19.5	18.0	0.0	0.0	908.8868852412488	130.2783965527929	SRSF6	92.0	45.0	0.0	0.0	130.2783965527929	351.37942195543854	-0.3707627379764847	0.0	0.0						
PB.161551.77	Patient29	0	0	0	0	0	0	0	0	1044	1857	0.0	0.0	19.5	18.0	0.0	0.0	908.8868852412488	130.2783965527929	SRSF6	61.0	35.0	0.0	0.0	130.2783965527929	351.37942195543854	-0.3707627379764847	0.0	0.0						
PB.161551.77	Patient3	0	0	0	0	0	0	0	0	1987	2019	0.0	0.0	19.5	18.0	0.0	0.0	908.8868852412488	130.2783965527929	SRSF6	371.0	172.0	0.0	0.0	130.2783965527929	351.37942195543854	-0.3707627379764847	0.0	0.0						
PB.161551.77	Patient30	1	0	1	0	0	0	2	0	1658	1808	1206.2726176115802	0.0	4.0	18.0	0.0	0.0	908.8868852412488	130.2783965527929	SRSF6	496.0	127.0	0.004032258064516129	0.0	130.2783965527929	351.37942195543854	-0.3707627379764847	0.0	0.0						
PB.161551.77	Patient31	0	0	0	0	0	0	0	0	966	1858	0.0	0.0	19.5	18.0	0.0	0.0	908.8868852412488	130.2783965527929	SRSF6	153.0	125.0	0.0	0.0	130.2783965527929	351.37942195543854	-0.3707627379764847	0.0	0.0						
PB.161551.77	Patient4	0	0	0	0	0	0	0	0	1554	1450	0.0	0.0	19.5	18.0	0.0	0.0	908.8868852412488	130.2783965527929	SRSF6	197.0	100.0	0.0	0.0	130.2783965527929	351.37942195543854	-0.3707627379764847	0.0	0.0						
PB.161551.77	Patient5	0	0	0	0	0	0	0	0	1596	1993	0.0	0.0	19.5	18.0	0.0	0.0	908.8868852412488	130.2783965527929	SRSF6	354.0	682.0	0.0	0.0	130.2783965527929	351.37942195543854	-0.3707627379764847	0.0	0.0						
PB.161551.77	Patient6	0	0	0	0	0	0	0	0	1602	1714	0.0	0.0	19.5	18.0	0.0	0.0	908.8868852412488	130.2783965527929	SRSF6	77.0	89.0	0.0	0.0	130.2783965527929	351.37942195543854	-0.3707627379764847	0.0	0.0						
PB.161551.77	Patient7	0	0	0	0	0	0	0	0	1726	1705	0.0	0.0	19.5	18.0	0.0	0.0	908.8868852412488	130.2783965527929	SRSF6	262.0	375.0	0.0	0.0	130.2783965527929	351.37942195543854	-0.3707627379764847	0.0	0.0						
PB.161551.77	Patient8	0	0	0	0	0	0	0	0	1359	1179	0.0	0.0	19.5	18.0	0.0	0.0	908.8868852412488	130.2783965527929	SRSF6	217.0	262.0	0.0	0.0	130.2783965527929	351.37942195543854	-0.3707627379764847	0.0	0.0						
PB.161551.94	Patient1	1	0	0	0	0	0	1	0	1902	1717	525.7623554153522	0.0	16.0	20.5	525.7623554153522	0.0	1359.7199546965242	2157.6092254285127	SRSF6	191.0	95.0	0.005235602094240838	0.0	2157.6092254285127	6823.791263319583	-0.31618921830544044	0.0	0.0						
PB.161551.94	Patient10	0	0	0	2	2	0	0	4	1394	2180	0.0	1834.862385321101	24.0	6.0	525.7623554153522	0.0	1359.7199546965242	2157.6092254285127	SRSF6	248.0	345.0	0.0	0.011594202898550725	2157.6092254285127	6823.791263319583	-0.047297290853882935	-10.842242204276738	-2.0102633903470566						
PB.161551.94	Patient14	1	1	2	0	0	0	4	0	1161	1708	3445.305770887166	0.0	5.0	20.5	525.7623554153522	0.0	1359.7199546965242	2157.6092254285127	SRSF6	121.0	44.0	0.03305785123966942	0.0	2157.6092254285127	6823.791263319583	-0.31618921830544044	0.0	0.0						
PB.161551.94	Patient15	0	1	1	0	0	0	2	0	1376	2573	1453.4883720930231	0.0	14.0	20.5	525.7623554153522	0.0	1359.7199546965242	2157.6092254285127	SRSF6	324.0	294.0	0.006172839506172839	0.0	2157.6092254285127	6823.791263319583	-0.31618921830544044	0.0	0.0						
PB.161551.94	Patient16	2	0	0	0	0	0	2	0	1395	1271	1433.6917562724013	0.0	15.0	20.5	525.7623554153522	0.0	1359.7199546965242	2157.6092254285127	SRSF6	93.0	54.0	0.021505376344086023	0.0	2157.6092254285127	6823.791263319583	-0.31618921830544044	0.0	0.0						
PB.161551.94	Patient17	0	0	0	0	0	0	0	0	975	1227	0.0	0.0	24.0	20.5	525.7623554153522	0.0	1359.7199546965242	2157.6092254285127	SRSF6	56.0	25.0	0.0	0.0	2157.6092254285127	6823.791263319583	-0.31618921830544044	0.0	0.0						
PB.161551.94	Patient18	1	0	1	0	0	0	2	0	988	1387	2024.2914979757086	0.0	9.0	20.5	525.7623554153522	0.0	1359.7199546965242	2157.6092254285127	SRSF6	157.0	82.0	0.012738853503184714	0.0	2157.6092254285127	6823.791263319583	-0.31618921830544044	0.0	0.0						
PB.161551.94	Patient19	0	0	2	0	0	0	2	0	1229	1548	1627.3393002441007	0.0	12.0	20.5	525.7623554153522	0.0	1359.7199546965242	2157.6092254285127	SRSF6	74.0	31.0	0.02702702702702703	0.0	2157.6092254285127	6823.791263319583	-0.31618921830544044	0.0	0.0						
PB.161551.94	Patient2	0	0	0	0	0	0	0	0	1277	1085	0.0	0.0	24.0	20.5	525.7623554153522	0.0	1359.7199546965242	2157.6092254285127	SRSF6	88.0	62.0	0.0	0.0	2157.6092254285127	6823.791263319583	-0.31618921830544044	0.0	0.0						
PB.161551.94	Patient20	0	0	0	0	0	0	0	0	1888	1738	0.0	0.0	24.0	20.5	525.7623554153522	0.0	1359.7199546965242	2157.6092254285127	SRSF6	54.0	81.0	0.0	0.0	2157.6092254285127	6823.791263319583	-0.31618921830544044	0.0	0.0						
PB.161551.94	Patient21	0	0	0	0	0	0	0	0	1417	1328	0.0	0.0	24.0	20.5	525.7623554153522	0.0	1359.7199546965242	2157.6092254285127	SRSF6	334.0	122.0	0.0	0.0	2157.6092254285127	6823.791263319583	-0.31618921830544044	0.0	0.0						
PB.161551.94	Patient22	1	0	1	0	0	0	2	0	1221	2106	1638.0016380016382	0.0	11.0	20.5	525.7623554153522	0.0	1359.7199546965242	2157.6092254285127	SRSF6	58.0	43.0	0.034482758620689655	0.0	2157.6092254285127	6823.791263319583	-0.31618921830544044	0.0	0.0						
PB.161551.94	Patient23	0	0	0	0	0	0	0	0	665	1159	0.0	0.0	24.0	20.5	525.7623554153522	0.0	1359.7199546965242	2157.6092254285127	SRSF6	27.0	18.0	0.0	0.0	2157.6092254285127	6823.791263319583	-0.31618921830544044	0.0	0.0						
PB.161551.94	Patient24	0	0	0	0	0	0	0	0	1059	1661	0.0	0.0	24.0	20.5	525.7623554153522	0.0	1359.7199546965242	2157.6092254285127	SRSF6	27.0	41.0	0.0	0.0	2157.6092254285127	6823.791263319583	-0.31618921830544044	0.0	0.0						
PB.161551.94	Patient25	3	2	2	1	0	0	7	1	1372	1946	5102.04081632653	513.874614594039	2.0	9.0	525.7623554153522	0.0	1359.7199546965242	2157.6092254285127	SRSF6	341.0	346.0	0.020527859237536656	0.002890173410404624	2157.6092254285127	6823.791263319583	-0.24088289741073393	-9.008077330948904	-1.6701903291441729						
PB.161551.94	Patient26	4	1	5	0	0	1	10	1	1690	1469	5917.159763313609	680.7351940095302	1.0	7.0	525.7623554153522	0.0	1359.7199546965242	2157.6092254285127	SRSF6	668.0	201.0	0.014970059880239521	0.004975124378109453	2157.6092254285127	6823.791263319583	-0.2164301301767142	-9.413067652665935	-1.7452797065859982						
PB.161551.94	Patient27	1	1	0	0	0	0	2	0	917	1439	2181.0250817884407	0.0	8.0	20.5	525.7623554153522	0.0	1359.7199546965242	2157.6092254285127	SRSF6	92.0	45.0	0.021739130434782608	0.0	2157.6092254285127	6823.791263319583	-0.31618921830544044	0.0	0.0						
PB.161551.94	Patient28	0	0	0	0	0	0	0	0	1473	1202	0.0	0.0	24.0	20.5	525.7623554153522	0.0	1359.7199546965242	2157.6092254285127	SRSF6	299.0	165.0	0.0	0.0	2157.6092254285127	6823.791263319583	-0.31618921830544044	0.0	0.0						
PB.161551.94	Patient29	0	1	1	0	0	0	2	0	1044	1857	1915.7088122605362	0.0	10.0	20.5	525.7623554153522	0.0	1359.7199546965242	2157.6092254285127	SRSF6	61.0	35.0	0.03278688524590164	0.0	2157.6092254285127	6823.791263319583	-0.31618921830544044	0.0	0.0						
PB.161551.94	Patient3	1	4	2	0	0	0	7	0	1987	2019	3522.8988424760946	0.0	4.0	20.5	525.7623554153522	0.0	1359.7199546965242	2157.6092254285127	SRSF6	371.0	172.0	0.018867924528301886	0.0	2157.6092254285127	6823.791263319583	-0.31618921830544044	0.0	0.0						
PB.161551.94	Patient30	3	1	3	1	0	0	7	1	1658	1808	4221.95416164053	553.0973451327434	3.0	8.0	525.7623554153522	0.0	1359.7199546965242	2157.6092254285127	SRSF6	496.0	127.0	0.014112903225806451	0.007874015748031496	2157.6092254285127	6823.791263319583	-0.23513495920085037	-9.113995644394285	-1.689828675518926						
PB.161551.94	Patient31	2	1	0	0	0	0	3	0	966	1858	3105.590062111801	0.0	6.0	20.5	525.7623554153522	0.0	1359.7199546965242	2157.6092254285127	SRSF6	153.0	125.0	0.0196078431372549	0.0	2157.6092254285127	6823.791263319583	-0.31618921830544044	0.0	0.0						
PB.161551.94	Patient4	2	0	2	0	0	0	4	0	1554	1450	2574.002574002574	0.0	7.0	20.5	525.7623554153522	0.0	1359.7199546965242	2157.6092254285127	SRSF6	197.0	100.0	0.02030456852791878	0.0	2157.6092254285127	6823.791263319583	-0.31618921830544044	0.0	0.0						
PB.161551.94	Patient6	0	0	0	0	0	0	0	0	1602	1714	0.0	0.0	24.0	20.5	525.7623554153522	0.0	1359.7199546965242	2157.6092254285127	SRSF6	77.0	89.0	0.0	0.0	2157.6092254285127	6823.791263319583	-0.31618921830544044	0.0	0.0						
PB.161551.94	Patient7	0	0	0	0	0	0	0	0	1726	1705	0.0	0.0	24.0	20.5	525.7623554153522	0.0	1359.7199546965242	2157.6092254285127	SRSF6	262.0	375.0	0.0	0.0	2157.6092254285127	6823.791263319583	-0.31618921830544044	0.0	0.0						
PB.161551.94	Patient9	0	0	0	0	0	0	0	0	1722	1493	0.0	0.0	24.0	20.5	525.7623554153522	0.0	1359.7199546965242	2157.6092254285127	SRSF6	3.0	7.0	0.0	0.0	2157.6092254285127	6823.791263319583	-0.31618921830544044	0.0	0.0						
PB.59138.287	Patient1	0	2	1	0	0	0	3	0	1902	1717	1577.2870662460568	0.0	16.0	23.0	1577.2870662460568	0.0	2022.8745626685459	1336.468100913653	DND1_HARS1	5.0	0.0	0.6		1336.468100913653	2179.3769241419673	-0.613234033135332	0.0	0.0						
PB.59138.287	Patient14	0	0	0	0	0	0	0	0	1161	1708	0.0	0.0	25.5	23.0	1577.2870662460568	0.0	2022.8745626685459	1336.468100913653	DND1_HARS1	0.0	0.0			1336.468100913653	2179.3769241419673	-0.613234033135332	0.0	0.0						
PB.59138.287	Patient15	1	0	0	0	1	0	1	1	1376	2573	726.7441860465116	388.65137971239795	18.0	14.0	1577.2870662460568	0.0	2022.8745626685459	1336.468100913653	DND1_HARS1	6.0	1.0	0.16666666666666666	1.0	1336.468100913653	2179.3769241419673	-0.4349026140002908	-8.606040114548572	-1.5284718394186398						
PB.59138.287	Patient16	1	2	0	0	0	0	3	0	1395	1271	2150.537634408602	0.0	12.0	23.0	1577.2870662460568	0.0	2022.8745626685459	1336.468100913653	DND1_HARS1	5.0	0.0	0.6		1336.468100913653	2179.3769241419673	-0.613234033135332	0.0	0.0						
PB.59138.287	Patient17	1	0	1	0	0	0	2	0	975	1227	2051.2820512820513	0.0	13.0	23.0	1577.2870662460568	0.0	2022.8745626685459	1336.468100913653	DND1_HARS1	6.0	0.0	0.3333333333333333		1336.468100913653	2179.3769241419673	-0.613234033135332	0.0	0.0						
PB.59138.287	Patient18	1	1	0	0	0	0	2	0	988	1387	2024.2914979757086	0.0	14.0	23.0	1577.2870662460568	0.0	2022.8745626685459	1336.468100913653	DND1_HARS1	2.0	0.0	1.0		1336.468100913653	2179.3769241419673	-0.613234033135332	0.0	0.0						
PB.59138.287	Patient19	1	1	0	0	1	0	2	1	1229	1548	1627.3393002441007	645.9948320413437	15.0	12.0	1577.2870662460568	0.0	2022.8745626685459	1336.468100913653	DND1_HARS1	5.0	1.0	0.4	1.0	1336.468100913653	2179.3769241419673	-0.31682140946965953	-9.337610378316924	-1.6584020433036641						
PB.59138.287	Patient20	0	0	0	0	0	0	0	0	1888	1738	0.0	0.0	25.5	23.0	1577.2870662460568	0.0	2022.8745626685459	1336.468100913653	DND1_HARS1	1.0	1.0	0.0	0.0	1336.468100913653	2179.3769241419673	-0.613234033135332	0.0	0.0						
PB.59138.287	Patient21	0	2	2	0	0	0	4	0	1417	1328	2822.8652081863092	0.0	8.0	23.0	1577.2870662460568	0.0	2022.8745626685459	1336.468100913653	DND1_HARS1	7.0	0.0	0.5714285714285714		1336.468100913653	2179.3769241419673	-0.613234033135332	0.0	0.0						
PB.59138.287	Patient22	1	1	3	0	0	0	5	0	1221	2106	4095.0040950040952	0.0	4.0	23.0	1577.2870662460568	0.0	2022.8745626685459	1336.468100913653	DND1_HARS1	6.0	0.0	0.8333333333333334		1336.468100913653	2179.3769241419673	-0.613234033135332	0.0	0.0						
PB.59138.287	Patient23	1	1	0	0	0	1	2	1	665	1159	3007.5187969924814	862.8127696289905	7.0	11.0	1577.2870662460568	0.0	2022.8745626685459	1336.468100913653	DND1_HARS1	9.0	1.0	0.2222222222222222	1.0	1336.468100913653	2179.3769241419673	-0.21733520532302744	-9.754574833645716	-1.732456825703667						
PB.59138.287	Patient24	0	0	0	0	0	0	0	0	1059	1661	0.0	0.0	25.5	23.0	1577.2870662460568	0.0	2022.8745626685459	1336.468100913653	DND1_HARS1	7.0	0.0	0.0		1336.468100913653	2179.3769241419673	-0.613234033135332	0.0	0.0						
PB.59138.287	Patient25	0	0	0	0	0	0	0	0	1372	1946	0.0	0.0	25.5	23.0	1577.2870662460568	0.0	2022.8745626685459	1336.468100913653	DND1_HARS1	4.0	0.0	0.0		1336.468100913653	2179.3769241419673	-0.613234033135332	0.0	0.0						
PB.59138.287	Patient26	1	0	1	0	0	0	2	0	1690	1469	1183.4319526627219	0.0	17.0	23.0	1577.2870662460568	0.0	2022.8745626685459	1336.468100913653	DND1_HARS1	8.0	0.0	0.25		1336.468100913653	2179.3769241419673	-0.613234033135332	0.0	0.0						
PB.59138.287	Patient27	0	1	1	0	0	0	2	0	917	1439	2181.0250817884407	0.0	11.0	23.0	1577.2870662460568	0.0	2022.8745626685459	1336.468100913653	DND1_HARS1	4.0	2.0	0.5	0.0	1336.468100913653	2179.3769241419673	-0.613234033135332	0.0	0.0						
PB.59138.287	Patient28	5	2	3	0	0	0	10	0	1473	1202	6788.866259334691	0.0	2.0	23.0	1577.2870662460568	0.0	2022.8745626685459	1336.468100913653	DND1_HARS1	15.0	0.0	0.6666666666666666		1336.468100913653	2179.3769241419673	-0.613234033135332	0.0	0.0						
PB.59138.287	Patient29	2	1	1	0	0	0	4	0	1044	1857	3831.4176245210724	0.0	5.0	23.0	1577.2870662460568	0.0	2022.8745626685459	1336.468100913653	DND1_HARS1	9.0	0.0	0.4444444444444444		1336.468100913653	2179.3769241419673	-0.613234033135332	0.0	0.0						
PB.59138.287	Patient3	3	0	3	1	0	0	6	1	1987	2019	3019.627579265224	495.2947003467063	6.0	13.0	1577.2870662460568	0.0	2022.8745626685459	1336.468100913653	DND1_HARS1	7.0	2.0	0.8571428571428571	0.5	1336.468100913653	2179.3769241419673	-0.38596967383148795	-8.955053238759248	-1.5904581565683504						
PB.59138.287	Patient30	1	2	1	0	0	0	4	0	1658	1808	2412.5452352231605	0.0	10.0	23.0	1577.2870662460568	0.0	2022.8745626685459	1336.468100913653	DND1_HARS1	12.0	0.0	0.3333333333333333		1336.468100913653	2179.3769241419673	-0.613234033135332	0.0	0.0						
PB.59138.287	Patient31	2	1	2	0	0	0	5	0	966	1858	5175.983436853002	0.0	3.0	23.0	1577.2870662460568	0.0	2022.8745626685459	1336.468100913653	DND1_HARS1	10.0	0.0	0.5		1336.468100913653	2179.3769241419673	-0.613234033135332	0.0	0.0						
PB.59138.287	Patient4	1	3	0	0	0	0	4	0	1554	1450	2574.002574002574	0.0	9.0	23.0	1577.2870662460568	0.0	2022.8745626685459	1336.468100913653	DND1_HARS1	8.0	0.0	0.5		1336.468100913653	2179.3769241419673	-0.613234033135332	0.0	0.0						
PB.59138.305	Patient1	0	0	2	0	0	0	2	0	1902	1717	1051.5247108307044	0.0	17.0	22.5	1433.6917562724013	0.0	2366.2445740742455	885.6734207513038	DND1_HARS1	5.0	0.0	0.4		885.6734207513038	1385.976931287281	-0.6390246480716669	0.0	0.0						
PB.59138.305	Patient14	0	0	0	0	0	0	0	0	1161	1708	0.0	0.0	26.0	22.5	1433.6917562724013	0.0	2366.2445740742455	885.6734207513038	DND1_HARS1	0.0	0.0			885.6734207513038	1385.976931287281	-0.6390246480716669	0.0	0.0						
PB.59138.305	Patient15	3	2	0	0	0	0	5	0	1376	2573	3633.720930232558	0.0	8.0	22.5	1433.6917562724013	0.0	2366.2445740742455	885.6734207513038	DND1_HARS1	6.0	1.0	0.8333333333333334	0.0	885.6734207513038	1385.976931287281	-0.6390246480716669	0.0	0.0						
PB.59138.305	Patient16	0	2	0	0	0	0	2	0	1395	1271	1433.6917562724013	0.0	16.0	22.5	1433.6917562724013	0.0	2366.2445740742455	885.6734207513038	DND1_HARS1	5.0	0.0	0.4		885.6734207513038	1385.976931287281	-0.6390246480716669	0.0	0.0						
PB.59138.305	Patient17	1	2	1	0	0	0	4	0	975	1227	4102.5641025641025	0.0	7.0	22.5	1433.6917562724013	0.0	2366.2445740742455	885.6734207513038	DND1_HARS1	6.0	0.0	0.6666666666666666		885.6734207513038	1385.976931287281	-0.6390246480716669	0.0	0.0						
PB.59138.305	Patient18	0	0	0	0	0	0	0	0	988	1387	0.0	0.0	26.0	22.5	1433.6917562724013	0.0	2366.2445740742455	885.6734207513038	DND1_HARS1	2.0	0.0	0.0		885.6734207513038	1385.976931287281	-0.6390246480716669	0.0	0.0						
PB.59138.305	Patient19	0	2	1	0	0	0	3	0	1229	1548	2441.0089503661516	0.0	13.0	22.5	1433.6917562724013	0.0	2366.2445740742455	885.6734207513038	DND1_HARS1	5.0	1.0	0.6	0.0	885.6734207513038	1385.976931287281	-0.6390246480716669	0.0	0.0						
PB.59138.305	Patient20	0	0	1	0	0	1	1	1	1888	1738	529.6610169491526	575.3739930955121	19.0	11.0	1433.6917562724013	0.0	2366.2445740742455	885.6734207513038	DND1_HARS1	1.0	1.0	1.0	1.0	885.6734207513038	1385.976931287281	-0.22388498729743556	-9.170861430078151	-1.697075720801604						
PB.59138.305	Patient21	3	0	0	0	0	0	3	0	1417	1328	2117.148906139732	0.0	15.0	22.5	1433.6917562724013	0.0	2366.2445740742455	885.6734207513038	DND1_HARS1	7.0	0.0	0.42857142857142855		885.6734207513038	1385.976931287281	-0.6390246480716669	0.0	0.0						
PB.59138.305	Patient22	0	0	1	0	0	0	1	0	1221	2106	819.0008190008191	0.0	18.0	22.5	1433.6917562724013	0.0	2366.2445740742455	885.6734207513038	DND1_HARS1	6.0	0.0	0.16666666666666666		885.6734207513038	1385.976931287281	-0.6390246480716669	0.0	0.0						
PB.59138.305	Patient23	2	2	3	0	0	0	7	0	665	1159	10526.315789473683	0.0	1.0	22.5	1433.6917562724013	0.0	2366.2445740742455	885.6734207513038	DND1_HARS1	9.0	1.0	0.7777777777777778	0.0	885.6734207513038	1385.976931287281	-0.6390246480716669	0.0	0.0						
PB.59138.305	Patient24	2	2	3	0	0	0	7	0	1059	1661	6610.0094428706325	0.0	3.0	22.5	1433.6917562724013	0.0	2366.2445740742455	885.6734207513038	DND1_HARS1	7.0	0.0	1.0		885.6734207513038	1385.976931287281	-0.6390246480716669	0.0	0.0						
PB.59138.305	Patient25	2	1	1	0	0	0	4	0	1372	1946	2915.451895043732	0.0	11.0	22.5	1433.6917562724013	0.0	2366.2445740742455	885.6734207513038	DND1_HARS1	4.0	0.0	1.0		885.6734207513038	1385.976931287281	-0.6390246480716669	0.0	0.0						
PB.59138.305	Patient26	3	2	1	0	0	0	6	0	1690	1469	3550.2958579881656	0.0	9.0	22.5	1433.6917562724013	0.0	2366.2445740742455	885.6734207513038	DND1_HARS1	8.0	0.0	0.75		885.6734207513038	1385.976931287281	-0.6390246480716669	0.0	0.0						
PB.59138.305	Patient28	0	2	3	0	0	0	5	0	1473	1202	3394.4331296673454	0.0	10.0	22.5	1433.6917562724013	0.0	2366.2445740742455	885.6734207513038	DND1_HARS1	15.0	0.0	0.3333333333333333		885.6734207513038	1385.976931287281	-0.6390246480716669	0.0	0.0						
PB.59138.305	Patient29	0	4	1	0	0	0	5	0	1044	1857	4789.272030651341	0.0	6.0	22.5	1433.6917562724013	0.0	2366.2445740742455	885.6734207513038	DND1_HARS1	9.0	0.0	0.5555555555555556		885.6734207513038	1385.976931287281	-0.6390246480716669	0.0	0.0						
PB.59138.305	Patient3	0	0	1	1	0	0	1	1	1987	2019	503.27126321087064	495.2947003467063	20.0	13.0	1433.6917562724013	0.0	2366.2445740742455	885.6734207513038	DND1_HARS1	7.0	2.0	0.14285714285714285	0.5	885.6734207513038	1385.976931287281	-0.2816632164591785	-8.955053238759248	-1.65714023113907						
PB.59138.305	Patient30	4	2	2	0	0	0	8	0	1658	1808	4825.090470446321	0.0	5.0	22.5	1433.6917562724013	0.0	2366.2445740742455	885.6734207513038	DND1_HARS1	12.0	0.0	0.6666666666666666		885.6734207513038	1385.976931287281	-0.6390246480716669	0.0	0.0						
PB.59138.305	Patient31	0	1	4	0	0	0	5	0	966	1858	5175.983436853002	0.0	4.0	22.5	1433.6917562724013	0.0	2366.2445740742455	885.6734207513038	DND1_HARS1	10.0	0.0	0.5		885.6734207513038	1385.976931287281	-0.6390246480716669	0.0	0.0						
PB.59138.305	Patient4	2	1	1	0	0	0	4	0	1554	1450	2574.002574002574	0.0	12.0	22.5	1433.6917562724013	0.0	2366.2445740742455	885.6734207513038	DND1_HARS1	8.0	0.0	0.5		885.6734207513038	1385.976931287281	-0.6390246480716669	0.0	0.0						
PB.59138.305	Patient5	0	0	0	0	0	1	0	1	1596	1993	0.0	501.75614651279477	26.0	12.0	1433.6917562724013	0.0	2366.2445740742455	885.6734207513038	DND1_HARS1	0.0	5.0		0.2	885.6734207513038	1385.976931287281	-0.2770012007933859	-8.973715004275162	-1.6605936067467832						
PB.59138.479	Patient10	139	136	97	179	174	179	372	532	1394	2180	266857.962697274	244036.69724770644	21.0	23.0	292151.1627906977	320030.1204819277	297745.67270134075	310354.51345884235	HARS1	402.0	561.0	0.9253731343283582	0.948306595365419	310354.51345884235	98171.69869845884	-0.675528865145093	-35.5823958651529	0.553430701750039						Charcot-Marie-Tooth disease, axonal, type 2W, 616625 (3), Autosomal dominant; Usher syndrome type 3B, 614504 (3), Autosomal recessive
PB.59138.479	Patient11	75	73	73	134	124	131	221	389	1367	2226	161667.88588149232	174752.9200359389	28.0	30.0	292151.1627906977	320030.1204819277	297745.67270134075	310354.51345884235	HARS1	252.0	431.0	0.876984126984127	0.9025522041763341	310354.51345884235	98171.69869845884	-1.381269706246126	-26.746363347608277	1.1683429908025567						Charcot-Marie-Tooth disease, axonal, type 2W, 616625 (3), Autosomal dominant; Usher syndrome type 3B, 614504 (3), Autosomal recessive
PB.59138.479	Patient12	157	158	161	138	131	148	476	417	1791	2004	265773.3109994416	208083.83233532935	22.0	26.0	292151.1627906977	320030.1204819277	297745.67270134075	310354.51345884235	HARS1	520.0	462.0	0.9153846153846154	0.9025974025974026	310354.51345884235	98171.69869845884	-1.0417531985225648	-31.365342695141113	0.8469015341263672						Charcot-Marie-Tooth disease, axonal, type 2W, 616625 (3), Autosomal dominant; Usher syndrome type 3B, 614504 (3), Autosomal recessive
PB.59138.479	Patient13	179	169	167	155	143	155	515	453	2218	2495	232191.16321009918	181563.126252505	26.0	29.0	292151.1627906977	320030.1204819277	297745.67270134075	310354.51345884235	HARS1	548.0	488.0	0.9397810218978102	0.9282786885245902	310354.51345884235	98171.69869845884	-1.3118993448603655	-27.757917470941134	1.097947475593207						Charcot-Marie-Tooth disease, axonal, type 2W, 616625 (3), Autosomal dominant; Usher syndrome type 3B, 614504 (3), Autosomal recessive
PB.59138.479	Patient14	95	113	123	150	155	152	331	457	1161	1708	285099.052540913	267564.4028103045	20.0	22.0	292151.1627906977	320030.1204819277	297745.67270134075	310354.51345884235	HARS1	338.0	464.0	0.9792899408284024	0.9849137931034483	310354.51345884235	98171.69869845884	-0.4358701256659585	-38.01777536126081	0.38394911850667784						Charcot-Marie-Tooth disease, axonal, type 2W, 616625 (3), Autosomal dominant; Usher syndrome type 3B, 614504 (3), Autosomal recessive
PB.59138.479	Patient2	31	20	18	24	26	19	69	69	1277	1085	54032.88958496476	63594.47004608294	31.0	31.0	292151.1627906977	320030.1204819277	297745.67270134075	310354.51345884235	HARS1	145.0	71.0	0.47586206896551725	0.971830985915493	310354.51345884235	98171.69869845884	-2.513555807674266	26.746363347608273	4.890979248025931					2.0	Charcot-Marie-Tooth disease, axonal, type 2W, 616625 (3), Autosomal dominant; Usher syndrome type 3B, 614504 (3), Autosomal recessive
PB.59138.479	Patient28	114	98	83	87	81	67	295	235	1473	1202	200271.55465037338	195507.48752079866	27.0	28.0	292151.1627906977	320030.1204819277	297745.67270134075	310354.51345884235	HARS1	307.0	246.0	0.9609120521172638	0.9552845528455285	310354.51345884235	98171.69869845884	-1.169858803103777	-29.71579497729195	0.9616959467849854						Charcot-Marie-Tooth disease, axonal, type 2W, 616625 (3), Autosomal dominant; Usher syndrome type 3B, 614504 (3), Autosomal recessive
PB.59138.479	Patient29	113	130	123	174	164	167	366	505	1044	1857	350574.7126436782	271943.9956919763	7.0	20.0	292151.1627906977	320030.1204819277	297745.67270134075	310354.51345884235	HARS1	392.0	544.0	0.9336734693877551	0.9283088235294118	310354.51345884235	98171.69869845884	-0.3912585630696545	-38.44736841594732	0.3540531161895939						Charcot-Marie-Tooth disease, axonal, type 2W, 616625 (3), Autosomal dominant; Usher syndrome type 3B, 614504 (3), Autosomal recessive
PB.59138.479	Patient30	133	142	135	181	160	147	410	488	1658	1808	247285.88661037394	269911.50442477874	24.0	21.0	292151.1627906977	320030.1204819277	297745.67270134075	310354.51345884235	HARS1	429.0	512.0	0.9557109557109557	0.953125	310354.51345884235	98171.69869845884	-0.41196199689166124	-38.248868911876656	0.3678669839160334						Charcot-Marie-Tooth disease, axonal, type 2W, 616625 (3), Autosomal dominant; Usher syndrome type 3B, 614504 (3), Autosomal recessive
PB.59138.479	Patient31	46	36	40	175	167	166	122	508	966	1858	126293.99585921325	273412.27125941875	29.0	19.0	292151.1627906977	320030.1204819277	297745.67270134075	310354.51345884235	HARS1	127.0	537.0	0.9606299212598425	0.9459962756052142	310354.51345884235	98171.69869845884	-0.3763023629945964	-38.589844021173825	0.34413803265294796						Charcot-Marie-Tooth disease, axonal, type 2W, 616625 (3), Autosomal dominant; Usher syndrome type 3B, 614504 (3), Autosomal recessive
PB.59138.479	Patient4	138	133	118	143	147	146	389	436	1554	1450	250321.7503217503	300689.6551724138	23.0	17.0	292151.1627906977	320030.1204819277	297745.67270134075	310354.51345884235	HARS1	420.0	453.0	0.9261904761904762	0.9624724061810155	310354.51345884235	98171.69869845884	-0.09844851840768118	-41.10609011239897	0.1690288260375945						Charcot-Marie-Tooth disease, axonal, type 2W, 616625 (3), Autosomal dominant; Usher syndrome type 3B, 614504 (3), Autosomal recessive
PB.59138.479	Patient5	182	188	177	145	151	123	547	419	1596	1993	342731.82957393484	210235.825388861	8.0	25.0	292151.1627906977	320030.1204819277	297745.67270134075	310354.51345884235	HARS1	559.0	435.0	0.9785330948121646	0.9632183908045977	310354.51345884235	98171.69869845884	-1.019832491413873	-31.637580313308717	0.8279561243373859						Charcot-Marie-Tooth disease, axonal, type 2W, 616625 (3), Autosomal dominant; Usher syndrome type 3B, 614504 (3), Autosomal recessive
PB.59138.479	Patient6	198	229	210	173	155	180	637	508	1602	1714	397627.9650436954	296382.73045507586	4.0	18.0	292151.1627906977	320030.1204819277	297745.67270134075	310354.51345884235	HARS1	657.0	531.0	0.969558599695586	0.9566854990583804	310354.51345884235	98171.69869845884	-0.14231986600009636	-40.72435671030722	0.1955942058754303						Charcot-Marie-Tooth disease, axonal, type 2W, 616625 (3), Autosomal dominant; Usher syndrome type 3B, 614504 (3), Autosomal recessive
PB.59138.479	Patient7	177	209	197	139	148	127	583	414	1726	1705	337775.20278099657	242815.24926686217	9.0	24.0	292151.1627906977	320030.1204819277	297745.67270134075	310354.51345884235	HARS1	605.0	431.0	0.9636363636363636	0.9605568445475638	310354.51345884235	98171.69869845884	-0.6879708214017127	-35.449628608282985	0.5626701672761105						Charcot-Marie-Tooth disease, axonal, type 2W, 616625 (3), Autosomal dominant; Usher syndrome type 3B, 614504 (3), Autosomal recessive
PB.59138.479	Patient8	138	131	125	69	90	80	394	239	1359	1179	289919.05813097866	202714.16454622563	17.0	27.0	292151.1627906977	320030.1204819277	297745.67270134075	310354.51345884235	HARS1	410.0	257.0	0.9609756097560975	0.9299610894941635	310354.51345884235	98171.69869845884	-1.0964498968612277	-30.673582590085754	0.8950421208467297						Charcot-Marie-Tooth disease, axonal, type 2W, 616625 (3), Autosomal dominant; Usher syndrome type 3B, 614504 (3), Autosomal recessive
PB.59138.482	Patient1	1	0	0	1	0	0	1	1	1902	1717	525.7623554153522	582.4111822947001	12.0	10.0	0.0	0.0	541.314056630287	756.8068499073898	HARS1	573.0	643.0	0.0017452006980802793	0.0015552099533437014	756.8068499073898	1308.5906324244283	-0.1332698426012622	-9.18836922854167	-1.7513311882229379						Charcot-Marie-Tooth disease, axonal, type 2W, 616625 (3), Autosomal dominant; Usher syndrome type 3B, 614504 (3), Autosomal recessive
PB.59138.482	Patient10	0	0	0	0	0	0	0	0	1394	2180	0.0	0.0	22.0	21.5	0.0	0.0	541.314056630287	756.8068499073898	HARS1	402.0	561.0	0.0	0.0	756.8068499073898	1308.5906324244283	-0.5783373586476409	0.0	0.0						Charcot-Marie-Tooth disease, axonal, type 2W, 616625 (3), Autosomal dominant; Usher syndrome type 3B, 614504 (3), Autosomal recessive
PB.59138.482	Patient11	0	0	0	0	0	0	0	0	1367	2226	0.0	0.0	22.0	21.5	0.0	0.0	541.314056630287	756.8068499073898	HARS1	252.0	431.0	0.0	0.0	756.8068499073898	1308.5906324244283	-0.5783373586476409	0.0	0.0						Charcot-Marie-Tooth disease, axonal, type 2W, 616625 (3), Autosomal dominant; Usher syndrome type 3B, 614504 (3), Autosomal recessive
PB.59138.482	Patient12	0	0	0	0	0	0	0	0	1791	2004	0.0	0.0	22.0	21.5	0.0	0.0	541.314056630287	756.8068499073898	HARS1	520.0	462.0	0.0	0.0	756.8068499073898	1308.5906324244283	-0.5783373586476409	0.0	0.0						Charcot-Marie-Tooth disease, axonal, type 2W, 616625 (3), Autosomal dominant; Usher syndrome type 3B, 614504 (3), Autosomal recessive
PB.59138.482	Patient13	0	0	0	0	0	0	0	0	2218	2495	0.0	0.0	22.0	21.5	0.0	0.0	541.314056630287	756.8068499073898	HARS1	548.0	488.0	0.0	0.0	756.8068499073898	1308.5906324244283	-0.5783373586476409	0.0	0.0						Charcot-Marie-Tooth disease, axonal, type 2W, 616625 (3), Autosomal dominant; Usher syndrome type 3B, 614504 (3), Autosomal recessive
PB.59138.482	Patient14	0	0	0	0	0	0	0	0	1161	1708	0.0	0.0	22.0	21.5	0.0	0.0	541.314056630287	756.8068499073898	HARS1	338.0	464.0	0.0	0.0	756.8068499073898	1308.5906324244283	-0.5783373586476409	0.0	0.0						Charcot-Marie-Tooth disease, axonal, type 2W, 616625 (3), Autosomal dominant; Usher syndrome type 3B, 614504 (3), Autosomal recessive
PB.59138.482	Patient15	0	0	0	0	0	0	0	0	1376	2573	0.0	0.0	22.0	21.5	0.0	0.0	541.314056630287	756.8068499073898	HARS1	427.0	988.0	0.0	0.0	756.8068499073898	1308.5906324244283	-0.5783373586476409	0.0	0.0						Charcot-Marie-Tooth disease, axonal, type 2W, 616625 (3), Autosomal dominant; Usher syndrome type 3B, 614504 (3), Autosomal recessive
PB.59138.482	Patient17	0	0	0	0	0	0	0	0	975	1227	0.0	0.0	22.0	21.5	0.0	0.0	541.314056630287	756.8068499073898	HARS1	401.0	543.0	0.0	0.0	756.8068499073898	1308.5906324244283	-0.5783373586476409	0.0	0.0						Charcot-Marie-Tooth disease, axonal, type 2W, 616625 (3), Autosomal dominant; Usher syndrome type 3B, 614504 (3), Autosomal recessive
PB.59138.482	Patient18	0	0	0	0	0	0	0	0	988	1387	0.0	0.0	22.0	21.5	0.0	0.0	541.314056630287	756.8068499073898	HARS1	325.0	594.0	0.0	0.0	756.8068499073898	1308.5906324244283	-0.5783373586476409	0.0	0.0						Charcot-Marie-Tooth disease, axonal, type 2W, 616625 (3), Autosomal dominant; Usher syndrome type 3B, 614504 (3), Autosomal recessive
PB.59138.482	Patient19	0	0	0	0	0	0	0	0	1229	1548	0.0	0.0	22.0	21.5	0.0	0.0	541.314056630287	756.8068499073898	HARS1	419.0	582.0	0.0	0.0	756.8068499073898	1308.5906324244283	-0.5783373586476409	0.0	0.0						Charcot-Marie-Tooth disease, axonal, type 2W, 616625 (3), Autosomal dominant; Usher syndrome type 3B, 614504 (3), Autosomal recessive
PB.59138.482	Patient2	0	0	0	0	0	0	0	0	1277	1085	0.0	0.0	22.0	21.5	0.0	0.0	541.314056630287	756.8068499073898	HARS1	145.0	71.0	0.0	0.0	756.8068499073898	1308.5906324244283	-0.5783373586476409	0.0	0.0						Charcot-Marie-Tooth disease, axonal, type 2W, 616625 (3), Autosomal dominant; Usher syndrome type 3B, 614504 (3), Autosomal recessive
PB.59138.482	Patient22	0	0	0	0	0	1	0	1	1221	2106	0.0	474.8338081671415	22.0	11.0	0.0	0.0	541.314056630287	756.8068499073898	HARS1	394.0	738.0	0.0	0.0013550135501355014	756.8068499073898	1308.5906324244283	-0.21547841987668545	-8.894313969192877	-1.6952833592829746						Charcot-Marie-Tooth disease, axonal, type 2W, 616625 (3), Autosomal dominant; Usher syndrome type 3B, 614504 (3), Autosomal recessive
PB.59138.482	Patient23	0	1	0	0	0	0	1	0	665	1159	1503.7593984962407	0.0	5.0	21.5	0.0	0.0	541.314056630287	756.8068499073898	HARS1	495.0	545.0	0.00202020202020202	0.0	756.8068499073898	1308.5906324244283	-0.5783373586476409	0.0	0.0						Charcot-Marie-Tooth disease, axonal, type 2W, 616625 (3), Autosomal dominant; Usher syndrome type 3B, 614504 (3), Autosomal recessive
PB.59138.482	Patient26	0	0	0	0	0	0	0	0	1690	1469	0.0	0.0	22.0	21.5	0.0	0.0	541.314056630287	756.8068499073898	HARS1	221.0	547.0	0.0	0.0	756.8068499073898	1308.5906324244283	-0.5783373586476409	0.0	0.0						Charcot-Marie-Tooth disease, axonal, type 2W, 616625 (3), Autosomal dominant; Usher syndrome type 3B, 614504 (3), Autosomal recessive
PB.59138.482	Patient27	0	0	0	1	0	0	0	1	917	1439	0.0	694.9270326615705	22.0	9.0	0.0	0.0	541.314056630287	756.8068499073898	HARS1	324.0	534.0	0.0	0.0018726591760299626	756.8068499073898	1308.5906324244283	-0.04728737598493619	-9.442792238469677	-1.7998249895935203						Charcot-Marie-Tooth disease, axonal, type 2W, 616625 (3), Autosomal dominant; Usher syndrome type 3B, 614504 (3), Autosomal recessive
PB.59138.482	Patient29	0	1	0	0	0	0	1	0	1044	1857	957.8544061302681	0.0	8.0	21.5	0.0	0.0	541.314056630287	756.8068499073898	HARS1	392.0	544.0	0.002551020408163265	0.0	756.8068499073898	1308.5906324244283	-0.5783373586476409	0.0	0.0						Charcot-Marie-Tooth disease, axonal, type 2W, 616625 (3), Autosomal dominant; Usher syndrome type 3B, 614504 (3), Autosomal recessive
PB.59138.482	Patient30	0	0	0	0	0	0	0	0	1658	1808	0.0	0.0	22.0	21.5	0.0	0.0	541.314056630287	756.8068499073898	HARS1	429.0	512.0	0.0	0.0	756.8068499073898	1308.5906324244283	-0.5783373586476409	0.0	0.0						Charcot-Marie-Tooth disease, axonal, type 2W, 616625 (3), Autosomal dominant; Usher syndrome type 3B, 614504 (3), Autosomal recessive
PB.59138.482	Patient31	0	0	0	0	0	0	0	0	966	1858	0.0	0.0	22.0	21.5	0.0	0.0	541.314056630287	756.8068499073898	HARS1	127.0	537.0	0.0	0.0	756.8068499073898	1308.5906324244283	-0.5783373586476409	0.0	0.0						Charcot-Marie-Tooth disease, axonal, type 2W, 616625 (3), Autosomal dominant; Usher syndrome type 3B, 614504 (3), Autosomal recessive
PB.59138.482	Patient5	0	0	0	0	0	0	0	0	1596	1993	0.0	0.0	22.0	21.5	0.0	0.0	541.314056630287	756.8068499073898	HARS1	559.0	435.0	0.0	0.0	756.8068499073898	1308.5906324244283	-0.5783373586476409	0.0	0.0						Charcot-Marie-Tooth disease, axonal, type 2W, 616625 (3), Autosomal dominant; Usher syndrome type 3B, 614504 (3), Autosomal recessive
PB.59138.482	Patient6	0	1	1	0	0	0	2	0	1602	1714	1248.4394506866417	0.0	6.0	21.5	0.0	0.0	541.314056630287	756.8068499073898	HARS1	657.0	531.0	0.0030441400304414	0.0	756.8068499073898	1308.5906324244283	-0.5783373586476409	0.0	0.0						Charcot-Marie-Tooth disease, axonal, type 2W, 616625 (3), Autosomal dominant; Usher syndrome type 3B, 614504 (3), Autosomal recessive
PB.59138.482	Patient7	0	0	0	0	0	0	0	0	1726	1705	0.0	0.0	22.0	21.5	0.0	0.0	541.314056630287	756.8068499073898	HARS1	605.0	431.0	0.0	0.0	756.8068499073898	1308.5906324244283	-0.5783373586476409	0.0	0.0						Charcot-Marie-Tooth disease, axonal, type 2W, 616625 (3), Autosomal dominant; Usher syndrome type 3B, 614504 (3), Autosomal recessive
PB.59138.482	Patient8	0	0	0	0	0	0	0	0	1359	1179	0.0	0.0	22.0	21.5	0.0	0.0	541.314056630287	756.8068499073898	HARS1	410.0	257.0	0.0	0.0	756.8068499073898	1308.5906324244283	-0.5783373586476409	0.0	0.0						Charcot-Marie-Tooth disease, axonal, type 2W, 616625 (3), Autosomal dominant; Usher syndrome type 3B, 614504 (3), Autosomal recessive
PB.59138.482	Patient9	0	0	0	0	0	0	0	0	1722	1493	0.0	0.0	22.0	21.5	0.0	0.0	541.314056630287	756.8068499073898	HARS1	592.0	547.0	0.0	0.0	756.8068499073898	1308.5906324244283	-0.5783373586476409	0.0	0.0						Charcot-Marie-Tooth disease, axonal, type 2W, 616625 (3), Autosomal dominant; Usher syndrome type 3B, 614504 (3), Autosomal recessive
PB.59138.483	Patient1	3	4	1	3	6	1	8	10	1902	1717	4206.098843322818	5824.111822947	22.0	17.0	5150.84621044886	5943.536404160475	6586.796792979133	7155.277762937373	HARS1	573.0	643.0	0.013961605584642234	0.015552099533437015	7155.277762937373	4270.420381327698	-0.3117177750955998	-33.56071908945741	0.09272051014793739						Charcot-Marie-Tooth disease, axonal, type 2W, 616625 (3), Autosomal dominant; Usher syndrome type 3B, 614504 (3), Autosomal recessive
PB.59138.483	Patient10	2	2	2	2	1	5	6	8	1394	2180	4304.16068866571	3669.724770642202	21.0	24.0	5150.84621044886	5943.536404160475	6586.796792979133	7155.277762937373	HARS1	402.0	561.0	0.014925373134328358	0.0142602495543672	7155.277762937373	4270.420381327698	-0.8162084012936198	-25.150129299328853	0.7064573036200441						Charcot-Marie-Tooth disease, axonal, type 2W, 616625 (3), Autosomal dominant; Usher syndrome type 3B, 614504 (3), Autosomal recessive
PB.59138.483	Patient11	3	3	2	3	3	5	8	11	1367	2226	5852.231163130944	4941.599281221923	12.0	20.0	5150.84621044886	5943.536404160475	6586.796792979133	7155.277762937373	HARS1	252.0	431.0	0.031746031746031744	0.025522041763341066	7155.277762937373	4270.420381327698	-0.5183748399559682	-30.568553929573113	0.3110645141465287						Charcot-Marie-Tooth disease, axonal, type 2W, 616625 (3), Autosomal dominant; Usher syndrome type 3B, 614504 (3), Autosomal recessive
PB.59138.483	Patient12	3	0	3	2	0	3	6	5	1791	2004	3350.0837520938026	2495.0099800399203	24.0	28.0	5150.84621044886	5943.536404160475	6586.796792979133	7155.277762937373	HARS1	520.0	462.0	0.011538461538461539	0.010822510822510822	7155.277762937373	4270.420381327698	-1.0912901697627597	-18.125432615739804	1.2190628313275353					2.0	Charcot-Marie-Tooth disease, axonal, type 2W, 616625 (3), Autosomal dominant; Usher syndrome type 3B, 614504 (3), Autosomal recessive
PB.59138.483	Patient13	5	1	4	2	1	0	10	3	2218	2495	4508.566275924256	1202.4048096192384	20.0	30.0	5150.84621044886	5943.536404160475	6586.796792979133	7155.277762937373	HARS1	548.0	488.0	0.01824817518248175	0.006147540983606557	7155.277762937373	4270.420381327698	-1.3939782086435604	-4.838306409114734	2.1886497968081833	1.0	1.0	1.0	1.0	2.0	Charcot-Marie-Tooth disease, axonal, type 2W, 616625 (3), Autosomal dominant; Usher syndrome type 3B, 614504 (3), Autosomal recessive
PB.59138.483	Patient14	0	2	0	2	0	1	2	3	1161	1708	1722.652885443583	1756.440281030445	29.0	29.0	5150.84621044886	5943.536404160475	6586.796792979133	7155.277762937373	HARS1	338.0	464.0	0.005917159763313609	0.00646551724137931	7155.277762937373	4270.420381327698	-1.2642402854560186	-11.73565386464314	1.6853371853921064						Charcot-Marie-Tooth disease, axonal, type 2W, 616625 (3), Autosomal dominant; Usher syndrome type 3B, 614504 (3), Autosomal recessive
PB.59138.483	Patient2	0	0	1	0	1	0	1	1	1277	1085	783.0853563038371	921.6589861751152	31.0	31.0	5150.84621044886	5943.536404160475	6586.796792979133	7155.277762937373	HARS1	145.0	71.0	0.006896551724137931	0.014084507042253521	7155.277762937373	4270.420381327698	-1.4597201727536224	4.838306409114733	2.894770707579706						Charcot-Marie-Tooth disease, axonal, type 2W, 616625 (3), Autosomal dominant; Usher syndrome type 3B, 614504 (3), Autosomal recessive
PB.59138.483	Patient22	3	3	1	3	2	2	7	7	1221	2106	5733.0057330057325	3323.8366571699903	15.0	25.0	5150.84621044886	5943.536404160475	6586.796792979133	7155.277762937373	HARS1	394.0	738.0	0.017766497461928935	0.009485094850948509	7155.277762937373	4270.420381327698	-0.8972046692452713	-23.34760908070187	0.8379906451280547						Charcot-Marie-Tooth disease, axonal, type 2W, 616625 (3), Autosomal dominant; Usher syndrome type 3B, 614504 (3), Autosomal recessive
PB.59138.483	Patient25	2	3	2	2	4	7	7	13	1372	1946	5102.04081632653	6680.369989722507	17.0	15.0	5150.84621044886	5943.536404160475	6586.796792979133	7155.277762937373	HARS1	354.0	738.0	0.01977401129943503	0.017615176151761516	7155.277762937373	4270.420381327698	-0.1112086705307487	-35.76920782480772	-0.14901594865142626						Charcot-Marie-Tooth disease, axonal, type 2W, 616625 (3), Autosomal dominant; Usher syndrome type 3B, 614504 (3), Autosomal recessive
PB.59138.483	Patient28	2	2	3	0	2	4	7	6	1473	1202	4752.2063815342835	4991.680532445924	19.0	19.0	5150.84621044886	5943.536404160475	6586.796792979133	7155.277762937373	HARS1	307.0	246.0	0.02280130293159609	0.024390243902439025	7155.277762937373	4270.420381327698	-0.506647364262245	-30.752170362130244	0.2976656725244267						Charcot-Marie-Tooth disease, axonal, type 2W, 616625 (3), Autosomal dominant; Usher syndrome type 3B, 614504 (3), Autosomal recessive
PB.59138.483	Patient3	4	1	1	5	3	4	6	12	1987	2019	3019.627579265224	5943.536404160475	27.0	16.0	5150.84621044886	5943.536404160475	6586.796792979133	7155.277762937373	HARS1	609.0	838.0	0.009852216748768473	0.014319809069212411	7155.277762937373	4270.420381327698	-0.2837522423027029	-33.89349620057518	0.056295438503488865						Charcot-Marie-Tooth disease, axonal, type 2W, 616625 (3), Autosomal dominant; Usher syndrome type 3B, 614504 (3), Autosomal recessive
PB.59138.483	Patient4	2	4	3	0	2	4	9	6	1554	1450	5791.505791505791	4137.931034482759	14.0	21.0	5150.84621044886	5943.536404160475	6586.796792979133	7155.277762937373	HARS1	420.0	453.0	0.02142857142857143	0.013245033112582781	7155.277762937373	4270.420381327698	-0.706569016401262	-27.336577843394533	0.5469079792549908						Charcot-Marie-Tooth disease, axonal, type 2W, 616625 (3), Autosomal dominant; Usher syndrome type 3B, 614504 (3), Autosomal recessive
PB.59138.483	Patient5	1	0	4	4	0	2	5	6	1596	1993	3132.832080200501	3010.536879076769	26.0	26.0	5150.84621044886	5943.536404160475	6586.796792979133	7155.277762937373	HARS1	559.0	435.0	0.008944543828264758	0.013793103448275862	7155.277762937373	4270.420381327698	-0.9705697598258419	-21.545062868229202	0.969525883456609						Charcot-Marie-Tooth disease, axonal, type 2W, 616625 (3), Autosomal dominant; Usher syndrome type 3B, 614504 (3), Autosomal recessive
PB.59138.483	Patient6	1	3	7	1	2	4	11	7	1602	1714	6866.4169787765295	4084.014002333722	9.0	23.0	5150.84621044886	5943.536404160475	6586.796792979133	7155.277762937373	HARS1	657.0	531.0	0.0167427701674277	0.013182674199623353	7155.277762937373	4270.420381327698	-0.7191947130152975	-27.09776108393269	0.5643348941131545						Charcot-Marie-Tooth disease, axonal, type 2W, 616625 (3), Autosomal dominant; Usher syndrome type 3B, 614504 (3), Autosomal recessive
PB.59138.483	Patient7	2	2	3	2	2	3	7	7	1726	1705	4055.6199304750867	4105.571847507332	23.0	22.0	5150.84621044886	5943.536404160475	6586.796792979133	7155.277762937373	HARS1	605.0	431.0	0.011570247933884297	0.016241299303944315	7155.277762937373	4270.420381327698	-0.7141465343235999	-27.193624116432797	0.55733958562145						Charcot-Marie-Tooth disease, axonal, type 2W, 616625 (3), Autosomal dominant; Usher syndrome type 3B, 614504 (3), Autosomal recessive
PB.59138.483	Patient8	1	4	2	0	1	2	7	3	1359	1179	5150.84621044886	2544.5292620865143	16.0	27.0	5150.84621044886	5943.536404160475	6586.796792979133	7155.277762937373	HARS1	410.0	257.0	0.01707317073170732	0.011673151750972763	7155.277762937373	4270.420381327698	-1.079694289820093	-18.48323065282555	1.1929536254964108						Charcot-Marie-Tooth disease, axonal, type 2W, 616625 (3), Autosomal dominant; Usher syndrome type 3B, 614504 (3), Autosomal recessive
PB.59138.483	Patient9	10	3	5	3	2	3	18	8	1722	1493	10452.961672473868	5358.338914936369	7.0	18.0	5150.84621044886	5943.536404160475	6586.796792979133	7155.277762937373	HARS1	592.0	547.0	0.030405405405405407	0.014625228519195612	7155.277762937373	4270.420381327698	-0.4207873435266636	-32.0428874076276	0.2034795856327448						Charcot-Marie-Tooth disease, axonal, type 2W, 616625 (3), Autosomal dominant; Usher syndrome type 3B, 614504 (3), Autosomal recessive
PB.59138.484	Patient10	0	0	0	0	1	0	0	1	1394	2180	0.0	458.7155963302753	23.5	19.0	0.0	538.2131324004305	1615.341774683844	1397.475271755191	HARS1	402.0	561.0	0.0	0.0017825311942959	1397.475271755191	1939.540131796988	-0.48401147263457395	-81.49918014662677	0.04648628364278426						Charcot-Marie-Tooth disease, axonal, type 2W, 616625 (3), Autosomal dominant; Usher syndrome type 3B, 614504 (3), Autosomal recessive
PB.59138.484	Patient11	0	0	0	0	0	0	0	0	1367	2226	0.0	0.0	23.5	25.5	0.0	538.2131324004305	1615.341774683844	1397.475271755191	HARS1	252.0	431.0	0.0	0.0	1397.475271755191	1939.540131796988	-0.7205188739561822	0.0	1.7258616521968728						Charcot-Marie-Tooth disease, axonal, type 2W, 616625 (3), Autosomal dominant; Usher syndrome type 3B, 614504 (3), Autosomal recessive
PB.59138.484	Patient12	1	1	1	1	0	0	3	1	1791	2004	1675.0418760469013	499.00199600798396	8.0	18.0	0.0	538.2131324004305	1615.341774683844	1397.475271755191	HARS1	520.0	462.0	0.0057692307692307696	0.0021645021645021645	1397.475271755191	1939.540131796988	-0.4632403635364687	-82.61591474582592	0.023474805788245443						Charcot-Marie-Tooth disease, axonal, type 2W, 616625 (3), Autosomal dominant; Usher syndrome type 3B, 614504 (3), Autosomal recessive
PB.59138.484	Patient13	0	0	0	0	0	0	0	0	2218	2495	0.0	0.0	23.5	25.5	0.0	538.2131324004305	1615.341774683844	1397.475271755191	HARS1	548.0	488.0	0.0	0.0	1397.475271755191	1939.540131796988	-0.7205188739561822	0.0	1.7258616521968728						Charcot-Marie-Tooth disease, axonal, type 2W, 616625 (3), Autosomal dominant; Usher syndrome type 3B, 614504 (3), Autosomal recessive
PB.59138.484	Patient14	0	0	0	0	0	0	0	0	1161	1708	0.0	0.0	23.5	25.5	0.0	538.2131324004305	1615.341774683844	1397.475271755191	HARS1	338.0	464.0	0.0	0.0	1397.475271755191	1939.540131796988	-0.7205188739561822	0.0	1.7258616521968728						Charcot-Marie-Tooth disease, axonal, type 2W, 616625 (3), Autosomal dominant; Usher syndrome type 3B, 614504 (3), Autosomal recessive
PB.59138.484	Patient15	0	1	1	1	1	0	2	2	1376	2573	1453.4883720930231	777.3027594247959	9.0	14.0	0.0	538.2131324004305	1615.341774683844	1397.475271755191	HARS1	427.0	988.0	0.00468384074941452	0.0020242914979757085	1397.475271755191	1939.540131796988	-0.31975234859193347	-86.70529565032393	-0.07737624647821502						Charcot-Marie-Tooth disease, axonal, type 2W, 616625 (3), Autosomal dominant; Usher syndrome type 3B, 614504 (3), Autosomal recessive
PB.59138.484	Patient16	0	0	0	0	0	0	0	0	1395	1271	0.0	0.0	23.5	25.5	0.0	538.2131324004305	1615.341774683844	1397.475271755191	HARS1	653.0	647.0	0.0	0.0	1397.475271755191	1939.540131796988	-0.7205188739561822	0.0	1.7258616521968728					1.0	Charcot-Marie-Tooth disease, axonal, type 2W, 616625 (3), Autosomal dominant; Usher syndrome type 3B, 614504 (3), Autosomal recessive
PB.59138.484	Patient19	0	0	0	0	0	1	0	1	1229	1548	0.0	645.9948320413437	23.5	15.0	0.0	538.2131324004305	1615.341774683844	1397.475271755191	HARS1	419.0	582.0	0.0	0.001718213058419244	1397.475271755191	1939.540131796988	-0.38745289535081656	-84.29867231059943	-0.027785269601523183						Charcot-Marie-Tooth disease, axonal, type 2W, 616625 (3), Autosomal dominant; Usher syndrome type 3B, 614504 (3), Autosomal recessive
PB.59138.484	Patient2	0	0	0	0	1	0	0	1	1277	1085	0.0	921.6589861751152	23.5	13.0	0.0	538.2131324004305	1615.341774683844	1397.475271755191	HARS1	145.0	71.0	0.0	0.014084507042253521	1397.475271755191	1939.540131796988	-0.24532427959571584	-88.92132970504169	-0.1230399329186739						Charcot-Marie-Tooth disease, axonal, type 2W, 616625 (3), Autosomal dominant; Usher syndrome type 3B, 614504 (3), Autosomal recessive
PB.59138.484	Patient22	0	0	0	0	0	0	0	0	1221	2106	0.0	0.0	23.5	25.5	0.0	538.2131324004305	1615.341774683844	1397.475271755191	HARS1	394.0	738.0	0.0	0.0	1397.475271755191	1939.540131796988	-0.7205188739561822	0.0	1.7258616521968728						Charcot-Marie-Tooth disease, axonal, type 2W, 616625 (3), Autosomal dominant; Usher syndrome type 3B, 614504 (3), Autosomal recessive
PB.59138.484	Patient26	0	0	0	0	0	0	0	0	1690	1469	0.0	0.0	23.5	25.5	0.0	538.2131324004305	1615.341774683844	1397.475271755191	HARS1	221.0	547.0	0.0	0.0	1397.475271755191	1939.540131796988	-0.7205188739561822	0.0	1.7258616521968728						Charcot-Marie-Tooth disease, axonal, type 2W, 616625 (3), Autosomal dominant; Usher syndrome type 3B, 614504 (3), Autosomal recessive
PB.59138.484	Patient28	0	0	0	0	0	0	0	0	1473	1202	0.0	0.0	23.5	25.5	0.0	538.2131324004305	1615.341774683844	1397.475271755191	HARS1	307.0	246.0	0.0	0.0	1397.475271755191	1939.540131796988	-0.7205188739561822	0.0	1.7258616521968728						Charcot-Marie-Tooth disease, axonal, type 2W, 616625 (3), Autosomal dominant; Usher syndrome type 3B, 614504 (3), Autosomal recessive
PB.59138.484	Patient3	0	1	0	0	0	0	1	0	1987	2019	503.27126321087064	0.0	15.0	25.5	0.0	538.2131324004305	1615.341774683844	1397.475271755191	HARS1	609.0	838.0	0.0016420361247947454	0.0	1397.475271755191	1939.540131796988	-0.7205188739561822	0.0	1.7258616521968728						Charcot-Marie-Tooth disease, axonal, type 2W, 616625 (3), Autosomal dominant; Usher syndrome type 3B, 614504 (3), Autosomal recessive
PB.59138.484	Patient30	0	0	0	0	0	0	0	0	1658	1808	0.0	0.0	23.5	25.5	0.0	538.2131324004305	1615.341774683844	1397.475271755191	HARS1	429.0	512.0	0.0	0.0	1397.475271755191	1939.540131796988	-0.7205188739561822	0.0	1.7258616521968728						Charcot-Marie-Tooth disease, axonal, type 2W, 616625 (3), Autosomal dominant; Usher syndrome type 3B, 614504 (3), Autosomal recessive
PB.59138.484	Patient31	0	0	0	0	0	1	0	1	966	1858	0.0	538.2131324004305	23.5	16.0	0.0	538.2131324004305	1615.341774683844	1397.475271755191	HARS1	127.0	537.0	0.0	0.00186219739292365	1397.475271755191	1939.540131796988	-0.44302364527959126	-83.21159648850815	0.005815222257774385						Charcot-Marie-Tooth disease, axonal, type 2W, 616625 (3), Autosomal dominant; Usher syndrome type 3B, 614504 (3), Autosomal recessive
PB.59138.484	Patient5	0	0	0	0	0	1	0	1	1596	1993	0.0	501.75614651279477	23.5	17.0	0.0	538.2131324004305	1615.341774683844	1397.475271755191	HARS1	559.0	435.0	0.0	0.0022988505747126436	1397.475271755191	1939.540131796988	-0.46182036172281243	-82.68893986090235	0.0219700473437488						Charcot-Marie-Tooth disease, axonal, type 2W, 616625 (3), Autosomal dominant; Usher syndrome type 3B, 614504 (3), Autosomal recessive
PB.59138.484	Patient6	0	0	0	0	0	0	0	0	1602	1714	0.0	0.0	23.5	25.5	0.0	538.2131324004305	1615.341774683844	1397.475271755191	HARS1	657.0	531.0	0.0	0.0	1397.475271755191	1939.540131796988	-0.7205188739561822	0.0	1.7258616521968728						Charcot-Marie-Tooth disease, axonal, type 2W, 616625 (3), Autosomal dominant; Usher syndrome type 3B, 614504 (3), Autosomal recessive
PB.59138.484	Patient7	0	0	0	0	0	0	0	0	1726	1705	0.0	0.0	23.5	25.5	0.0	538.2131324004305	1615.341774683844	1397.475271755191	HARS1	605.0	431.0	0.0	0.0	1397.475271755191	1939.540131796988	-0.7205188739561822	0.0	1.7258616521968728						Charcot-Marie-Tooth disease, axonal, type 2W, 616625 (3), Autosomal dominant; Usher syndrome type 3B, 614504 (3), Autosomal recessive
PB.59138.484	Patient9	0	0	1	0	0	0	1	0	1722	1493	580.7200929152149	0.0	13.0	25.5	0.0	538.2131324004305	1615.341774683844	1397.475271755191	HARS1	592.0	547.0	0.0016891891891891893	0.0	1397.475271755191	1939.540131796988	-0.7205188739561822	0.0	1.7258616521968728						Charcot-Marie-Tooth disease, axonal, type 2W, 616625 (3), Autosomal dominant; Usher syndrome type 3B, 614504 (3), Autosomal recessive
PB.59138.485	Patient1	0	1	0	0	0	0	1	0	1902	1717	525.7623554153522	0.0	18.0	19.5	813.6696501220504	0.0	1516.8430885559874	200.43402914662158	HARS1	573.0	643.0	0.0017452006980802793	0.0	200.43402914662158	468.18317911687456	-0.4281102741125742	0.0	0.0						Charcot-Marie-Tooth disease, axonal, type 2W, 616625 (3), Autosomal dominant; Usher syndrome type 3B, 614504 (3), Autosomal recessive
PB.59138.485	Patient10	0	0	0	0	0	0	0	0	1394	2180	0.0	0.0	25.0	19.5	813.6696501220504	0.0	1516.8430885559874	200.43402914662158	HARS1	402.0	561.0	0.0	0.0	200.43402914662158	468.18317911687456	-0.4281102741125742	0.0	0.0						Charcot-Marie-Tooth disease, axonal, type 2W, 616625 (3), Autosomal dominant; Usher syndrome type 3B, 614504 (3), Autosomal recessive
PB.59138.485	Patient13	0	0	0	0	0	0	0	0	2218	2495	0.0	0.0	25.0	19.5	813.6696501220504	0.0	1516.8430885559874	200.43402914662158	HARS1	548.0	488.0	0.0	0.0	200.43402914662158	468.18317911687456	-0.4281102741125742	0.0	0.0						Charcot-Marie-Tooth disease, axonal, type 2W, 616625 (3), Autosomal dominant; Usher syndrome type 3B, 614504 (3), Autosomal recessive
PB.59138.485	Patient14	0	0	0	0	0	0	0	0	1161	1708	0.0	0.0	25.0	19.5	813.6696501220504	0.0	1516.8430885559874	200.43402914662158	HARS1	338.0	464.0	0.0	0.0	200.43402914662158	468.18317911687456	-0.4281102741125742	0.0	0.0						Charcot-Marie-Tooth disease, axonal, type 2W, 616625 (3), Autosomal dominant; Usher syndrome type 3B, 614504 (3), Autosomal recessive
PB.59138.485	Patient15	2	1	2	0	0	0	5	0	1376	2573	3633.720930232558	0.0	5.0	19.5	813.6696501220504	0.0	1516.8430885559874	200.43402914662158	HARS1	427.0	988.0	0.0117096018735363	0.0	200.43402914662158	468.18317911687456	-0.4281102741125742	0.0	0.0						Charcot-Marie-Tooth disease, axonal, type 2W, 616625 (3), Autosomal dominant; Usher syndrome type 3B, 614504 (3), Autosomal recessive
PB.59138.485	Patient16	6	3	2	0	0	0	11	0	1395	1271	7885.304659498209	0.0	1.0	19.5	813.6696501220504	0.0	1516.8430885559874	200.43402914662158	HARS1	653.0	647.0	0.016845329249617153	0.0	200.43402914662158	468.18317911687456	-0.4281102741125742	0.0	0.0						Charcot-Marie-Tooth disease, axonal, type 2W, 616625 (3), Autosomal dominant; Usher syndrome type 3B, 614504 (3), Autosomal recessive
PB.59138.485	Patient17	1	2	2	0	0	0	5	0	975	1227	5128.205128205128	0.0	2.0	19.5	813.6696501220504	0.0	1516.8430885559874	200.43402914662158	HARS1	401.0	543.0	0.012468827930174564	0.0	200.43402914662158	468.18317911687456	-0.4281102741125742	0.0	0.0						Charcot-Marie-Tooth disease, axonal, type 2W, 616625 (3), Autosomal dominant; Usher syndrome type 3B, 614504 (3), Autosomal recessive
PB.59138.485	Patient18	0	0	0	0	0	0	0	0	988	1387	0.0	0.0	25.0	19.5	813.6696501220504	0.0	1516.8430885559874	200.43402914662158	HARS1	325.0	594.0	0.0	0.0	200.43402914662158	468.18317911687456	-0.4281102741125742	0.0	0.0						Charcot-Marie-Tooth disease, axonal, type 2W, 616625 (3), Autosomal dominant; Usher syndrome type 3B, 614504 (3), Autosomal recessive
PB.59138.485	Patient2	0	1	0	0	0	0	1	0	1277	1085	783.0853563038371	0.0	17.0	19.5	813.6696501220504	0.0	1516.8430885559874	200.43402914662158	HARS1	145.0	71.0	0.006896551724137931	0.0	200.43402914662158	468.18317911687456	-0.4281102741125742	0.0	0.0						Charcot-Marie-Tooth disease, axonal, type 2W, 616625 (3), Autosomal dominant; Usher syndrome type 3B, 614504 (3), Autosomal recessive
PB.59138.485	Patient20	2	2	2	0	0	0	6	0	1888	1738	3177.9661016949153	0.0	7.0	19.5	813.6696501220504	0.0	1516.8430885559874	200.43402914662158	HARS1	715.0	781.0	0.008391608391608392	0.0	200.43402914662158	468.18317911687456	-0.4281102741125742	0.0	0.0						Charcot-Marie-Tooth disease, axonal, type 2W, 616625 (3), Autosomal dominant; Usher syndrome type 3B, 614504 (3), Autosomal recessive
PB.59138.485	Patient21	3	0	2	0	0	0	5	0	1417	1328	3528.5815102328866	0.0	6.0	19.5	813.6696501220504	0.0	1516.8430885559874	200.43402914662158	HARS1	446.0	461.0	0.011210762331838564	0.0	200.43402914662158	468.18317911687456	-0.4281102741125742	0.0	0.0						Charcot-Marie-Tooth disease, axonal, type 2W, 616625 (3), Autosomal dominant; Usher syndrome type 3B, 614504 (3), Autosomal recessive
PB.59138.485	Patient22	2	2	1	0	0	0	5	0	1221	2106	4095.0040950040952	0.0	4.0	19.5	813.6696501220504	0.0	1516.8430885559874	200.43402914662158	HARS1	394.0	738.0	0.012690355329949238	0.0	200.43402914662158	468.18317911687456	-0.4281102741125742	0.0	0.0						Charcot-Marie-Tooth disease, axonal, type 2W, 616625 (3), Autosomal dominant; Usher syndrome type 3B, 614504 (3), Autosomal recessive
PB.59138.485	Patient23	0	1	0	0	0	0	1	0	665	1159	1503.7593984962407	0.0	12.0	19.5	813.6696501220504	0.0	1516.8430885559874	200.43402914662158	HARS1	495.0	545.0	0.00202020202020202	0.0	200.43402914662158	468.18317911687456	-0.4281102741125742	0.0	0.0						Charcot-Marie-Tooth disease, axonal, type 2W, 616625 (3), Autosomal dominant; Usher syndrome type 3B, 614504 (3), Autosomal recessive
PB.59138.485	Patient24	1	0	1	0	0	0	2	0	1059	1661	1888.5741265344666	0.0	10.0	19.5	813.6696501220504	0.0	1516.8430885559874	200.43402914662158	HARS1	475.0	805.0	0.004210526315789474	0.0	200.43402914662158	468.18317911687456	-0.4281102741125742	0.0	0.0						Charcot-Marie-Tooth disease, axonal, type 2W, 616625 (3), Autosomal dominant; Usher syndrome type 3B, 614504 (3), Autosomal recessive
PB.59138.485	Patient26	1	2	0	0	0	0	3	0	1690	1469	1775.1479289940828	0.0	11.0	19.5	813.6696501220504	0.0	1516.8430885559874	200.43402914662158	HARS1	221.0	547.0	0.013574660633484163	0.0	200.43402914662158	468.18317911687456	-0.4281102741125742	0.0	0.0						Charcot-Marie-Tooth disease, axonal, type 2W, 616625 (3), Autosomal dominant; Usher syndrome type 3B, 614504 (3), Autosomal recessive
PB.59138.485	Patient27	3	1	0	0	0	0	4	0	917	1439	4362.0501635768815	0.0	3.0	19.5	813.6696501220504	0.0	1516.8430885559874	200.43402914662158	HARS1	324.0	534.0	0.012345679012345678	0.0	200.43402914662158	468.18317911687456	-0.4281102741125742	0.0	0.0						Charcot-Marie-Tooth disease, axonal, type 2W, 616625 (3), Autosomal dominant; Usher syndrome type 3B, 614504 (3), Autosomal recessive
PB.59138.485	Patient28	0	2	0	0	0	0	2	0	1473	1202	1357.7732518669382	0.0	13.0	19.5	813.6696501220504	0.0	1516.8430885559874	200.43402914662158	HARS1	307.0	246.0	0.006514657980456026	0.0	200.43402914662158	468.18317911687456	-0.4281102741125742	0.0	0.0						Charcot-Marie-Tooth disease, axonal, type 2W, 616625 (3), Autosomal dominant; Usher syndrome type 3B, 614504 (3), Autosomal recessive
PB.59138.485	Patient29	1	0	0	0	0	0	1	0	1044	1857	957.8544061302681	0.0	15.0	19.5	813.6696501220504	0.0	1516.8430885559874	200.43402914662158	HARS1	392.0	544.0	0.002551020408163265	0.0	200.43402914662158	468.18317911687456	-0.4281102741125742	0.0	0.0						Charcot-Marie-Tooth disease, axonal, type 2W, 616625 (3), Autosomal dominant; Usher syndrome type 3B, 614504 (3), Autosomal recessive
PB.59138.485	Patient3	1	0	1	0	0	0	2	0	1987	2019	1006.5425264217413	0.0	14.0	19.5	813.6696501220504	0.0	1516.8430885559874	200.43402914662158	HARS1	609.0	838.0	0.003284072249589491	0.0	200.43402914662158	468.18317911687456	-0.4281102741125742	0.0	0.0						Charcot-Marie-Tooth disease, axonal, type 2W, 616625 (3), Autosomal dominant; Usher syndrome type 3B, 614504 (3), Autosomal recessive
PB.59138.485	Patient31	0	0	0	0	0	0	0	0	966	1858	0.0	0.0	25.0	19.5	813.6696501220504	0.0	1516.8430885559874	200.43402914662158	HARS1	127.0	537.0	0.0	0.0	200.43402914662158	468.18317911687456	-0.4281102741125742	0.0	0.0						Charcot-Marie-Tooth disease, axonal, type 2W, 616625 (3), Autosomal dominant; Usher syndrome type 3B, 614504 (3), Autosomal recessive
PB.59138.485	Patient4	0	0	0	0	0	0	0	0	1554	1450	0.0	0.0	25.0	19.5	813.6696501220504	0.0	1516.8430885559874	200.43402914662158	HARS1	420.0	453.0	0.0	0.0	200.43402914662158	468.18317911687456	-0.4281102741125742	0.0	0.0						Charcot-Marie-Tooth disease, axonal, type 2W, 616625 (3), Autosomal dominant; Usher syndrome type 3B, 614504 (3), Autosomal recessive
PB.59138.485	Patient5	0	0	0	0	0	0	0	0	1596	1993	0.0	0.0	25.0	19.5	813.6696501220504	0.0	1516.8430885559874	200.43402914662158	HARS1	559.0	435.0	0.0	0.0	200.43402914662158	468.18317911687456	-0.4281102741125742	0.0	0.0						Charcot-Marie-Tooth disease, axonal, type 2W, 616625 (3), Autosomal dominant; Usher syndrome type 3B, 614504 (3), Autosomal recessive
PB.59138.485	Patient6	0	0	0	0	0	0	0	0	1602	1714	0.0	0.0	25.0	19.5	813.6696501220504	0.0	1516.8430885559874	200.43402914662158	HARS1	657.0	531.0	0.0	0.0	200.43402914662158	468.18317911687456	-0.4281102741125742	0.0	0.0						Charcot-Marie-Tooth disease, axonal, type 2W, 616625 (3), Autosomal dominant; Usher syndrome type 3B, 614504 (3), Autosomal recessive
PB.59138.485	Patient8	0	0	0	0	0	0	0	0	1359	1179	0.0	0.0	25.0	19.5	813.6696501220504	0.0	1516.8430885559874	200.43402914662158	HARS1	410.0	257.0	0.0	0.0	200.43402914662158	468.18317911687456	-0.4281102741125742	0.0	0.0						Charcot-Marie-Tooth disease, axonal, type 2W, 616625 (3), Autosomal dominant; Usher syndrome type 3B, 614504 (3), Autosomal recessive
PB.59138.487	Patient1	1	0	8	0	5	2	9	7	1902	1717	4731.86119873817	4076.8782760629006	10.0	14.0	3759.398496240601	3765.0602409638554	3911.0175811724725	4131.14083226183	HARS1	573.0	643.0	0.015706806282722512	0.01088646967340591	4131.14083226183	2167.3842190048294	-0.025035965346210935	-141.83833947242795	-0.025648156318503788						Charcot-Marie-Tooth disease, axonal, type 2W, 616625 (3), Autosomal dominant; Usher syndrome type 3B, 614504 (3), Autosomal recessive
PB.59138.487	Patient10	1	2	1	3	2	2	4	7	1394	2180	2869.4404591104735	3211.009174311927	20.0	20.0	3759.398496240601	3765.0602409638554	3911.0175811724725	4131.14083226183	HARS1	402.0	561.0	0.009950248756218905	0.012477718360071301	4131.14083226183	2167.3842190048294	-0.42453555298671886	-138.81861181780133	0.048328438921538215						Charcot-Marie-Tooth disease, axonal, type 2W, 616625 (3), Autosomal dominant; Usher syndrome type 3B, 614504 (3), Autosomal recessive
PB.59138.487	Patient11	1	0	0	0	0	3	1	3	1367	2226	731.528895391368	1347.7088948787064	28.0	29.0	3759.398496240601	3765.0602409638554	3911.0175811724725	4131.14083226183	HARS1	252.0	431.0	0.003968253968253968	0.0069605568445475635	4131.14083226183	2167.3842190048294	-1.2842355836018577	-123.90035929459445	0.35805032872169984						Charcot-Marie-Tooth disease, axonal, type 2W, 616625 (3), Autosomal dominant; Usher syndrome type 3B, 614504 (3), Autosomal recessive
PB.59138.487	Patient12	5	6	3	1	3	3	14	7	1791	2004	7816.8620882188725	3493.013972055888	5.0	17.0	3759.398496240601	3765.0602409638554	3911.0175811724725	4131.14083226183	HARS1	520.0	462.0	0.026923076923076925	0.015151515151515152	4131.14083226183	2167.3842190048294	-0.294422583042956	-140.2653886016701	0.018291513422269656						Charcot-Marie-Tooth disease, axonal, type 2W, 616625 (3), Autosomal dominant; Usher syndrome type 3B, 614504 (3), Autosomal recessive
PB.59138.487	Patient13	4	4	2	2	3	3	10	8	2218	2495	4508.566275924256	3206.4128256513027	11.0	21.0	3759.398496240601	3765.0602409638554	3911.0175811724725	4131.14083226183	HARS1	548.0	488.0	0.01824817518248175	0.01639344262295082	4131.14083226183	2167.3842190048294	-0.42665624235057087	-138.7939927845271	0.04883956135353133						Charcot-Marie-Tooth disease, axonal, type 2W, 616625 (3), Autosomal dominant; Usher syndrome type 3B, 614504 (3), Autosomal recessive
PB.59138.487	Patient14	0	2	0	0	1	2	2	3	1161	1708	1722.652885443583	1756.440281030445	25.0	28.0	3759.398496240601	3765.0602409638554	3911.0175811724725	4131.14083226183	HARS1	338.0	464.0	0.005917159763313609	0.00646551724137931	4131.14083226183	2167.3842190048294	-1.0956527829300826	-128.45123763428816	0.26356830829551886						Charcot-Marie-Tooth disease, axonal, type 2W, 616625 (3), Autosomal dominant; Usher syndrome type 3B, 614504 (3), Autosomal recessive
PB.59138.487	Patient19	0	3	1	1	0	1	4	2	1229	1548	3254.6786004882015	1291.9896640826873	18.0	30.0	3759.398496240601	3765.0602409638554	3911.0175811724725	4131.14083226183	HARS1	419.0	582.0	0.00954653937947494	0.003436426116838488	4131.14083226183	2167.3842190048294	-1.3099436377195548	-123.17502176160914	0.37310925811773504						Charcot-Marie-Tooth disease, axonal, type 2W, 616625 (3), Autosomal dominant; Usher syndrome type 3B, 614504 (3), Autosomal recessive
PB.59138.487	Patient2	0	0	0	0	0	0	0	0	1277	1085	0.0	0.0	30.5	31.0	3759.398496240601	3765.0602409638554	3911.0175811724725	4131.14083226183	HARS1	145.0	71.0	0.0	0.0	4131.14083226183	2167.3842190048294	-1.9060491425736568	123.17502176160914	5.487649376919903	1.0	1.0	1.0	1.0	1.0	Charcot-Marie-Tooth disease, axonal, type 2W, 616625 (3), Autosomal dominant; Usher syndrome type 3B, 614504 (3), Autosomal recessive
PB.59138.487	Patient21	1	4	1	1	3	1	6	5	1417	1328	4234.297812279464	3765.0602409638554	14.0	16.0	3759.398496240601	3765.0602409638554	3911.0175811724725	4131.14083226183	HARS1	446.0	461.0	0.013452914798206279	0.010845986984815618	4131.14083226183	2167.3842190048294	-0.16890433550635664	-140.9405210155093	-0.002733397513612164						Charcot-Marie-Tooth disease, axonal, type 2W, 616625 (3), Autosomal dominant; Usher syndrome type 3B, 614504 (3), Autosomal recessive
PB.59138.487	Patient22	1	2	1	0	3	2	4	5	1221	2106	3276.0032760032764	2374.1690408357076	17.0	25.0	3759.398496240601	3765.0602409638554	3911.0175811724725	4131.14083226183	HARS1	394.0	738.0	0.01015228426395939	0.006775067750677507	4131.14083226183	2167.3842190048294	-0.810641590918683	-133.62961417480054	0.15605862740431847						Charcot-Marie-Tooth disease, axonal, type 2W, 616625 (3), Autosomal dominant; Usher syndrome type 3B, 614504 (3), Autosomal recessive
PB.59138.487	Patient27	2	1	1	1	3	0	4	4	917	1439	4362.0501635768815	2779.708130646282	13.0	22.0	3759.398496240601	3765.0602409638554	3911.0175811724725	4131.14083226183	HARS1	324.0	534.0	0.012345679012345678	0.00749063670411985	4131.14083226183	2167.3842190048294	-0.6235316700036084	-136.3396939248746	0.09979392613341805						Charcot-Marie-Tooth disease, axonal, type 2W, 616625 (3), Autosomal dominant; Usher syndrome type 3B, 614504 (3), Autosomal recessive
PB.59138.487	Patient28	0	0	0	0	2	1	0	3	1473	1202	0.0	2495.840266222962	30.5	24.0	3759.398496240601	3765.0602409638554	3911.0175811724725	4131.14083226183	HARS1	307.0	246.0	0.0	0.012195121951219513	4131.14083226183	2167.3842190048294	-0.7545042321982618	-134.48847731757883	0.13822753658136894						Charcot-Marie-Tooth disease, axonal, type 2W, 616625 (3), Autosomal dominant; Usher syndrome type 3B, 614504 (3), Autosomal recessive
PB.59138.487	Patient3	10	2	4	2	5	1	16	8	1987	2019	8052.34021137393	3962.3576027736503	3.0	15.0	3759.398496240601	3765.0602409638554	3911.0175811724725	4131.14083226183	HARS1	609.0	838.0	0.026272577996715927	0.00954653937947494	4131.14083226183	2167.3842190048294	-0.07787416186211675	-141.35233646211256	-0.015558115908657494						Charcot-Marie-Tooth disease, axonal, type 2W, 616625 (3), Autosomal dominant; Usher syndrome type 3B, 614504 (3), Autosomal recessive
PB.59138.487	Patient30	1	1	1	4	0	2	3	6	1658	1808	1809.4089264173704	3318.5840707964603	24.0	19.0	3759.398496240601	3765.0602409638554	3911.0175811724725	4131.14083226183	HARS1	429.0	512.0	0.006993006993006993	0.01171875	4131.14083226183	2167.3842190048294	-0.37490203829132845	-139.38496189130694	0.03657029132471007						Charcot-Marie-Tooth disease, axonal, type 2W, 616625 (3), Autosomal dominant; Usher syndrome type 3B, 614504 (3), Autosomal recessive
PB.59138.487	Patient4	1	1	3	1	1	1	5	3	1554	1450	3217.5032175032175	2068.9655172413795	19.0	27.0	3759.398496240601	3765.0602409638554	3911.0175811724725	4131.14083226183	HARS1	420.0	453.0	0.011904761904761904	0.006622516556291391	4131.14083226183	2167.3842190048294	-0.9514581203176397	-131.26509759254023	0.20514899795423697						Charcot-Marie-Tooth disease, axonal, type 2W, 616625 (3), Autosomal dominant; Usher syndrome type 3B, 614504 (3), Autosomal recessive
PB.59138.487	Patient5	1	3	2	1	1	3	6	5	1596	1993	3759.398496240601	2508.7807325639737	16.0	23.0	3759.398496240601	3765.0602409638554	3911.0175811724725	4131.14083226183	HARS1	559.0	435.0	0.01073345259391771	0.011494252873563218	4131.14083226183	2167.3842190048294	-0.7485336865850093	-134.5773483162056	0.13638246165719203						Charcot-Marie-Tooth disease, axonal, type 2W, 616625 (3), Autosomal dominant; Usher syndrome type 3B, 614504 (3), Autosomal recessive
PB.59138.487	Patient6	3	1	3	2	1	4	7	7	1602	1714	4369.5380774032465	4084.014002333722	12.0	13.0	3759.398496240601	3765.0602409638554	3911.0175811724725	4131.14083226183	HARS1	657.0	531.0	0.0106544901065449	0.013182674199623353	4131.14083226183	2167.3842190048294	-0.021743643565766302	-141.86816874970182	-0.02626745004035667						Charcot-Marie-Tooth disease, axonal, type 2W, 616625 (3), Autosomal dominant; Usher syndrome type 3B, 614504 (3), Autosomal recessive
PB.59138.487	Patient7	2	4	3	1	2	1	9	4	1726	1705	5214.368482039397	2346.041055718475	9.0	26.0	3759.398496240601	3765.0602409638554	3911.0175811724725	4131.14083226183	HARS1	605.0	431.0	0.01487603305785124	0.009280742459396751	4131.14083226183	2167.3842190048294	-0.8236194399177625	-133.42480361868448	0.16031075495026323						Charcot-Marie-Tooth disease, axonal, type 2W, 616625 (3), Autosomal dominant; Usher syndrome type 3B, 614504 (3), Autosomal recessive
PB.59138.487	Patient8	1	1	1	2	0	2	3	4	1359	1179	2207.5055187637968	3392.705682782019	21.0	18.0	3759.398496240601	3765.0602409638554	3911.0175811724725	4131.14083226183	HARS1	410.0	257.0	0.007317073170731708	0.01556420233463035	4131.14083226183	2167.3842190048294	-0.340703389368992	-139.76460978445192	0.028688318369727833						Charcot-Marie-Tooth disease, axonal, type 2W, 616625 (3), Autosomal dominant; Usher syndrome type 3B, 614504 (3), Autosomal recessive
PB.59138.488	Patient1	1	0	2	0	0	1	3	1	1902	1717	1577.2870662460568	582.4111822947001	8.0	14.0	726.7441860465116	0.0	1231.04416041569	865.7269389952993	HARS1	573.0	643.0	0.005235602094240838	0.0015552099533437014	865.7269389952993	1350.8441643252168	-0.20973237637823539	-9.18836922854167	-1.7220145746100033						Charcot-Marie-Tooth disease, axonal, type 2W, 616625 (3), Autosomal dominant; Usher syndrome type 3B, 614504 (3), Autosomal recessive
PB.59138.488	Patient14	0	2	1	0	0	0	3	0	1161	1708	2583.9793281653747	0.0	5.0	23.5	726.7441860465116	0.0	1231.04416041569	865.7269389952993	HARS1	338.0	464.0	0.008875739644970414	0.0	865.7269389952993	1350.8441643252168	-0.6408784683374291	0.0	0.8334524824345995						Charcot-Marie-Tooth disease, axonal, type 2W, 616625 (3), Autosomal dominant; Usher syndrome type 3B, 614504 (3), Autosomal recessive
PB.59138.488	Patient15	1	0	0	0	0	0	1	0	1376	2573	726.7441860465116	0.0	16.0	23.5	726.7441860465116	0.0	1231.04416041569	865.7269389952993	HARS1	427.0	988.0	0.00234192037470726	0.0	865.7269389952993	1350.8441643252168	-0.6408784683374291	0.0	0.8334524824345995	1.0	1.0	1.0	1.0	1.0	Charcot-Marie-Tooth disease, axonal, type 2W, 616625 (3), Autosomal dominant; Usher syndrome type 3B, 614504 (3), Autosomal recessive
PB.59138.488	Patient16	1	1	0	0	0	0	2	0	1395	1271	1433.6917562724013	0.0	10.0	23.5	726.7441860465116	0.0	1231.04416041569	865.7269389952993	HARS1	653.0	647.0	0.0030627871362940277	0.0	865.7269389952993	1350.8441643252168	-0.6408784683374291	0.0	0.8334524824345995						Charcot-Marie-Tooth disease, axonal, type 2W, 616625 (3), Autosomal dominant; Usher syndrome type 3B, 614504 (3), Autosomal recessive
PB.59138.488	Patient17	1	0	0	0	0	0	1	0	975	1227	1025.6410256410256	0.0	13.0	23.5	726.7441860465116	0.0	1231.04416041569	865.7269389952993	HARS1	401.0	543.0	0.0024937655860349127	0.0	865.7269389952993	1350.8441643252168	-0.6408784683374291	0.0	0.8334524824345995						Charcot-Marie-Tooth disease, axonal, type 2W, 616625 (3), Autosomal dominant; Usher syndrome type 3B, 614504 (3), Autosomal recessive
PB.59138.488	Patient18	0	0	0	0	1	0	0	1	988	1387	0.0	720.9805335255948	26.0	10.0	726.7441860465116	0.0	1231.04416041569	865.7269389952993	HARS1	325.0	594.0	0.0	0.0016835016835016834	865.7269389952993	1350.8441643252168	-0.10715255637352462	-9.495816128598118	-1.7796339442334306						Charcot-Marie-Tooth disease, axonal, type 2W, 616625 (3), Autosomal dominant; Usher syndrome type 3B, 614504 (3), Autosomal recessive
PB.59138.488	Patient19	1	2	4	0	1	0	7	1	1229	1548	5695.6875508543535	645.9948320413437	2.0	13.0	726.7441860465116	0.0	1231.04416041569	865.7269389952993	HARS1	419.0	582.0	0.016706443914081145	0.001718213058419244	865.7269389952993	1350.8441643252168	-0.16266280949121747	-9.337610378316924	-1.7499842206540739						Charcot-Marie-Tooth disease, axonal, type 2W, 616625 (3), Autosomal dominant; Usher syndrome type 3B, 614504 (3), Autosomal recessive
PB.59138.488	Patient2	0	0	0	0	0	0	0	0	1277	1085	0.0	0.0	26.0	23.5	726.7441860465116	0.0	1231.04416041569	865.7269389952993	HARS1	145.0	71.0	0.0	0.0	865.7269389952993	1350.8441643252168	-0.6408784683374291	0.0	0.8334524824345995						Charcot-Marie-Tooth disease, axonal, type 2W, 616625 (3), Autosomal dominant; Usher syndrome type 3B, 614504 (3), Autosomal recessive
PB.59138.488	Patient20	3	3	0	0	0	0	6	0	1888	1738	3177.9661016949153	0.0	3.0	23.5	726.7441860465116	0.0	1231.04416041569	865.7269389952993	HARS1	715.0	781.0	0.008391608391608392	0.0	865.7269389952993	1350.8441643252168	-0.6408784683374291	0.0	0.8334524824345995					2.0	Charcot-Marie-Tooth disease, axonal, type 2W, 616625 (3), Autosomal dominant; Usher syndrome type 3B, 614504 (3), Autosomal recessive
PB.59138.488	Patient21	1	0	0	0	0	0	1	0	1417	1328	705.7163020465773	0.0	17.0	23.5	726.7441860465116	0.0	1231.04416041569	865.7269389952993	HARS1	446.0	461.0	0.002242152466367713	0.0	865.7269389952993	1350.8441643252168	-0.6408784683374291	0.0	0.8334524824345995						Charcot-Marie-Tooth disease, axonal, type 2W, 616625 (3), Autosomal dominant; Usher syndrome type 3B, 614504 (3), Autosomal recessive
PB.59138.488	Patient22	0	0	0	0	1	0	0	1	1221	2106	0.0	474.8338081671415	26.0	15.0	726.7441860465116	0.0	1231.04416041569	865.7269389952993	HARS1	394.0	738.0	0.0	0.0013550135501355014	865.7269389952993	1350.8441643252168	-0.2893695225188462	-8.894313969192877	-1.666904964869199						Charcot-Marie-Tooth disease, axonal, type 2W, 616625 (3), Autosomal dominant; Usher syndrome type 3B, 614504 (3), Autosomal recessive
PB.59138.488	Patient23	1	0	0	0	0	0	1	0	665	1159	1503.7593984962407	0.0	9.0	23.5	726.7441860465116	0.0	1231.04416041569	865.7269389952993	HARS1	495.0	545.0	0.00202020202020202	0.0	865.7269389952993	1350.8441643252168	-0.6408784683374291	0.0	0.8334524824345995						Charcot-Marie-Tooth disease, axonal, type 2W, 616625 (3), Autosomal dominant; Usher syndrome type 3B, 614504 (3), Autosomal recessive
PB.59138.488	Patient24	0	0	0	0	0	0	0	0	1059	1661	0.0	0.0	26.0	23.5	726.7441860465116	0.0	1231.04416041569	865.7269389952993	HARS1	475.0	805.0	0.0	0.0	865.7269389952993	1350.8441643252168	-0.6408784683374291	0.0	0.8334524824345995						Charcot-Marie-Tooth disease, axonal, type 2W, 616625 (3), Autosomal dominant; Usher syndrome type 3B, 614504 (3), Autosomal recessive
PB.59138.488	Patient25	0	0	0	0	0	0	0	0	1372	1946	0.0	0.0	26.0	23.5	726.7441860465116	0.0	1231.04416041569	865.7269389952993	HARS1	354.0	738.0	0.0	0.0	865.7269389952993	1350.8441643252168	-0.6408784683374291	0.0	0.8334524824345995						Charcot-Marie-Tooth disease, axonal, type 2W, 616625 (3), Autosomal dominant; Usher syndrome type 3B, 614504 (3), Autosomal recessive
PB.59138.488	Patient26	1	1	0	0	0	0	2	0	1690	1469	1183.4319526627219	0.0	12.0	23.5	726.7441860465116	0.0	1231.04416041569	865.7269389952993	HARS1	221.0	547.0	0.00904977375565611	0.0	865.7269389952993	1350.8441643252168	-0.6408784683374291	0.0	0.8334524824345995						Charcot-Marie-Tooth disease, axonal, type 2W, 616625 (3), Autosomal dominant; Usher syndrome type 3B, 614504 (3), Autosomal recessive
PB.59138.488	Patient27	2	0	0	0	0	0	2	0	917	1439	2181.0250817884407	0.0	7.0	23.5	726.7441860465116	0.0	1231.04416041569	865.7269389952993	HARS1	324.0	534.0	0.006172839506172839	0.0	865.7269389952993	1350.8441643252168	-0.6408784683374291	0.0	0.8334524824345995						Charcot-Marie-Tooth disease, axonal, type 2W, 616625 (3), Autosomal dominant; Usher syndrome type 3B, 614504 (3), Autosomal recessive
PB.59138.488	Patient28	2	0	0	0	0	0	2	0	1473	1202	1357.7732518669382	0.0	11.0	23.5	726.7441860465116	0.0	1231.04416041569	865.7269389952993	HARS1	307.0	246.0	0.006514657980456026	0.0	865.7269389952993	1350.8441643252168	-0.6408784683374291	0.0	0.8334524824345995						Charcot-Marie-Tooth disease, axonal, type 2W, 616625 (3), Autosomal dominant; Usher syndrome type 3B, 614504 (3), Autosomal recessive
PB.59138.488	Patient3	2	1	3	0	0	0	6	0	1987	2019	3019.627579265224	0.0	4.0	23.5	726.7441860465116	0.0	1231.04416041569	865.7269389952993	HARS1	609.0	838.0	0.009852216748768473	0.0	865.7269389952993	1350.8441643252168	-0.6408784683374291	0.0	0.8334524824345995						Charcot-Marie-Tooth disease, axonal, type 2W, 616625 (3), Autosomal dominant; Usher syndrome type 3B, 614504 (3), Autosomal recessive
PB.59138.488	Patient30	0	0	0	0	0	0	0	0	1658	1808	0.0	0.0	26.0	23.5	726.7441860465116	0.0	1231.04416041569	865.7269389952993	HARS1	429.0	512.0	0.0	0.0	865.7269389952993	1350.8441643252168	-0.6408784683374291	0.0	0.8334524824345995						Charcot-Marie-Tooth disease, axonal, type 2W, 616625 (3), Autosomal dominant; Usher syndrome type 3B, 614504 (3), Autosomal recessive
PB.59138.488	Patient31	0	0	0	0	0	0	0	0	966	1858	0.0	0.0	26.0	23.5	726.7441860465116	0.0	1231.04416041569	865.7269389952993	HARS1	127.0	537.0	0.0	0.0	865.7269389952993	1350.8441643252168	-0.6408784683374291	0.0	0.8334524824345995						Charcot-Marie-Tooth disease, axonal, type 2W, 616625 (3), Autosomal dominant; Usher syndrome type 3B, 614504 (3), Autosomal recessive
PB.59138.488	Patient4	4	2	4	0	1	0	10	1	1554	1450	6435.006435006435	689.655172413793	1.0	11.0	726.7441860465116	0.0	1231.04416041569	865.7269389952993	HARS1	420.0	453.0	0.023809523809523808	0.002207505518763797	865.7269389952993	1350.8441643252168	-0.13034202703126668	-9.43182177706249	-1.7676406075165343						Charcot-Marie-Tooth disease, axonal, type 2W, 616625 (3), Autosomal dominant; Usher syndrome type 3B, 614504 (3), Autosomal recessive
PB.59138.488	Patient9	1	0	0	0	0	1	1	1	1722	1493	580.7200929152149	669.7923643670462	19.0	12.0	726.7441860465116	0.0	1231.04416041569	865.7269389952993	HARS1	592.0	547.0	0.0016891891891891893	0.0018281535648994515	865.7269389952993	1350.8441643252168	-0.14504602366634034	-9.389722456565336	-1.7597506716994054						Charcot-Marie-Tooth disease, axonal, type 2W, 616625 (3), Autosomal dominant; Usher syndrome type 3B, 614504 (3), Autosomal recessive
PB.59138.526	Patient1	0	1	0	0	0	0	1	0	1902	1717	525.7623554153522	0.0	19.0	23.0	728.862973760933	0.0	2209.778819577161	1444.6998029576428	HARS1	573.0	643.0	0.0017452006980802793	0.0	1444.6998029576428	2829.219828564638	-0.510635401452912	0.0	0.0						Charcot-Marie-Tooth disease, axonal, type 2W, 616625 (3), Autosomal dominant; Usher syndrome type 3B, 614504 (3), Autosomal recessive
PB.59138.526	Patient14	0	0	0	0	1	0	0	1	1161	1708	0.0	585.4800936768149	25.5	12.0	728.862973760933	0.0	2209.778819577161	1444.6998029576428	HARS1	338.0	464.0	0.0	0.0021551724137931034	1444.6998029576428	2829.219828564638	-0.3036949269922019	-9.19593833086547	-1.6443526500605072						Charcot-Marie-Tooth disease, axonal, type 2W, 616625 (3), Autosomal dominant; Usher syndrome type 3B, 614504 (3), Autosomal recessive
PB.59138.526	Patient15	1	0	0	0	0	0	1	0	1376	2573	726.7441860465116	0.0	17.0	23.0	728.862973760933	0.0	2209.778819577161	1444.6998029576428	HARS1	427.0	988.0	0.00234192037470726	0.0	1444.6998029576428	2829.219828564638	-0.510635401452912	0.0	0.0						Charcot-Marie-Tooth disease, axonal, type 2W, 616625 (3), Autosomal dominant; Usher syndrome type 3B, 614504 (3), Autosomal recessive
PB.59138.526	Patient16	0	0	0	0	0	0	0	0	1395	1271	0.0	0.0	25.5	23.0	728.862973760933	0.0	2209.778819577161	1444.6998029576428	HARS1	653.0	647.0	0.0	0.0	1444.6998029576428	2829.219828564638	-0.510635401452912	0.0	0.0						Charcot-Marie-Tooth disease, axonal, type 2W, 616625 (3), Autosomal dominant; Usher syndrome type 3B, 614504 (3), Autosomal recessive
PB.59138.526	Patient17	0	0	0	0	0	0	0	0	975	1227	0.0	0.0	25.5	23.0	728.862973760933	0.0	2209.778819577161	1444.6998029576428	HARS1	401.0	543.0	0.0	0.0	1444.6998029576428	2829.219828564638	-0.510635401452912	0.0	0.0						Charcot-Marie-Tooth disease, axonal, type 2W, 616625 (3), Autosomal dominant; Usher syndrome type 3B, 614504 (3), Autosomal recessive
PB.59138.526	Patient18	1	0	0	0	0	0	1	0	988	1387	1012.1457489878543	0.0	13.0	23.0	728.862973760933	0.0	2209.778819577161	1444.6998029576428	HARS1	325.0	594.0	0.003076923076923077	0.0	1444.6998029576428	2829.219828564638	-0.510635401452912	0.0	0.0						Charcot-Marie-Tooth disease, axonal, type 2W, 616625 (3), Autosomal dominant; Usher syndrome type 3B, 614504 (3), Autosomal recessive
PB.59138.526	Patient19	0	0	0	2	0	0	0	2	1229	1548	0.0	1291.9896640826873	25.5	8.0	728.862973760933	0.0	2209.778819577161	1444.6998029576428	HARS1	419.0	582.0	0.0	0.003436426116838488	1444.6998029576428	2829.219828564638	-0.05397605987811509	-10.33649502722228	-1.8482989314207987						Charcot-Marie-Tooth disease, axonal, type 2W, 616625 (3), Autosomal dominant; Usher syndrome type 3B, 614504 (3), Autosomal recessive
PB.59138.526	Patient2	0	0	0	0	0	0	0	0	1277	1085	0.0	0.0	25.5	23.0	728.862973760933	0.0	2209.778819577161	1444.6998029576428	HARS1	145.0	71.0	0.0	0.0	1444.6998029576428	2829.219828564638	-0.510635401452912	0.0	0.0						Charcot-Marie-Tooth disease, axonal, type 2W, 616625 (3), Autosomal dominant; Usher syndrome type 3B, 614504 (3), Autosomal recessive
PB.59138.526	Patient21	1	0	0	0	0	0	1	0	1417	1328	705.7163020465773	0.0	18.0	23.0	728.862973760933	0.0	2209.778819577161	1444.6998029576428	HARS1	446.0	461.0	0.002242152466367713	0.0	1444.6998029576428	2829.219828564638	-0.510635401452912	0.0	0.0						Charcot-Marie-Tooth disease, axonal, type 2W, 616625 (3), Autosomal dominant; Usher syndrome type 3B, 614504 (3), Autosomal recessive
PB.59138.526	Patient22	0	0	0	0	0	0	0	0	1221	2106	0.0	0.0	25.5	23.0	728.862973760933	0.0	2209.778819577161	1444.6998029576428	HARS1	394.0	738.0	0.0	0.0	1444.6998029576428	2829.219828564638	-0.510635401452912	0.0	0.0						Charcot-Marie-Tooth disease, axonal, type 2W, 616625 (3), Autosomal dominant; Usher syndrome type 3B, 614504 (3), Autosomal recessive
PB.59138.526	Patient23	0	0	1	0	0	0	1	0	665	1159	1503.7593984962407	0.0	8.0	23.0	728.862973760933	0.0	2209.778819577161	1444.6998029576428	HARS1	495.0	545.0	0.00202020202020202	0.0	1444.6998029576428	2829.219828564638	-0.510635401452912	0.0	0.0						Charcot-Marie-Tooth disease, axonal, type 2W, 616625 (3), Autosomal dominant; Usher syndrome type 3B, 614504 (3), Autosomal recessive
PB.59138.526	Patient24	0	0	1	0	1	1	1	2	1059	1661	944.2870632672333	1204.0939193257075	15.0	9.0	728.862973760933	0.0	2209.778819577161	1444.6998029576428	HARS1	475.0	805.0	0.002105263157894737	0.002484472049689441	1444.6998029576428	2829.219828564638	-0.08504319148434748	-10.234929872333348	-1.830137768787197						Charcot-Marie-Tooth disease, axonal, type 2W, 616625 (3), Autosomal dominant; Usher syndrome type 3B, 614504 (3), Autosomal recessive
PB.59138.526	Patient25	0	1	0	0	1	0	1	1	1372	1946	728.862973760933	513.874614594039	16.0	14.0	728.862973760933	0.0	2209.778819577161	1444.6998029576428	HARS1	354.0	738.0	0.002824858757062147	0.0013550135501355014	1444.6998029576428	2829.219828564638	-0.32900419365286426	-9.008077330948904	-1.61076067478388						Charcot-Marie-Tooth disease, axonal, type 2W, 616625 (3), Autosomal dominant; Usher syndrome type 3B, 614504 (3), Autosomal recessive
PB.59138.526	Patient26	0	0	0	0	1	1	0	2	1690	1469	0.0	1361.4703880190605	25.5	7.0	728.862973760933	0.0	2209.778819577161	1444.6998029576428	HARS1	221.0	547.0	0.0	0.003656307129798903	1444.6998029576428	2829.219828564638	-0.02941779712494362	-10.412009159305926	-1.8618018344135243						Charcot-Marie-Tooth disease, axonal, type 2W, 616625 (3), Autosomal dominant; Usher syndrome type 3B, 614504 (3), Autosomal recessive
PB.59138.526	Patient27	0	0	0	0	0	0	0	0	917	1439	0.0	0.0	25.5	23.0	728.862973760933	0.0	2209.778819577161	1444.6998029576428	HARS1	324.0	534.0	0.0	0.0	1444.6998029576428	2829.219828564638	-0.510635401452912	0.0	0.0						Charcot-Marie-Tooth disease, axonal, type 2W, 616625 (3), Autosomal dominant; Usher syndrome type 3B, 614504 (3), Autosomal recessive
PB.59138.526	Patient28	0	0	0	0	1	0	0	1	1473	1202	0.0	831.9467554076539	25.5	11.0	728.862973760933	0.0	2209.778819577161	1444.6998029576428	HARS1	307.0	246.0	0.0	0.0040650406504065045	1444.6998029576428	2829.219828564638	-0.21658021810940717	-9.702080466680757	-1.734857406877077						Charcot-Marie-Tooth disease, axonal, type 2W, 616625 (3), Autosomal dominant; Usher syndrome type 3B, 614504 (3), Autosomal recessive
PB.59138.526	Patient29	0	3	1	1	0	0	4	1	1044	1857	3831.4176245210724	538.5029617662897	5.0	13.0	728.862973760933	0.0	2209.778819577161	1444.6998029576428	HARS1	392.0	544.0	0.01020408163265306	0.001838235294117647	1444.6998029576428	2829.219828564638	-0.32029919769475756	-9.075487069624828	-1.6228144074692763						Charcot-Marie-Tooth disease, axonal, type 2W, 616625 (3), Autosomal dominant; Usher syndrome type 3B, 614504 (3), Autosomal recessive
PB.59138.526	Patient3	1	0	1	0	0	0	2	0	1987	2019	1006.5425264217413	0.0	14.0	23.0	728.862973760933	0.0	2209.778819577161	1444.6998029576428	HARS1	609.0	838.0	0.003284072249589491	0.0	1444.6998029576428	2829.219828564638	-0.510635401452912	0.0	0.0						Charcot-Marie-Tooth disease, axonal, type 2W, 616625 (3), Autosomal dominant; Usher syndrome type 3B, 614504 (3), Autosomal recessive
PB.59138.526	Patient30	0	2	0	0	0	0	2	0	1658	1808	1206.2726176115802	0.0	11.0	23.0	728.862973760933	0.0	2209.778819577161	1444.6998029576428	HARS1	429.0	512.0	0.004662004662004662	0.0	1444.6998029576428	2829.219828564638	-0.510635401452912	0.0	0.0						Charcot-Marie-Tooth disease, axonal, type 2W, 616625 (3), Autosomal dominant; Usher syndrome type 3B, 614504 (3), Autosomal recessive
PB.59138.526	Patient31	0	0	2	0	0	0	2	0	966	1858	2070.393374741201	0.0	7.0	23.0	728.862973760933	0.0	2209.778819577161	1444.6998029576428	HARS1	127.0	537.0	0.015748031496062992	0.0	1444.6998029576428	2829.219828564638	-0.510635401452912	0.0	0.0						Charcot-Marie-Tooth disease, axonal, type 2W, 616625 (3), Autosomal dominant; Usher syndrome type 3B, 614504 (3), Autosomal recessive
PB.59138.526	Patient4	1	0	1	0	0	0	2	0	1554	1450	1287.001287001287	0.0	10.0	23.0	728.862973760933	0.0	2209.778819577161	1444.6998029576428	HARS1	420.0	453.0	0.004761904761904762	0.0	1444.6998029576428	2829.219828564638	-0.510635401452912	0.0	0.0						Charcot-Marie-Tooth disease, axonal, type 2W, 616625 (3), Autosomal dominant; Usher syndrome type 3B, 614504 (3), Autosomal recessive
PB.59138.526	Patient5	0	0	0	0	0	0	0	0	1596	1993	0.0	0.0	25.5	23.0	728.862973760933	0.0	2209.778819577161	1444.6998029576428	HARS1	559.0	435.0	0.0	0.0	1444.6998029576428	2829.219828564638	-0.510635401452912	0.0	0.0						Charcot-Marie-Tooth disease, axonal, type 2W, 616625 (3), Autosomal dominant; Usher syndrome type 3B, 614504 (3), Autosomal recessive
PB.59138.526	Patient6	0	0	0	0	0	0	0	0	1602	1714	0.0	0.0	25.5	23.0	728.862973760933	0.0	2209.778819577161	1444.6998029576428	HARS1	657.0	531.0	0.0	0.0	1444.6998029576428	2829.219828564638	-0.510635401452912	0.0	0.0						Charcot-Marie-Tooth disease, axonal, type 2W, 616625 (3), Autosomal dominant; Usher syndrome type 3B, 614504 (3), Autosomal recessive
PB.59138.526	Patient7	3	1	2	0	1	1	6	2	1726	1705	3476.2456546929316	1173.0205278592375	6.0	10.0	728.862973760933	0.0	2209.778819577161	1444.6998029576428	HARS1	605.0	431.0	0.009917355371900827	0.004640371229698376	1444.6998029576428	2829.219828564638	-0.09602621625772982	-10.197241918988933	-1.823398675534555						Charcot-Marie-Tooth disease, axonal, type 2W, 616625 (3), Autosomal dominant; Usher syndrome type 3B, 614504 (3), Autosomal recessive
PB.59138.526	Patient9	0	1	1	0	0	0	2	0	1722	1493	1161.4401858304298	0.0	12.0	23.0	728.862973760933	0.0	2209.778819577161	1444.6998029576428	HARS1	592.0	547.0	0.0033783783783783786	0.0	1444.6998029576428	2829.219828564638	-0.510635401452912	0.0	0.0						Charcot-Marie-Tooth disease, axonal, type 2W, 616625 (3), Autosomal dominant; Usher syndrome type 3B, 614504 (3), Autosomal recessive
PB.70308.12	Patient10	32	37	25	28	30	38	94	96	1394	2180	67431.85078909612	44036.69724770643	10.0	22.0	53201.08205590622	52974.73512632437	55866.81242785061	62448.41442168233	VTA1	741.0	1255.0	0.12685560053981107	0.07649402390438247	62448.41442168233	27085.008607033855	-0.6797752011492612	-16.20988040109743	0.4642097927680851						
PB.70308.12	Patient11	8	10	11	13	14	21	29	48	1367	2226	21214.33796634967	21563.3423180593	28.0	31.0	53201.08205590622	52974.73512632437	55866.81242785061	62448.41442168233	VTA1	810.0	640.0	0.03580246913580247	0.075	62448.41442168233	27085.008607033855	-1.5095092896889597	5.551715488531211	2.5660803188231616						
PB.70308.12	Patient12	34	34	32	25	39	23	100	87	1791	2004	55834.72920156337	43413.17365269461	14.0	25.0	53201.08205590622	52974.73512632437	55866.81242785061	62448.41442168233	VTA1	1046.0	1180.0	0.09560229445506692	0.07372881355932204	62448.41442168233	27085.008607033855	-0.7027961868191674	-15.88613786356063	0.49547886426128285						
PB.70308.12	Patient13	42	31	45	40	37	32	118	109	2218	2495	53201.08205590622	43687.374749499	16.0	23.0	53201.08205590622	52974.73512632437	55866.81242785061	62448.41442168233	VTA1	1281.0	1283.0	0.09211553473848556	0.08495713172252534	62448.41442168233	27085.008607033855	-0.6926724648450425	-16.02907608711042	0.48167299999242397						
PB.70308.12	Patient15	28	22	26	45	46	41	76	132	1376	2573	55232.558139534885	51301.982122036534	15.0	17.0	53201.08205590622	52974.73512632437	55866.81242785061	62448.41442168233	VTA1	613.0	1275.0	0.12398042414355628	0.10352941176470588	62448.41442168233	27085.008607033855	-0.41153512119435404	-19.676656483069035	0.12936695752356192						
PB.70308.12	Patient16	10	14	7	16	9	10	31	35	1395	1271	22222.222222222223	27537.37214791503	27.0	30.0	53201.08205590622	52974.73512632437	55866.81242785061	62448.41442168233	VTA1	641.0	567.0	0.0483619344773791	0.06172839506172839	62448.41442168233	27085.008607033855	-1.2889433701232447	-5.5517154885312126	1.493641770329709						
PB.70308.12	Patient17	18	23	19	21	27	17	60	65	975	1227	61538.46153846154	52974.73512632437	11.0	16.0	53201.08205590622	52974.73512632437	55866.81242785061	62448.41442168233	VTA1	503.0	645.0	0.11928429423459244	0.10077519379844961	62448.41442168233	27085.008607033855	-0.3497757535472111	-20.376193581893197	0.02801847986425559						
PB.70308.12	Patient19	17	19	15	29	31	27	51	87	1229	1548	41497.15215622457	56201.5503875969	24.0	15.0	53201.08205590622	52974.73512632437	55866.81242785061	62448.41442168233	VTA1	725.0	912.0	0.0703448275862069	0.09539473684210527	62448.41442168233	27085.008607033855	-0.2306391747818441	-21.655906127957685	-0.15738543738781785						
PB.70308.12	Patient20	46	60	42	32	24	30	148	86	1888	1738	78389.83050847458	49482.16340621404	6.0	19.0	53201.08205590622	52974.73512632437	55866.81242785061	62448.41442168233	VTA1	1110.0	862.0	0.13333333333333333	0.09976798143851508	62448.41442168233	27085.008607033855	-0.47872427155518865	-18.85671451778859	0.2085620615333742						
PB.70308.12	Patient23	8	7	13	20	16	13	28	49	665	1159	42105.26315789473	42277.82571182054	23.0	26.0	53201.08205590622	52974.73512632437	55866.81242785061	62448.41442168233	VTA1	127.0	581.0	0.2204724409448819	0.08433734939759036	62448.41442168233	27085.008607033855	-0.7447141332871345	-15.284524235238253	0.5535864570985579						
PB.70308.12	Patient24	17	18	13	25	26	32	48	83	1059	1661	45325.779036827196	49969.89765201686	22.0	18.0	53201.08205590622	52974.73512632437	55866.81242785061	62448.41442168233	VTA1	548.0	804.0	0.08759124087591241	0.10323383084577115	62448.41442168233	27085.008607033855	-0.46071673635816607	-19.07939021970488	0.18705465476503425						
PB.70308.12	Patient25	38	33	24	32	29	28	95	89	1372	1946	69241.98250728863	45734.84069886948	9.0	20.0	53201.08205590622	52974.73512632437	55866.81242785061	62448.41442168233	VTA1	664.0	856.0	0.1430722891566265	0.10397196261682243	62448.41442168233	27085.008607033855	-0.6170783980652831	-17.068867140773065	0.3812435011618322						
PB.70308.12	Patient27	20	26	36	33	25	28	82	86	917	1439	89422.02835332607	59763.724808895066	5.0	13.0	53201.08205590622	52974.73512632437	55866.81242785061	62448.41442168233	VTA1	476.0	847.0	0.1722689075630252	0.10153482880755609	62448.41442168233	27085.008607033855	-0.09912086984126216	-23.045196527346974	-0.2915717607355153						
PB.70308.12	Patient28	6	8	11	12	13	10	25	35	1473	1202	16972.16564833673	29118.136439267884	30.0	29.0	53201.08205590622	52974.73512632437	55866.81242785061	62448.41442168233	VTA1	851.0	786.0	0.02937720329024677	0.044529262086514	62448.41442168233	27085.008607033855	-1.2305802987176726	-6.81887413244278	1.3712516929207723						
PB.70308.12	Patient3	33	35	31	29	32	27	99	88	1987	2019	49823.8550578762	43585.93363051015	19.0	24.0	53201.08205590622	52974.73512632437	55866.81242785061	62448.41442168233	VTA1	999.0	1000.0	0.0990990990990991	0.088	62448.41442168233	27085.008607033855	-0.696417751415212	-15.976300696738171	0.4867703760344698						
PB.70308.12	Patient31	5	3	8	31	18	24	16	73	966	1858	16563.14699792961	39289.55866523144	31.0	27.0	53201.08205590622	52974.73512632437	55866.81242785061	62448.41442168233	VTA1	673.0	1178.0	0.0237741456166419	0.06196943972835314	62448.41442168233	27085.008607033855	-0.8550433227640417	-13.620363609146446	0.7143214596390091						
PB.70308.12	Patient5	28	39	46	37	35	43	113	115	1596	1993	70802.00501253133	57701.9568489714	8.0	14.0	53201.08205590622	52974.73512632437	55866.81242785061	62448.41442168233	VTA1	676.0	862.0	0.16715976331360946	0.1334106728538283	62448.41442168233	27085.008607033855	-0.17524297819415496	-22.251521617314104	-0.21491369258976167						
PB.70308.12	Patient7	33	24	25	27	24	25	82	76	1726	1705	47508.690614136736	44574.78005865103	21.0	21.0	53201.08205590622	52974.73512632437	55866.81242785061	62448.41442168233	VTA1	856.0	889.0	0.09579439252336448	0.08548931383577053	62448.41442168233	27085.008607033855	-0.6599087569936973	-16.485597244077773	0.43757934210001004						
PB.70308.12	Patient8	29	28	25	20	13	9	82	42	1359	1179	60338.48417954378	35623.40966921119	13.0	28.0	53201.08205590622	52974.73512632437	55866.81242785061	62448.41442168233	VTA1	726.0	648.0	0.11294765840220386	0.06481481481481481	62448.41442168233	27085.008607033855	-0.9904004514698515	-11.396556139703543	0.9291106414320052						
PB.70308.15	Patient1	1	2	2	1	1	1	5	3	1902	1717	2628.8117770767612	1747.2335468841002	9.0	15.0	1463.057790782736	1663.8935108153078	1704.4541887687446	2080.9961404482333	VTA1	1133.0	979.0	0.00441306266548985	0.0030643513789581204	2080.9961404482333	1600.510401167186	-0.20853509812915547	-115.1204743538263	-0.011484369438386158						
PB.70308.15	Patient10	1	2	2	1	0	0	5	1	1394	2180	3586.800573888092	458.7155963302753	3.0	30.0	1463.057790782736	1663.8935108153078	1704.4541887687446	2080.9961404482333	VTA1	741.0	1255.0	0.006747638326585695	0.0007968127490039841	2080.9961404482333	1600.510401167186	-1.0136020002962154	-94.97084600605433	0.5093648670902744						
PB.70308.15	Patient11	1	1	0	0	0	0	2	0	1367	2226	1463.057790782736	0.0	16.0	31.0	1463.057790782736	1663.8935108153078	1704.4541887687446	2080.9961404482333	VTA1	810.0	640.0	0.0024691358024691358	0.0	2080.9961404482333	1600.510401167186	-1.3002078205369043	94.97084600605433	5.355151954320945					2.0	
PB.70308.15	Patient12	1	0	0	1	0	0	1	1	1791	2004	558.3472920156337	499.00199600798396	24.0	29.0	1463.057790782736	1663.8935108153078	1704.4541887687446	2080.9961404482333	VTA1	1046.0	1180.0	0.0009560229445506692	0.000847457627118644	2080.9961404482333	1600.510401167186	-0.9884310300555164	-96.27217479806629	0.47616540366667265						
PB.70308.15	Patient13	0	0	2	0	1	1	2	2	2218	2495	901.7132551848512	801.6032064128257	20.0	24.0	1463.057790782736	1663.8935108153078	1704.4541887687446	2080.9961404482333	VTA1	1281.0	1283.0	0.00156128024980484	0.001558846453624318	2080.9961404482333	1600.510401167186	-0.7993655855672035	-103.60338846152437	0.2891316875415708						
PB.70308.15	Patient15	0	0	1	0	0	2	1	2	1376	2573	726.7441860465116	777.3027594247959	22.0	26.0	1463.057790782736	1663.8935108153078	1704.4541887687446	2080.9961404482333	VTA1	613.0	1275.0	0.0016313213703099511	0.001568627450980392	2080.9961404482333	1600.510401167186	-0.8145485215670624	-103.12711192775498	0.30128244103250834						
PB.70308.15	Patient16	0	0	0	0	0	1	0	1	1395	1271	0.0	786.7820613690008	28.0	25.0	1463.057790782736	1663.8935108153078	1704.4541887687446	2080.9961404482333	VTA1	641.0	567.0	0.0	0.001763668430335097	2080.9961404482333	1600.510401167186	-0.8086258471893815	-103.31464727349012	0.2964980445835983						
PB.70308.15	Patient17	1	0	1	1	0	1	2	2	975	1227	2051.2820512820513	1629.9918500407498	14.0	17.0	1463.057790782736	1663.8935108153078	1704.4541887687446	2080.9961404482333	VTA1	503.0	645.0	0.003976143141153081	0.0031007751937984496	2080.9961404482333	1600.510401167186	-0.2817877909937884	-114.58798029822154	0.008893090544271029						
PB.70308.15	Patient18	1	1	1	1	0	1	3	2	988	1387	3036.4372469635628	1441.9610670511895	5.0	18.0	1463.057790782736	1663.8935108153078	1704.4541887687446	2080.9961404482333	VTA1	483.0	699.0	0.006211180124223602	0.002861230329041488	2080.9961404482333	1600.510401167186	-0.3992695535942921	-112.69043987691292	0.05730308823182124						
PB.70308.15	Patient19	0	0	0	1	1	0	0	2	1229	1548	0.0	1291.9896640826873	28.0	19.0	1463.057790782736	1663.8935108153078	1704.4541887687446	2080.9961404482333	VTA1	725.0	912.0	0.0	0.0021929824561403508	2080.9961404482333	1600.510401167186	-0.4929717893680392	-110.99042596204562	0.10067379526043535						
PB.70308.15	Patient2	1	1	1	0	2	0	3	2	1277	1085	2349.2560689115116	1843.3179723502303	11.0	14.0	1463.057790782736	1663.8935108153078	1704.4541887687446	2080.9961404482333	VTA1	1009.0	937.0	0.002973240832507433	0.0021344717182497333	2080.9961404482333	1600.510401167186	-0.14850148297985075	-115.94542344932675	-0.0325304474860846						
PB.70308.15	Patient28	0	0	0	0	1	1	0	2	1473	1202	0.0	1663.8935108153078	28.0	16.0	1463.057790782736	1663.8935108153078	1704.4541887687446	2080.9961404482333	VTA1	851.0	786.0	0.0	0.002544529262086514	2080.9961404482333	1600.510401167186	-0.26060601001327444	-114.75265623163546	0.0025912788941151307						
PB.70308.15	Patient3	2	0	0	0	0	2	2	2	1987	2019	1006.5425264217413	990.5894006934126	19.0	23.0	1463.057790782736	1663.8935108153078	1704.4541887687446	2080.9961404482333	VTA1	999.0	1000.0	0.002002002002002002	0.002	2080.9961404482333	1600.510401167186	-0.6812868813346243	-106.87899470728892	0.20556451342391524						
PB.70308.15	Patient31	0	0	0	1	1	0	0	2	966	1858	0.0	1076.426264800861	28.0	21.0	1463.057790782736	1663.8935108153078	1704.4541887687446	2080.9961404482333	VTA1	673.0	1178.0	0.0	0.001697792869269949	2080.9961404482333	1600.510401167186	-0.6276559495738241	-108.16509893458831	0.1727534586656852						
PB.70308.15	Patient4	0	0	0	1	0	2	0	3	1554	1450	0.0	2068.9655172413795	28.0	13.0	1463.057790782736	1663.8935108153078	1704.4541887687446	2080.9961404482333	VTA1	920.0	891.0	0.0	0.003367003367003367	2080.9961404482333	1600.510401167186	-0.007516741658211234	-117.72506970956228	-0.07793273266283186						
PB.70308.15	Patient5	0	0	0	0	0	2	0	2	1596	1993	0.0	1003.5122930255895	28.0	22.0	1463.057790782736	1663.8935108153078	1704.4541887687446	2080.9961404482333	VTA1	676.0	862.0	0.0	0.002320185614849188	2080.9961404482333	1600.510401167186	-0.6732126493129188	-107.0795803679739	0.2004471777082318						
PB.70308.15	Patient6	0	0	1	0	2	0	1	2	1602	1714	624.2197253433209	1166.8611435239206	23.0	20.0	1463.057790782736	1663.8935108153078	1704.4541887687446	2080.9961404482333	VTA1	866.0	1080.0	0.0011547344110854503	0.001851851851851852	2080.9961404482333	1600.510401167186	-0.5711521751171825	-109.41367724966885	0.1408997639211539						
PB.70308.15	Patient7	0	1	1	0	1	0	2	1	1726	1705	1158.7485515643104	586.5102639296188	18.0	28.0	1463.057790782736	1663.8935108153078	1704.4541887687446	2080.9961404482333	VTA1	856.0	889.0	0.002336448598130841	0.0011248593925759281	2080.9961404482333	1600.510401167186	-0.9337558040414782	-98.77063047955139	0.41242487281688545						
PB.70308.15	Patient9	0	2	0	1	0	0	2	1	1722	1493	1161.4401858304298	669.7923643670462	17.0	27.0	1463.057790782736	1663.8935108153078	1704.4541887687446	2080.9961404482333	VTA1	1124.0	909.0	0.0017793594306049821	0.0011001100110011	2080.9961404482333	1600.510401167186	-0.881721090379703	-100.82424384425342	0.36003314660122643						
PB.70308.16	Patient1	80	82	84	70	59	86	246	215	1902	1717	129337.53943217665	125218.4041933605	13.0	11.0	120689.6551724138	116909.18213748118	138557.387237657	129259.77389098969	VTA1	1133.0	979.0	0.21712268314210062	0.21961184882533197	129259.77389098969	49977.64161416531	-0.08086355352317637	-14.667933630210218	-0.2881234736806886						
PB.70308.16	Patient10	71	70	66	91	90	81	207	262	1394	2180	148493.54375896702	120183.48623853212	11.0	15.0	120689.6551724138	116909.18213748118	138557.387237657	129259.77389098969	VTA1	741.0	1255.0	0.2793522267206478	0.20876494023904382	129259.77389098969	49977.64161416531	-0.18160696181960395	-13.673739306087501	-0.16739690421282927						
PB.70308.16	Patient11	130	134	119	62	63	58	383	183	1367	2226	280175.56693489396	82210.24258760108	2.0	29.0	120689.6551724138	116909.18213748118	138557.387237657	129259.77389098969	VTA1	810.0	640.0	0.4728395061728395	0.2859375	129259.77389098969	49977.64161416531	-0.941411594941151	-4.491415764134246	1.0753678067870245						
PB.70308.16	Patient14	46	47	50	68	71	69	143	208	1161	1708	123169.68130921619	121779.85948477751	15.0	14.0	120689.6551724138	116909.18213748118	138557.387237657	129259.77389098969	VTA1	693.0	1194.0	0.20634920634920634	0.17420435510887772	129259.77389098969	49977.64161416531	-0.14966521357606685	-13.993398314176707	-0.2062135967946962						
PB.70308.16	Patient15	52	55	42	101	88	94	149	283	1376	2573	108284.88372093023	109988.34045860863	19.0	17.0	120689.6551724138	116909.18213748118	138557.387237657	129259.77389098969	VTA1	613.0	1275.0	0.24306688417618272	0.22196078431372548	129259.77389098969	49977.64161416531	-0.3856010970097257	-11.56982462530311	0.21582556402288885						
PB.70308.16	Patient17	42	38	37	42	47	37	117	126	975	1227	120000.0	102689.48655256724	17.0	21.0	120689.6551724138	116909.18213748118	138557.387237657	129259.77389098969	VTA1	503.0	645.0	0.23260437375745527	0.19534883720930232	129259.77389098969	49977.64161416531	-0.5316434805697505	-9.900136976074785	0.4185783429145423						
PB.70308.16	Patient18	21	28	17	45	40	31	66	116	988	1387	66801.61943319839	83633.74188896899	29.0	28.0	120689.6551724138	116909.18213748118	138557.387237657	129259.77389098969	VTA1	483.0	699.0	0.13664596273291926	0.1659513590844063	129259.77389098969	49977.64161416531	-0.9129288723597709	-4.90886074150424	1.0246768112374995						
PB.70308.16	Patient19	44	52	38	57	52	48	134	157	1229	1548	109031.73311635476	101421.18863049096	18.0	22.0	120689.6551724138	116909.18213748118	138557.387237657	129259.77389098969	VTA1	725.0	912.0	0.18482758620689654	0.17214912280701755	129259.77389098969	49977.64161416531	-0.5570207869234142	-9.597937871942683	0.45527485209077634						
PB.70308.16	Patient20	66	61	49	61	64	45	176	170	1888	1738	93220.33898305085	97813.57882623705	25.0	25.0	120689.6551724138	116909.18213748118	138557.387237657	129259.77389098969	VTA1	1110.0	862.0	0.15855855855855855	0.19721577726218098	129259.77389098969	49977.64161416531	-0.6292052615752031	-8.717226063783352	0.5622210624131232						
PB.70308.16	Patient21	51	49	45	41	45	53	145	139	1417	1328	102328.8637967537	104668.67469879518	24.0	20.0	120689.6551724138	116909.18213748118	138557.387237657	129259.77389098969	VTA1	626.0	737.0	0.23162939297124602	0.18860244233378562	129259.77389098969	49977.64161416531	-0.4920420091456373	-10.364343484229389	0.36220902165170865						
PB.70308.16	Patient22	75	88	80	58	72	80	243	210	1221	2106	199017.19901719902	99715.09971509971	4.0	24.0	120689.6551724138	116909.18213748118	138557.387237657	129259.77389098969	VTA1	754.0	1319.0	0.3222811671087533	0.15921152388172857	129259.77389098969	49977.64161416531	-0.5911578302149424	-9.185409707916957	0.5053687913170407						
PB.70308.16	Patient23	0	4	0	39	32	32	4	103	665	1159	6015.037593984963	88869.71527178603	31.0	27.0	120689.6551724138	116909.18213748118	138557.387237657	129259.77389098969	VTA1	127.0	581.0	0.031496062992125984	0.17728055077452667	129259.77389098969	49977.64161416531	-0.8081625565892205	-6.385465589922882	0.845370378396522						
PB.70308.16	Patient24	21	22	25	38	47	36	68	121	1059	1661	64211.52030217186	72847.68211920529	30.0	30.0	120689.6551724138	116909.18213748118	138557.387237657	129259.77389098969	VTA1	548.0	804.0	0.12408759124087591	0.15049751243781095	129259.77389098969	49977.64161416531	-1.128746574464117	-1.5513302672217593	1.4323869803753047						
PB.70308.16	Patient25	47	36	38	38	42	53	121	133	1372	1946	88192.4198250729	68345.3237410072	26.0	31.0	120689.6551724138	116909.18213748118	138557.387237657	129259.77389098969	VTA1	664.0	856.0	0.1822289156626506	0.15537383177570094	129259.77389098969	49977.64161416531	-1.218834026228187	1.551330267221759	1.8091478946736308	1.0	1.0	1.0	1.0	1.0	
PB.70308.16	Patient26	107	109	115	54	47	54	331	155	1690	1469	195857.9881656805	105513.95507147719	5.0	19.0	120689.6551724138	116909.18213748118	138557.387237657	129259.77389098969	VTA1	775.0	695.0	0.4270967741935484	0.22302158273381295	129259.77389098969	49977.64161416531	-0.47512883866817257	-10.559929792327155	0.33845867080117154						
PB.70308.16	Patient27	23	24	21	70	48	61	68	179	917	1439	74154.85278080698	124391.93884642112	28.0	12.0	120689.6551724138	116909.18213748118	138557.387237657	129259.77389098969	VTA1	476.0	847.0	0.14285714285714285	0.21133412042502953	129259.77389098969	49977.64161416531	-0.09740025514106812	-14.507513244983908	-0.26864337576504776						
PB.70308.16	Patient3	75	68	70	68	55	63	213	186	1987	2019	107196.77906391546	92124.81426448737	20.0	26.0	120689.6551724138	116909.18213748118	138557.387237657	129259.77389098969	VTA1	999.0	1000.0	0.2132132132132132	0.186	129259.77389098969	49977.64161416531	-0.7430314522079617	-7.260201707063266	0.7391498055671812						
PB.70308.16	Patient30	56	62	59	73	68	80	177	221	1658	1808	106755.12665862485	122234.51327433628	21.0	13.0	120689.6551724138	116909.18213748118	138557.387237657	129259.77389098969	VTA1	705.0	1148.0	0.251063829787234	0.19250871080139373	129259.77389098969	49977.64161416531	-0.14056806983589676	-14.083672114741972	-0.21717568538304843						
PB.70308.16	Patient4	81	50	62	47	49	50	193	146	1554	1450	124195.6241956242	100689.6551724138	14.0	23.0	120689.6551724138	116909.18213748118	138557.387237657	129259.77389098969	VTA1	920.0	891.0	0.20978260869565218	0.1638608305274972	129259.77389098969	49977.64161416531	-0.5716580013747222	-9.421911209430526	0.4766500446304456						
PB.70308.16	Patient5	45	46	41	76	73	84	132	233	1596	1993	82706.76691729322	116909.18213748118	27.0	16.0	120689.6551724138	116909.18213748118	138557.387237657	129259.77389098969	VTA1	676.0	862.0	0.1952662721893491	0.2703016241299304	129259.77389098969	49977.64161416531	-0.24712234020278256	-13.020596401657965	-0.04842865981005958						
PB.70308.16	Patient9	96	70	77	47	64	53	243	164	1722	1493	141114.9825783972	109845.94775619557	12.0	18.0	120689.6551724138	116909.18213748118	138557.387237657	129259.77389098969	VTA1	1124.0	909.0	0.21619217081850534	0.18041804180418042	129259.77389098969	49977.64161416531	-0.38845022509608773	-11.538323600158435	0.21965078270314345						
PB.70308.18	Patient1	39	25	38	31	26	29	102	86	1902	1717	53627.76025236593	50087.361677344205	15.0	19.0	51724.137931034486	53097.345132743365	52791.50510828705	54522.69352716771	VTA1	1133.0	979.0	0.09002647837599294	0.08784473953013279	54522.69352716771	13430.477873422298	-0.33024378518955183	-17.305511062756107	0.25759726757767765						
PB.70308.18	Patient11	28	19	27	17	13	22	74	52	1367	2226	54133.13825896123	23360.28751123091	14.0	31.0	51724.137931034486	53097.345132743365	52791.50510828705	54522.69352716771	VTA1	810.0	640.0	0.09135802469135802	0.08125	54522.69352716771	13430.477873422298	-2.3202752954609593	7.951510711838459	3.924200189163625						
PB.70308.18	Patient13	31	36	37	44	45	42	104	131	2218	2495	46889.08926961227	52505.01002004008	21.0	17.0	51724.137931034486	53097.345132743365	52791.50510828705	54522.69352716771	VTA1	1281.0	1283.0	0.08118657298985169	0.10210444271239283	54522.69352716771	13430.477873422298	-0.15023169883779358	-18.375072893755426	0.10232723735172192						
PB.70308.18	Patient15	18	23	16	37	40	44	57	121	1376	2573	41424.41860465116	47026.81694520015	27.0	23.0	51724.137931034486	53097.345132743365	52791.50510828705	54522.69352716771	VTA1	613.0	1275.0	0.0929853181076672	0.09490196078431372	54522.69352716771	13430.477873422298	-0.5581243387326683	-15.874948443233713	0.4652743692986962					2.0	
PB.70308.18	Patient16	17	25	23	16	21	19	65	56	1395	1271	46594.98207885305	44059.79543666404	22.0	25.0	51724.137931034486	53097.345132743365	52791.50510828705	54522.69352716771	VTA1	641.0	567.0	0.10140405616224649	0.09876543209876543	54522.69352716771	13430.477873422298	-0.7790413855048892	-14.396295794907138	0.6799327787006515						
PB.70308.18	Patient17	17	12	18	17	26	18	47	61	975	1227	48205.1282051282	49714.75142624287	20.0	21.0	51724.137931034486	53097.345132743365	52791.50510828705	54522.69352716771	VTA1	503.0	645.0	0.09343936381709742	0.09457364341085271	54522.69352716771	13430.477873422298	-0.3579874183359717	-17.13609122222172	0.2821922213224956						
PB.70308.18	Patient18	16	11	15	14	14	18	42	46	988	1387	42510.12145748988	33165.10454217736	26.0	30.0	51724.137931034486	53097.345132743365	52791.50510828705	54522.69352716771	VTA1	483.0	699.0	0.08695652173913043	0.06580829756795423	54522.69352716771	13430.477873422298	-1.5902329899411163	-7.951510711838459	1.6155327091066376						
PB.70308.18	Patient20	21	35	19	22	31	25	75	78	1888	1738	39724.57627118644	44879.17146144994	28.0	24.0	51724.137931034486	53097.345132743365	52791.50510828705	54522.69352716771	VTA1	1110.0	862.0	0.06756756756756757	0.09048723897911833	54522.69352716771	13430.477873422298	-0.7180326833195877	-14.814366353117727	0.6192407959386174						
PB.70308.18	Patient23	0	3	4	21	22	12	7	55	665	1159	10526.315789473683	47454.702329594475	31.0	22.0	51724.137931034486	53097.345132743365	52791.50510828705	54522.69352716771	VTA1	127.0	581.0	0.05511811023622047	0.09466437177280551	54522.69352716771	13430.477873422298	-0.5262650565517216	-16.080457161959345	0.4354403344225521						
PB.70308.18	Patient25	41	24	12	26	25	26	77	77	1372	1946	56122.448979591834	39568.34532374101	11.0	28.0	51724.137931034486	53097.345132743365	52791.50510828705	54522.69352716771	VTA1	664.0	856.0	0.11596385542168675	0.08995327102803738	54522.69352716771	13430.477873422298	-1.1134635970787015	-11.956813227398834	1.034076429880503						
PB.70308.18	Patient26	33	21	23	21	16	19	77	56	1690	1469	45562.130177514795	38121.1708645337	25.0	29.0	51724.137931034486	53097.345132743365	52791.50510828705	54522.69352716771	VTA1	775.0	695.0	0.09935483870967741	0.08057553956834532	54522.69352716771	13430.477873422298	-1.2212166102511617	-11.111430401620952	1.1568020293798733						
PB.70308.18	Patient27	18	12	20	28	27	20	50	75	917	1439	54525.627044711015	52119.527449617795	13.0	18.0	51724.137931034486	53097.345132743365	52791.50510828705	54522.69352716771	VTA1	476.0	847.0	0.10504201680672269	0.0885478158205431	54522.69352716771	13430.477873422298	-0.1789337728857407	-18.20787886988852	0.12659906567150986						
PB.70308.18	Patient3	34	48	29	32	32	37	111	101	1987	2019	55863.11021640664	50024.764735017336	12.0	20.0	51724.137931034486	53097.345132743365	52791.50510828705	54522.69352716771	VTA1	999.0	1000.0	0.1111111111111111	0.101	54522.69352716771	13430.477873422298	-0.33490459792583893	-17.277137510841957	0.2617163022474279						
PB.70308.18	Patient30	25	31	27	26	35	35	83	96	1658	1808	50060.31363088058	53097.345132743365	19.0	16.0	51724.137931034486	53097.345132743365	52791.50510828705	54522.69352716771	VTA1	705.0	1148.0	0.11773049645390071	0.08362369337979095	54522.69352716771	13430.477873422298	-0.10612789863903334	-18.620250977555912	0.048937885685804434						
PB.70308.18	Patient5	21	15	25	31	25	30	61	86	1596	1993	38220.551378446115	43151.028600100355	29.0	26.0	51724.137931034486	53097.345132743365	52791.50510828705	54522.69352716771	VTA1	676.0	862.0	0.09023668639053255	0.09976798143851508	54522.69352716771	13430.477873422298	-0.8467059053476309	-13.923423651012007	0.7485803967696402						
PB.70308.18	Patient7	23	26	31	22	29	22	80	73	1726	1705	46349.94206257242	42815.24926686217	23.0	27.0	51724.137931034486	53097.345132743365	52791.50510828705	54522.69352716771	VTA1	856.0	889.0	0.09345794392523364	0.08211473565804274	54522.69352716771	13430.477873422298	-0.8717071998959552	-13.746178715160081	0.7743113323261313						
PB.70308.19	Patient10	0	1	0	1	1	1	1	3	1394	2180	717.3601147776184	1376.1467889908258	27.0	24.0	1930.5019305019305	1725.625539257981	2222.732069702248	2316.8778126739057	VTA1	741.0	1255.0	0.001349527665317139	0.002390438247011952	2316.8778126739057	1546.961818278075	-0.6081152182089463	-112.88087937070425	0.09024483820358833						
PB.70308.19	Patient11	0	0	3	0	0	0	3	0	1367	2226	2194.5866861741038	0.0	12.0	31.0	1930.5019305019305	1725.625539257981	2222.732069702248	2316.8778126739057	VTA1	810.0	640.0	0.003703703703703704	0.0	2316.8778126739057	1546.961818278075	-1.4976955379886654	99.49449260590498	5.383996524863227	1.0	1.0	1.0	1.0	1.0	
PB.70308.19	Patient12	0	1	0	0	0	2	1	2	1791	2004	558.3472920156337	998.0039920159679	30.0	27.0	1930.5019305019305	1725.625539257981	2222.732069702248	2316.8778126739057	VTA1	1046.0	1180.0	0.0009560229445506692	0.001694915254237288	2316.8778126739057	1546.961818278075	-0.8525574484611248	-107.86744761563247	0.2152116013567438						
PB.70308.19	Patient13	1	1	0	2	1	1	2	4	2218	2495	901.7132551848512	1603.2064128256513	25.0	20.0	1930.5019305019305	1725.625539257981	2222.732069702248	2316.8778126739057	VTA1	1281.0	1283.0	0.00156128024980484	0.003117692907248636	2316.8778126739057	1546.961818278075	-0.4613374366554456	-115.26437520004278	0.0308328878005221						
PB.70308.19	Patient17	0	1	0	1	0	1	1	2	975	1227	1025.6410256410256	1629.9918500407498	23.0	18.0	1930.5019305019305	1725.625539257981	2222.732069702248	2316.8778126739057	VTA1	503.0	645.0	0.0019880715705765406	0.0031007751937984496	2316.8778126739057	1546.961818278075	-0.4440225702517529	-115.52299029636745	0.024386546637596773						
PB.70308.19	Patient18	0	3	2	1	1	0	5	2	988	1387	5060.728744939272	1441.9610670511895	1.0	22.0	1930.5019305019305	1725.625539257981	2222.732069702248	2316.8778126739057	VTA1	483.0	699.0	0.010351966873706004	0.002861230329041488	2316.8778126739057	1546.961818278075	-0.5655710020022259	-113.60996640758525	0.07207132921670094						
PB.70308.19	Patient20	1	3	5	2	1	1	9	4	1888	1738	4766.949152542373	2301.4959723820484	2.0	13.0	1930.5019305019305	1725.625539257981	2222.732069702248	2316.8778126739057	VTA1	1110.0	862.0	0.008108108108108109	0.004640371229698376	2316.8778126739057	1546.961818278075	-0.009943257881425192	-119.82717481155188	-0.09550982519388157						
PB.70308.19	Patient21	0	0	1	0	0	1	1	1	1417	1328	705.7163020465773	753.0120481927711	28.0	28.0	1930.5019305019305	1725.625539257981	2222.732069702248	2316.8778126739057	VTA1	626.0	737.0	0.001597444089456869	0.0013568521031207597	2316.8778126739057	1546.961818278075	-1.0109271903180361	-103.47341077205435	0.32473908439511706						
PB.70308.19	Patient22	3	1	0	1	2	1	4	4	1221	2106	3276.0032760032764	1899.335232668566	9.0	15.0	1930.5019305019305	1725.625539257981	2222.732069702248	2316.8778126739057	VTA1	754.0	1319.0	0.005305039787798408	0.003032600454890068	2316.8778126739057	1546.961818278075	-0.2699113676057673	-116.85595531656203	-0.021448044552146432						
PB.70308.19	Patient23	0	1	0	0	1	1	1	2	665	1159	1503.7593984962407	1725.625539257981	20.0	16.0	1930.5019305019305	1725.625539257981	2222.732069702248	2316.8778126739057	VTA1	127.0	581.0	0.007874015748031496	0.0034423407917383822	2316.8778126739057	1546.961818278075	-0.3822022408245656	-116.14671014540693	0.005070339755646789						
PB.70308.19	Patient25	3	1	2	2	2	0	6	4	1372	1946	4373.1778425655975	2055.498458376156	4.0	14.0	1930.5019305019305	1725.625539257981	2222.732069702248	2316.8778126739057	VTA1	664.0	856.0	0.009036144578313253	0.004672897196261682	2316.8778126739057	1546.961818278075	-0.16896302882813957	-118.07832576881968	-0.051917329117187896						
PB.70308.19	Patient26	2	1	2	0	0	1	5	1	1690	1469	2958.5798816568044	680.7351940095302	10.0	29.0	1930.5019305019305	1725.625539257981	2222.732069702248	2316.8778126739057	VTA1	775.0	695.0	0.0064516129032258064	0.0014388489208633094	2316.8778126739057	1546.961818278075	-1.0576489990461224	-101.89966480925776	0.3639668925321445						
PB.70308.19	Patient27	1	0	1	1	0	1	2	2	917	1439	2181.0250817884407	1389.854065323141	13.0	23.0	1930.5019305019305	1725.625539257981	2222.732069702248	2316.8778126739057	VTA1	476.0	847.0	0.004201680672268907	0.0023612750885478157	2316.8778126739057	1546.961818278075	-0.5992544459711591	-113.0355595291691	0.08638922000198114						
PB.70308.19	Patient28	1	3	1	1	0	1	5	2	1473	1202	3394.4331296673454	1663.8935108153078	8.0	17.0	1930.5019305019305	1725.625539257981	2222.732069702248	2316.8778126739057	VTA1	851.0	786.0	0.005875440658049354	0.002544529262086514	2316.8778126739057	1546.961818278075	-0.42210757508251595	-115.84428998433565	0.016377704796499644						
PB.70308.19	Patient29	0	1	1	0	2	1	2	3	1044	1857	1915.7088122605362	1615.5088852988692	17.0	19.0	1930.5019305019305	1725.625539257981	2222.732069702248	2316.8778126739057	VTA1	569.0	1270.0	0.0035149384885764497	0.002362204724409449	2316.8778126739057	1546.961818278075	-0.453384769480433	-115.38368834355892	0.027858841663012415						
PB.70308.19	Patient3	0	1	1	1	1	1	2	3	1987	2019	1006.5425264217413	1485.8841010401188	24.0	21.0	1930.5019305019305	1725.625539257981	2222.732069702248	2316.8778126739057	VTA1	999.0	1000.0	0.002002002002002002	0.003	2316.8778126739057	1546.961818278075	-0.5371779069238871	-114.07826872849276	0.060398242181713635						
PB.70308.19	Patient5	2	0	0	0	0	2	2	2	1596	1993	1253.1328320802004	1003.5122930255895	21.0	26.0	1930.5019305019305	1725.625539257981	2222.732069702248	2316.8778126739057	VTA1	676.0	862.0	0.0029585798816568047	0.002320185614849188	2316.8778126739057	1546.961818278075	-0.848996726441655	-107.95332365222373	0.21307102164019037						
PB.70308.19	Patient6	0	2	0	0	1	0	2	1	1602	1714	1248.4394506866417	583.4305717619603	22.0	30.0	1930.5019305019305	1725.625539257981	2222.732069702248	2316.8778126739057	VTA1	866.0	1080.0	0.0023094688221709007	0.000925925925925926	2316.8778126739057	1546.961818278075	-1.1205494669813165	-99.49449260590498	0.4239191567222125						
PB.70308.19	Patient7	0	1	0	1	0	1	1	2	1726	1705	579.3742757821552	1173.0205278592375	29.0	25.0	1930.5019305019305	1725.625539257981	2222.732069702248	2316.8778126739057	VTA1	856.0	889.0	0.0011682242990654205	0.0022497187851518562	2316.8778126739057	1546.961818278075	-0.7394217952243302	-110.38861844678188	0.15236790994593272						
PB.70308.21	Patient1	206	165	181	147	144	155	552	446	1902	1717	290220.8201892745	259755.38730343623	8.0	23.0	259541.9847328244	283564.11800120404	260829.56428435983	283440.7847834908	VTA1	1133.0	979.0	0.4872021182700794	0.45556690500510727	283440.7847834908	63242.833317607605	-0.37451512270340154	-15.14873200677504	0.37038208346018703						
PB.70308.21	Patient11	90	103	102	103	122	99	295	324	1367	2226	215801.02414045355	145552.56064690027	24.0	31.0	259541.9847328244	283564.11800120404	260829.56428435983	283440.7847834908	VTA1	810.0	640.0	0.36419753086419754	0.50625	283440.7847834908	63242.833317607605	-2.180298018023818	6.811896153267248	3.5480460502665294						
PB.70308.21	Patient12	182	155	143	196	174	177	480	547	1791	2004	268006.70016750414	272954.0918163673	14.0	20.0	259541.9847328244	283564.11800120404	260829.56428435983	283440.7847834908	VTA1	1046.0	1180.0	0.4588910133843212	0.4635593220338983	283440.7847834908	63242.833317607605	-0.16581630545328366	-16.445032845274792	0.1828096499841504						
PB.70308.21	Patient13	168	169	159	192	188	165	496	545	2218	2495	223624.88728584308	218436.87374749497	21.0	25.0	259541.9847328244	283564.11800120404	260829.56428435983	283440.7847834908	VTA1	1281.0	1283.0	0.3871975019516003	0.4247856586126267	283440.7847834908	63242.833317607605	-1.0278462811674494	-10.617646077301867	1.026022185540145						
PB.70308.21	Patient15	99	98	98	216	236	227	295	679	1376	2573	214389.53488372092	263894.28682471823	25.0	21.0	259541.9847328244	283564.11800120404	260829.56428435983	283440.7847834908	VTA1	613.0	1275.0	0.4812398042414356	0.5325490196078432	283440.7847834908	63242.833317607605	-0.3090705607797396	-15.562187809168577	0.3105557617558075						
PB.70308.21	Patient16	85	85	120	95	80	74	290	249	1395	1271	207885.3046594982	195908.73328088122	27.0	28.0	259541.9847328244	283564.11800120404	260829.56428435983	283440.7847834908	VTA1	641.0	567.0	0.45241809672386896	0.43915343915343913	283440.7847834908	63242.833317607605	-1.3840627769319052	-7.770782468560471	1.437958303304291						
PB.70308.21	Patient18	92	96	93	111	135	134	281	380	988	1387	284412.95546558703	273972.602739726	10.0	19.0	259541.9847328244	283564.11800120404	260829.56428435983	283440.7847834908	VTA1	483.0	699.0	0.5817805383022774	0.5436337625178826	283440.7847834908	63242.833317607605	-0.1497115411672857	-16.542444998705808	0.16871428405787112						
PB.70308.21	Patient20	201	210	221	145	176	166	632	487	1888	1738	334745.76271186443	280207.1346375144	4.0	17.0	259541.9847328244	283564.11800120404	260829.56428435983	283440.7847834908	VTA1	1110.0	862.0	0.5693693693693693	0.5649651972157773	283440.7847834908	63242.833317607605	-0.051130696971416485	-17.13094656673517	0.0835591503564346						
PB.70308.21	Patient21	88	113	107	119	116	129	308	364	1417	1328	217360.62103034582	274096.3855421687	22.0	18.0	259541.9847328244	283564.11800120404	260829.56428435983	283440.7847834908	VTA1	626.0	737.0	0.49201277955271566	0.49389416553595655	283440.7847834908	63242.833317607605	-0.14775427904050795	-16.554259112911982	0.16700480267422824						
PB.70308.21	Patient25	115	101	103	175	171	159	319	505	1372	1946	232507.2886297376	259506.68036998968	20.0	24.0	259541.9847328244	283564.11800120404	260829.56428435983	283440.7847834908	VTA1	664.0	856.0	0.48042168674698793	0.5899532710280374	283440.7847834908	63242.833317607605	-0.37844769372212134	-15.123677992818815	0.37400735486828907						
PB.70308.21	Patient26	81	100	102	101	96	98	283	295	1690	1469	167455.62130177516	200816.88223281145	30.0	27.0	259541.9847328244	283564.11800120404	260829.56428435983	283440.7847834908	VTA1	775.0	695.0	0.36516129032258066	0.4244604316546763	283440.7847834908	63242.833317607605	-1.306454790469924	-8.417962518168183	1.3443124973333926						
PB.70308.21	Patient28	131	144	132	82	79	94	407	255	1473	1202	276306.85675492196	212146.42262895175	13.0	26.0	259541.9847328244	283564.11800120404	260829.56428435983	283440.7847834908	VTA1	851.0	786.0	0.4782608695652174	0.3244274809160305	283440.7847834908	63242.833317607605	-1.127311323901262	-9.853403629179887	1.1366067130683597						
PB.70308.21	Patient5	106	116	123	128	134	120	345	382	1596	1993	216165.4135338346	191670.84796788762	23.0	29.0	259541.9847328244	283564.11800120404	260829.56428435983	283440.7847834908	VTA1	676.0	862.0	0.5103550295857988	0.4431554524361949	283440.7847834908	63242.833317607605	-1.4510725089549916	-7.198802212374741	1.5207228324680395						
PB.70308.21	Patient7	115	119	125	103	103	116	359	322	1726	1705	207995.36500579375	188856.30498533722	26.0	30.0	259541.9847328244	283564.11800120404	260829.56428435983	283440.7847834908	VTA1	856.0	889.0	0.41939252336448596	0.36220472440944884	283440.7847834908	63242.833317607605	-1.4955762548326574	-6.811896153267248	1.576707453381659						
PB.70308.21	Patient8	137	117	123	101	102	108	377	311	1359	1179	277409.86019131716	263782.866836302	12.0	22.0	259541.9847328244	283564.11800120404	260829.56428435983	283440.7847834908	VTA1	726.0	648.0	0.5192837465564738	0.4799382716049383	283440.7847834908	63242.833317607605	-0.31083234124673254	-15.55114267900646	0.3121539725113953						
PB.70308.26	Patient11	1	1	3	0	2	2	5	4	1367	2226	3657.6444769568398	1796.9451931716083	19.0	22.0	4206.098843322818	2927.4004683840753	4173.6359825870595	3414.373282954469	VTA1	810.0	640.0	0.006172839506172839	0.00625	3414.373282954469	2590.5810750233036	-0.6243495350819356	-125.30044770836103	0.20076316235962915						
PB.70308.26	Patient14	2	2	1	1	1	3	5	5	1161	1708	4306.632213608958	2927.4004683840753	13.0	16.0	4206.098843322818	2927.4004683840753	4173.6359825870595	3414.373282954469	VTA1	693.0	1194.0	0.007215007215007215	0.0041876046901172526	3414.373282954469	2590.5810750233036	-0.1879782181941605	-133.2435007127784	0.006512375748551006						
PB.70308.26	Patient15	2	4	0	2	0	2	6	4	1376	2573	4360.46511627907	1554.6055188495918	12.0	24.0	4206.098843322818	2927.4004683840753	4173.6359825870595	3414.373282954469	VTA1	613.0	1275.0	0.009787928221859706	0.003137254901960784	3414.373282954469	2590.5810750233036	-0.717895989450223	-122.87984737369209	0.2590756462487078						
PB.70308.26	Patient16	1	1	1	2	1	0	3	3	1395	1271	2150.537634408602	2360.3461841070025	26.0	19.0	4206.098843322818	2927.4004683840753	4173.6359825870595	3414.373282954469	VTA1	641.0	567.0	0.0046801872074883	0.005291005291005291	3414.373282954469	2590.5810750233036	-0.40686898742900174	-129.85789419853705	0.09097385876107646						
PB.70308.26	Patient17	3	1	1	1	1	0	5	2	975	1227	5128.205128205128	1629.9918500407498	9.0	23.0	4206.098843322818	2927.4004683840753	4173.6359825870595	3414.373282954469	VTA1	503.0	645.0	0.009940357852882704	0.0031007751937984496	3414.373282954469	2590.5810750233036	-0.6887958265879278	-123.67105819739487	0.24001530499813817						
PB.70308.26	Patient18	0	2	2	1	1	1	4	3	988	1387	4048.582995951417	2162.9416005767844	18.0	20.0	4206.098843322818	2927.4004683840753	4173.6359825870595	3414.373282954469	VTA1	483.0	699.0	0.008281573498964804	0.004291845493562232	3414.373282954469	2590.5810750233036	-0.4830698774275679	-128.39829875752847	0.12613564669416222						
PB.70308.26	Patient19	2	3	5	2	2	1	10	5	1229	1548	8136.696501220505	3229.9741602067184	3.0	14.0	4206.098843322818	2927.4004683840753	4173.6359825870595	3414.373282954469	VTA1	725.0	912.0	0.013793103448275862	0.005482456140350877	3414.373282954469	2590.5810750233036	-0.07118060288697649	-134.02866085930472	-0.021816491706047523						
PB.70308.26	Patient20	3	3	3	1	0	1	9	2	1888	1738	4766.949152542373	1150.7479861910242	11.0	27.0	4206.098843322818	2927.4004683840753	4173.6359825870595	3414.373282954469	VTA1	1110.0	862.0	0.008108108108108109	0.002320185614849188	3414.373282954469	2590.5810750233036	-0.8737905632785811	-117.85431858145428	0.38014109539958846						
PB.70308.26	Patient21	2	2	2	0	0	0	6	0	1417	1328	4234.297812279464	0.0	15.0	30.0	4206.098843322818	2927.4004683840753	4173.6359825870595	3414.373282954469	VTA1	626.0	737.0	0.009584664536741214	0.0	3414.373282954469	2590.5810750233036	-1.3179951462911674	0.0	3.2192624303469777	1.0	1.0	1.0	1.0	2.0	
PB.70308.26	Patient22	1	1	3	2	2	2	5	6	1221	2106	4095.0040950040952	2849.002849002849	17.0	17.0	4206.098843322818	2927.4004683840753	4173.6359825870595	3414.373282954469	VTA1	754.0	1319.0	0.006631299734748011	0.004548900682335102	3414.373282954469	2590.5810750233036	-0.21824077980131698	-133.00257910348253	0.01521811121800208						
PB.70308.26	Patient23	0	0	0	0	0	0	0	0	665	1159	0.0	0.0	31.0	30.0	4206.098843322818	2927.4004683840753	4173.6359825870595	3414.373282954469	VTA1	127.0	581.0	0.0	0.0	3414.373282954469	2590.5810750233036	-1.3179951462911674	0.0	3.2192624303469777	1.0	1.0	1.0	1.0	2.0	
PB.70308.26	Patient24	0	1	1	1	1	0	2	2	1059	1661	1888.5741265344666	1204.0939193257075	28.0	25.0	4206.098843322818	2927.4004683840753	4173.6359825870595	3414.373282954469	VTA1	548.0	804.0	0.0036496350364963502	0.0024875621890547263	3414.373282954469	2590.5810750233036	-0.8531982978409116	-118.61130974878189	0.3619051088070297						
PB.70308.26	Patient26	3	2	0	3	1	1	5	5	1690	1469	2958.5798816568044	3403.6759700476514	23.0	13.0	4206.098843322818	2927.4004683840753	4173.6359825870595	3414.373282954469	VTA1	775.0	695.0	0.0064516129032258064	0.007194244604316547	3414.373282954469	2590.5810750233036	-0.0041293102192222104	-134.89723608327907	-0.04274054844893149						
PB.70308.26	Patient28	0	1	7	0	0	0	8	0	1473	1202	5431.093007467753	0.0	7.0	30.0	4206.098843322818	2927.4004683840753	4173.6359825870595	3414.373282954469	VTA1	851.0	786.0	0.009400705052878966	0.0	3414.373282954469	2590.5810750233036	-1.3179951462911674	0.0	3.2192624303469777	1.0	1.0	1.0	1.0	2.0	
PB.70308.26	Patient29	0	1	1	1	2	2	2	5	1044	1857	1915.7088122605362	2692.5148088314486	27.0	18.0	4206.098843322818	2927.4004683840753	4173.6359825870595	3414.373282954469	VTA1	569.0	1270.0	0.0035149384885764497	0.003937007874015748	3414.373282954469	2590.5810750233036	-0.27864732012547677	-132.05839457260328	0.037963603093158674						
PB.70308.26	Patient30	1	1	0	0	0	1	2	1	1658	1808	1206.2726176115802	553.0973451327434	30.0	28.0	4206.098843322818	2927.4004683840753	4173.6359825870595	3414.373282954469	VTA1	705.0	1148.0	0.0028368794326241137	0.0008710801393728223	3414.373282954469	2590.5810750233036	-1.1044919479294761	-105.62094454095649	0.6748441971171891						
PB.70308.26	Patient31	0	1	2	1	3	2	3	6	966	1858	3105.590062111801	3229.2787944025836	22.0	15.0	4206.098843322818	2927.4004683840753	4173.6359825870595	3414.373282954469	VTA1	673.0	1178.0	0.004457652303120356	0.0050933786078098476	3414.373282954469	2590.5810750233036	-0.07144902367134763	-134.02509073010907	-0.021730486966553084						
PB.70308.26	Patient7	2	1	0	1	0	1	3	2	1726	1705	1738.1228273464658	1173.0205278592375	29.0	26.0	4206.098843322818	2927.4004683840753	4173.6359825870595	3414.373282954469	VTA1	856.0	889.0	0.0035046728971962616	0.0022497187851518562	3414.373282954469	2590.5810750233036	-0.865193055220273	-118.17454881698345	0.3724267196793834						
PB.70308.26	Patient9	4	9	3	0	1	2	16	3	1722	1493	9291.521486643438	2009.3770931011384	1.0	21.0	4206.098843322818	2927.4004683840753	4173.6359825870595	3414.373282954469	VTA1	1124.0	909.0	0.014234875444839857	0.0033003300330033004	3414.373282954469	2590.5810750233036	-0.5423478938371739	-127.16761336466672	0.1557829705897816						
PB.70308.41	Patient1	1	1	2	0	0	0	4	0	1902	1717	2103.049421661409	0.0	6.0	26.0	783.0853563038371	575.3739930955121	1048.6489098809243	897.904102148596	VTA1	1133.0	979.0	0.00353045013239188	0.0	897.904102148596	1190.0488140001473	-0.7545103121698375	0.0	1.8524976194803096						
PB.70308.41	Patient13	0	0	0	0	0	0	0	0	2218	2495	0.0	0.0	27.0	26.0	783.0853563038371	575.3739930955121	1048.6489098809243	897.904102148596	VTA1	1281.0	1283.0	0.0	0.0	897.904102148596	1190.0488140001473	-0.7545103121698375	0.0	1.8524976194803096						
PB.70308.41	Patient14	0	0	0	0	1	0	0	1	1161	1708	0.0	585.4800936768149	27.0	15.0	783.0853563038371	575.3739930955121	1048.6489098809243	897.904102148596	VTA1	693.0	1194.0	0.0	0.0008375209380234506	897.904102148596	1190.0488140001473	-0.262530414547972	-84.0992361483614	-0.005405467191388781						
PB.70308.41	Patient15	2	3	0	1	0	0	5	1	1376	2573	3633.720930232558	388.65137971239795	1.0	20.0	783.0853563038371	575.3739930955121	1048.6489098809243	897.904102148596	VTA1	613.0	1275.0	0.008156606851549755	0.000784313725490196	897.904102148596	1190.0488140001473	-0.42792591063927155	-79.05451248674257	0.10996463004041686						
PB.70308.41	Patient16	0	1	0	0	0	0	1	0	1395	1271	716.8458781362007	0.0	19.0	26.0	783.0853563038371	575.3739930955121	1048.6489098809243	897.904102148596	VTA1	641.0	567.0	0.0015600624024961	0.0	897.904102148596	1190.0488140001473	-0.7545103121698375	0.0	1.8524976194803096	1.0	1.0	1.0	1.0	2.0	
PB.70308.41	Patient18	0	1	0	0	0	0	1	0	988	1387	1012.1457489878543	0.0	12.0	26.0	783.0853563038371	575.3739930955121	1048.6489098809243	897.904102148596	VTA1	483.0	699.0	0.002070393374741201	0.0	897.904102148596	1190.0488140001473	-0.7545103121698375	0.0	1.8524976194803096					2.0	
PB.70308.41	Patient19	0	0	1	0	1	0	1	1	1229	1548	813.6696501220504	645.9948320413437	15.0	12.0	783.0853563038371	575.3739930955121	1048.6489098809243	897.904102148596	VTA1	725.0	912.0	0.001379310344827586	0.0010964912280701754	897.904102148596	1190.0488140001473	-0.21167977913485925	-85.39486369016988	-0.03396390949418347						
PB.70308.41	Patient2	1	0	0	0	0	0	1	0	1277	1085	783.0853563038371	0.0	16.0	26.0	783.0853563038371	575.3739930955121	1048.6489098809243	897.904102148596	VTA1	1009.0	937.0	0.0009910802775024777	0.0	897.904102148596	1190.0488140001473	-0.7545103121698375	0.0	1.8524976194803096						
PB.70308.41	Patient20	1	2	2	1	0	0	5	1	1888	1738	2648.3050847457625	575.3739930955121	3.0	16.0	783.0853563038371	575.3739930955121	1048.6489098809243	897.904102148596	VTA1	1110.0	862.0	0.0045045045045045045	0.001160092807424594	897.904102148596	1190.0488140001473	-0.2710225876944944	-83.98744809621098	-0.0017093903470088792						
PB.70308.41	Patient22	1	0	1	0	1	0	2	1	1221	2106	1638.0016380016382	474.8338081671415	8.0	19.0	783.0853563038371	575.3739930955121	1048.6489098809243	897.904102148596	VTA1	754.0	1319.0	0.002652519893899204	0.000758150113722517	897.904102148596	1190.0488140001473	-0.35550667250310136	-81.70257695521444	0.05159554332636398						
PB.70308.41	Patient23	0	0	1	0	0	0	1	0	665	1159	1503.7593984962407	0.0	9.0	26.0	783.0853563038371	575.3739930955121	1048.6489098809243	897.904102148596	VTA1	127.0	581.0	0.007874015748031496	0.0	897.904102148596	1190.0488140001473	-0.7545103121698375	0.0	1.8524976194803096						
PB.70308.41	Patient24	0	1	0	0	1	0	1	1	1059	1661	944.2870632672333	602.0469596628537	14.0	13.0	783.0853563038371	575.3739930955121	1048.6489098809243	897.904102148596	VTA1	548.0	804.0	0.0018248175182481751	0.0012437810945273632	897.904102148596	1190.0488140001473	-0.2486092494737831	-84.46676772144303	-0.01350666054025535						
PB.70308.41	Patient26	0	1	1	0	0	0	2	0	1690	1469	1183.4319526627219	0.0	11.0	26.0	783.0853563038371	575.3739930955121	1048.6489098809243	897.904102148596	VTA1	775.0	695.0	0.0025806451612903226	0.0	897.904102148596	1190.0488140001473	-0.7545103121698375	0.0	1.8524976194803096					2.0	
PB.70308.41	Patient28	0	0	0	0	0	0	0	0	1473	1202	0.0	0.0	27.0	26.0	783.0853563038371	575.3739930955121	1048.6489098809243	897.904102148596	VTA1	851.0	786.0	0.0	0.0	897.904102148596	1190.0488140001473	-0.7545103121698375	0.0	1.8524976194803096						
PB.70308.41	Patient3	1	2	1	0	0	0	4	0	1987	2019	2013.0850528434826	0.0	7.0	26.0	783.0853563038371	575.3739930955121	1048.6489098809243	897.904102148596	VTA1	999.0	1000.0	0.004004004004004004	0.0	897.904102148596	1190.0488140001473	-0.7545103121698375	0.0	1.8524976194803096					2.0	
PB.70308.41	Patient30	1	1	0	0	1	0	2	1	1658	1808	1206.2726176115802	553.0973451327434	10.0	17.0	783.0853563038371	575.3739930955121	1048.6489098809243	897.904102148596	VTA1	705.0	1148.0	0.0028368794326241137	0.0008710801393728223	897.904102148596	1190.0488140001473	-0.28974169207130523	-83.72055822234326	0.007114857538397347						
PB.70308.41	Patient31	0	0	0	0	0	1	0	1	966	1858	0.0	538.2131324004305	27.0	18.0	783.0853563038371	575.3739930955121	1048.6489098809243	897.904102148596	VTA1	673.0	1178.0	0.0	0.0008488964346349745	897.904102148596	1190.0488140001473	-0.30224892081453814	-83.35969965185454	0.015068963430887164						
PB.70308.41	Patient4	2	1	1	0	0	0	4	0	1554	1450	2574.002574002574	0.0	4.0	26.0	783.0853563038371	575.3739930955121	1048.6489098809243	897.904102148596	VTA1	920.0	891.0	0.004347826086956522	0.0	897.904102148596	1190.0488140001473	-0.7545103121698375	0.0	1.8524976194803096					2.0	
PB.70308.41	Patient7	0	0	0	1	0	0	0	1	1726	1705	0.0	586.5102639296188	27.0	14.0	783.0853563038371	575.3739930955121	1048.6489098809243	897.904102148596	VTA1	856.0	889.0	0.0	0.0011248593925759281	897.904102148596	1190.0488140001473	-0.26166476076916517	-84.12239116632584	-0.005915854029595887						
PB.70308.41	Patient8	0	0	1	0	0	0	1	0	1359	1179	735.8351729212657	0.0	17.0	26.0	783.0853563038371	575.3739930955121	1048.6489098809243	897.904102148596	VTA1	726.0	648.0	0.0013774104683195593	0.0	897.904102148596	1190.0488140001473	-0.7545103121698375	0.0	1.8524976194803096					2.0	
PB.70308.42	Patient10	2	4	4	3	6	5	10	14	1394	2180	7173.601147776184	6422.018348623854	24.0	26.0	10647.010647010646	12436.844150796735	9958.494907074535	12753.648649879153	VTA1	741.0	1255.0	0.01349527665317139	0.011155378486055778	12753.648649879153	6309.365575938769	-1.0035288374161482	-18.458190182823905	1.086759101570563						
PB.70308.42	Patient11	1	3	2	4	8	2	6	14	1367	2226	4389.1733723482075	6289.30817610063	29.0	27.0	10647.010647010646	12436.844150796735	9958.494907074535	12753.648649879153	VTA1	810.0	640.0	0.007407407407407408	0.021875	12753.648649879153	6309.365575938769	-1.024562675276063	-18.04808617143803	1.1208174403747369						
PB.70308.42	Patient12	5	3	6	4	4	6	14	14	1791	2004	7816.8620882188725	6986.027944111776	21.0	24.0	10647.010647010646	12436.844150796735	9958.494907074535	12753.648649879153	VTA1	1046.0	1180.0	0.01338432122370937	0.011864406779661017	12753.648649879153	6309.365575938769	-0.9141363955454765	-20.111467555281596	0.9494576382218982						
PB.70308.42	Patient13	4	5	4	8	2	2	13	12	2218	2495	5861.1361587015335	4809.619238476954	27.0	30.0	10647.010647010646	12436.844150796735	9958.494907074535	12753.648649879153	VTA1	1281.0	1283.0	0.01014832162373146	0.009353078721745909	12753.648649879153	6309.365575938769	-1.2590852940424535	-12.780198563455842	1.5583052384790816						
PB.70308.42	Patient15	5	5	5	10	14	8	15	32	1376	2573	10901.162790697676	12436.844150796735	14.0	16.0	10647.010647010646	12436.844150796735	9958.494907074535	12753.648649879153	VTA1	613.0	1275.0	0.024469820554649267	0.025098039215686273	12753.648649879153	6309.365575938769	-0.05021178362061878	-31.386273871850523	-0.011078485873725919						
PB.70308.42	Patient16	8	6	6	7	3	2	20	12	1395	1271	14336.917562724015	9441.38473642801	4.0	20.0	10647.010647010646	12436.844150796735	9958.494907074535	12753.648649879153	VTA1	641.0	567.0	0.031201248049921998	0.021164021164021163	12753.648649879153	6309.365575938769	-0.5249757481295275	-26.026959205264276	0.4581875866866015						
PB.70308.42	Patient17	6	3	3	0	3	7	12	10	975	1227	12307.692307692309	8149.9592502037485	9.0	22.0	10647.010647010646	12436.844150796735	9958.494907074535	12753.648649879153	VTA1	503.0	645.0	0.02385685884691849	0.015503875968992248	12753.648649879153	6309.365575938769	-0.7296596376079257	-23.138035752961294	0.6981070485454597						
PB.70308.42	Patient20	9	7	12	10	7	5	28	22	1888	1738	14830.508474576272	12658.227848101265	3.0	15.0	10647.010647010646	12436.844150796735	9958.494907074535	12753.648649879153	VTA1	1110.0	862.0	0.025225225225225224	0.025522041763341066	12753.648649879153	6309.365575938769	-0.015123676165125326	-31.70192124534827	-0.05039933457588065						
PB.70308.42	Patient22	3	5	5	6	5	5	13	16	1221	2106	10647.010647010646	7597.340930674264	16.0	23.0	10647.010647010646	12436.844150796735	9958.494907074535	12753.648649879153	VTA1	754.0	1319.0	0.017241379310344827	0.012130401819560273	12753.648649879153	6309.365575938769	-0.8172466244258929	-21.75899983971155	0.8126332932360781						
PB.70308.42	Patient24	4	6	2	6	4	10	12	20	1059	1661	11331.444759206799	12040.939193257074	11.0	17.0	10647.010647010646	12436.844150796735	9958.494907074535	12753.648649879153	VTA1	548.0	804.0	0.021897810218978103	0.024875621890547265	12753.648649879153	6309.365575938769	-0.112960558085277	-30.803829487317113	0.06147782044960657						
PB.70308.42	Patient25	6	7	11	11	2	9	24	22	1372	1946	17492.71137026239	11305.24152106886	1.0	18.0	10647.010647010646	12436.844150796735	9958.494907074535	12753.648649879153	VTA1	664.0	856.0	0.03614457831325301	0.02570093457943925	12753.648649879153	6309.365575938769	-0.22956462284162144	-29.565536651660786	0.16431562687106502						
PB.70308.42	Patient3	4	5	0	6	4	11	9	21	1987	2019	4529.441368897837	10401.188707280831	28.0	19.0	10647.010647010646	12436.844150796735	9958.494907074535	12753.648649879153	VTA1	999.0	1000.0	0.009009009009009009	0.021	12753.648649879153	6309.365575938769	-0.3728520584652126	-27.92853216283237	0.30026565895210144						
PB.70308.42	Patient5	6	3	3	3	0	2	12	5	1596	1993	7518.796992481202	2508.7807325639737	22.0	31.0	10647.010647010646	12436.844150796735	9958.494907074535	12753.648649879153	VTA1	676.0	862.0	0.01775147928994083	0.00580046403712297	12753.648649879153	6309.365575938769	-1.6237556366023136	12.780198563455844	3.681046399619478	1.0	1.0	1.0	1.0	1.0	
PB.70308.42	Patient6	3	6	3	4	9	3	12	16	1602	1714	7490.63670411985	9334.889148191365	23.0	21.0	10647.010647010646	12436.844150796735	9958.494907074535	12753.648649879153	VTA1	866.0	1080.0	0.013856812933025405	0.014814814814814815	12753.648649879153	6309.365575938769	-0.5418547174894223	-25.804159899320652	0.476690634782912						
PB.70308.42	Patient7	1	3	3	4	1	5	7	10	1726	1705	4055.6199304750867	5865.102639296188	30.0	29.0	10647.010647010646	12436.844150796735	9958.494907074535	12753.648649879153	VTA1	856.0	889.0	0.008177570093457943	0.01124859392575928	12753.648649879153	6309.365575938769	-1.0917969370570226	-16.676634310496592	1.234713844303369						
PB.70308.42	Patient8	8	4	5	3	1	3	17	7	1359	1179	12509.197939661517	5937.234944868533	8.0	28.0	10647.010647010646	12436.844150796735	9958.494907074535	12753.648649879153	VTA1	726.0	648.0	0.023415977961432508	0.010802469135802469	12753.648649879153	6309.365575938769	-1.0803643604050328	-16.91669819442523	1.214777006656116						
PB.70308.42	Patient9	9	1	9	5	2	3	19	10	1722	1493	11033.681765389081	6697.923643670462	12.0	25.0	10647.010647010646	12436.844150796735	9958.494907074535	12753.648649879153	VTA1	1124.0	909.0	0.016903914590747332	0.011001100110011002	12753.648649879153	6309.365575938769	-0.9597993543602299	-19.28434067299582	1.0181489136272066						
PB.70308.51	Patient1	1	4	2	2	4	2	7	8	1902	1717	3680.336487907466	4659.289458357601	22.0	15.0	5128.205128205128	4624.871531346352	6192.791052583932	5630.091678763911	VTA1	1133.0	979.0	0.00617828773168579	0.008171603677221655	5630.091678763911	4349.700965422429	-0.22318826699205715	-20.06167575688735	-0.01506422233886419						
PB.70308.51	Patient10	4	4	5	0	4	3	13	7	1394	2180	9325.681492109039	3211.009174311927	6.0	22.0	5128.205128205128	4624.871531346352	6192.791052583932	5630.091678763911	VTA1	741.0	1255.0	0.017543859649122806	0.005577689243027889	5630.091678763911	4349.700965422429	-0.5561491522479983	-13.535527038402643	0.6077489323540174						
PB.70308.51	Patient11	6	3	4	1	3	3	13	7	1367	2226	9509.875640087785	3144.654088050315	5.0	23.0	5128.205128205128	4624.871531346352	6192.791052583932	5630.091678763911	VTA1	810.0	640.0	0.016049382716049384	0.0109375	5630.091678763911	4349.700965422429	-0.5714042437563792	-13.16867894644076	0.6422324298930184						
PB.70308.51	Patient12	7	1	4	2	6	3	12	11	1791	2004	6700.167504187605	5489.021956087825	11.0	11.0	5128.205128205128	4624.871531346352	6192.791052583932	5630.091678763911	VTA1	1046.0	1180.0	0.011472275334608031	0.009322033898305085	5630.091678763911	4349.700965422429	-0.03243205080016013	-22.939139495325016	-0.28554406376949665						
PB.70308.51	Patient15	0	2	3	4	7	2	5	13	1376	2573	3633.720930232558	5052.467936261173	24.0	13.0	5128.205128205128	4624.871531346352	6192.791052583932	5630.091678763911	VTA1	613.0	1275.0	0.008156606851549755	0.01019607843137255	5630.091678763911	4349.700965422429	-0.13279619612808038	-21.48407265921573	-0.14876866610088849						
PB.70308.51	Patient18	2	0	0	1	2	1	2	4	988	1387	2024.2914979757086	2883.922134102379	28.0	26.0	5128.205128205128	4624.871531346352	6192.791052583932	5630.091678763911	VTA1	483.0	699.0	0.004140786749482402	0.005722460658082976	5630.091678763911	4349.700965422429	-0.6313467446364631	-11.648131173801628	0.785162995771996						
PB.70308.51	Patient2	3	2	1	2	1	0	6	3	1277	1085	4698.512137823023	2764.9769585253457	19.0	27.0	5128.205128205128	4624.871531346352	6192.791052583932	5630.091678763911	VTA1	1009.0	937.0	0.005946481665014866	0.0032017075773745998	5630.091678763911	4349.700965422429	-0.6586923429942761	-10.908206979051318	0.854715420080014						
PB.70308.51	Patient20	3	7	4	3	3	2	14	8	1888	1738	7415.254237288136	4602.991944764097	9.0	17.0	5128.205128205128	4624.871531346352	6192.791052583932	5630.091678763911	VTA1	1110.0	862.0	0.012612612612612612	0.009280742459396751	5630.091678763911	4349.700965422429	-0.236131113877633	-19.862543741874156	0.013013210119299014						
PB.70308.51	Patient21	3	1	3	1	2	2	7	5	1417	1328	4940.014114326042	3765.0602409638554	17.0	19.0	5128.205128205128	4624.871531346352	6192.791052583932	5630.091678763911	VTA1	626.0	737.0	0.011182108626198083	0.0067842605156037995	5630.091678763911	4349.700965422429	-0.4287723346101171	-16.33208248873377	0.3448744207995355						
PB.70308.51	Patient22	0	2	3	1	2	2	5	5	1221	2106	4095.0040950040952	2374.1690408357076	21.0	28.0	5128.205128205128	4624.871531346352	6192.791052583932	5630.091678763911	VTA1	754.0	1319.0	0.006631299734748011	0.0037907505686125853	5630.091678763911	4349.700965422429	-0.7485394200224056	-8.231284318659501	1.1063445221370827						
PB.70308.51	Patient24	2	0	0	1	1	3	2	5	1059	1661	1888.5741265344666	3010.2347983142686	29.0	25.0	5128.205128205128	4624.871531346352	6192.791052583932	5630.091678763911	VTA1	548.0	804.0	0.0036496350364963502	0.006218905472636816	5630.091678763911	4349.700965422429	-0.6023073542930807	-12.401205965967117	0.7143744233047289						
PB.70308.51	Patient25	2	5	2	3	3	3	9	9	1372	1946	6559.766763848396	4624.871531346352	12.0	16.0	5128.205128205128	4624.871531346352	6192.791052583932	5630.091678763911	VTA1	664.0	856.0	0.01355421686746988	0.010514018691588784	5630.091678763911	4349.700965422429	-0.2311009780691752	-19.940290329280256	0.002051012219564843						
PB.70308.51	Patient26	8	10	6	3	2	3	24	8	1690	1469	14201.183431952662	5445.881552076242	2.0	12.0	5128.205128205128	4624.871531346352	6192.791052583932	5630.091678763911	VTA1	775.0	695.0	0.03096774193548387	0.011510791366906475	5630.091678763911	4349.700965422429	-0.042350066855637046	-22.80060017581394	-0.2725214519906914						
PB.70308.51	Patient27	1	2	2	1	3	3	5	7	917	1439	5452.562704471102	4864.489228630994	14.0	14.0	5128.205128205128	4624.871531346352	6192.791052583932	5630.091678763911	VTA1	476.0	847.0	0.01050420168067227	0.008264462809917356	5630.091678763911	4349.700965422429	-0.17601266298971052	-20.818377166459516	-0.08619369463676484						
PB.70308.51	Patient3	4	4	3	1	1	1	11	3	1987	2019	5535.983895319578	1485.8841010401188	13.0	31.0	5128.205128205128	4624.871531346352	6192.791052583932	5630.091678763911	VTA1	999.0	1000.0	0.011011011011011011	0.003	5630.091678763911	4349.700965422429	-0.9527568930985855	2.326535456074896	2.098773160029792	1.0	1.0	1.0	1.0	1.0	
PB.70308.51	Patient4	3	4	4	3	1	1	11	5	1554	1450	7078.507078507078	3448.2758620689656	10.0	21.0	5128.205128205128	4624.871531346352	6192.791052583932	5630.091678763911	VTA1	920.0	891.0	0.011956521739130435	0.005611672278338945	5630.091678763911	4349.700965422429	-0.5016013362847471	-14.7879652559039	0.4900205016022417						
PB.70308.51	Patient5	0	2	0	2	1	3	2	6	1596	1993	1253.1328320802004	3010.536879076769	30.0	24.0	5128.205128205128	4624.871531346352	6192.791052583932	5630.091678763911	VTA1	676.0	862.0	0.0029585798816568047	0.0069605568445475635	5630.091678763911	4349.700965422429	-0.602237905665485	-12.402968836699602	0.7142087145279976						
PB.70308.51	Patient6	3	3	1	2	2	2	7	6	1602	1714	4369.5380774032465	3500.583430571762	20.0	20.0	5128.205128205128	4624.871531346352	6192.791052583932	5630.091678763911	VTA1	866.0	1080.0	0.008083140877598153	0.005555555555555556	5630.091678763911	4349.700965422429	-0.4895757812135799	-15.052466690272091	0.4651575276330451						
PB.70308.51	Patient7	3	2	1	1	0	3	6	4	1726	1705	3476.2456546929316	2346.041055718475	25.0	29.0	5128.205128205128	4624.871531346352	6192.791052583932	5630.091678763911	VTA1	856.0	889.0	0.007009345794392523	0.0044994375703037125	5630.091678763911	4349.700965422429	-0.7550060680381735	-8.021925021171578	1.1260241687752393						
PB.70308.51	Patient8	2	2	1	1	0	1	5	2	1359	1179	3679.175864606328	1696.3528413910094	23.0	30.0	5128.205128205128	4624.871531346352	6192.791052583932	5630.091678763911	VTA1	726.0	648.0	0.006887052341597796	0.0030864197530864196	5630.091678763911	4349.700965422429	-0.9043699483352573	-2.3265354560748976	1.6613873241383874						
PB.70308.51	Patient9	1	1	2	1	2	3	4	6	1722	1493	2322.8803716608595	4018.7541862022767	27.0	18.0	5128.205128205128	4624.871531346352	6192.791052583932	5630.091678763911	VTA1	1124.0	909.0	0.0035587188612099642	0.006600660066006601	5630.091678763911	4349.700965422429	-0.3704478779968604	-17.47773687742639	0.2371836050132219						
PB.70308.52	Patient1	2	1	1	0	0	0	4	0	1902	1717	2103.049421661409	0.0	7.0	22.5	603.1363088057901	0.0	1229.2982672147905	741.9069884850197	VTA1	1133.0	979.0	0.00353045013239188	0.0	741.9069884850197	1536.8183741498788	-0.4827551524398061	0.0	0.0						
PB.70308.52	Patient14	0	0	2	0	0	0	2	0	1161	1708	1722.652885443583	0.0	8.0	22.5	603.1363088057901	0.0	1229.2982672147905	741.9069884850197	VTA1	693.0	1194.0	0.002886002886002886	0.0	741.9069884850197	1536.8183741498788	-0.4827551524398061	0.0	0.0						
PB.70308.52	Patient15	0	0	1	0	0	0	1	0	1376	2573	726.7441860465116	0.0	15.0	22.5	603.1363088057901	0.0	1229.2982672147905	741.9069884850197	VTA1	613.0	1275.0	0.0016313213703099511	0.0	741.9069884850197	1536.8183741498788	-0.4827551524398061	0.0	0.0						
PB.70308.52	Patient16	0	0	0	0	0	0	0	0	1395	1271	0.0	0.0	24.5	22.5	603.1363088057901	0.0	1229.2982672147905	741.9069884850197	VTA1	641.0	567.0	0.0	0.0	741.9069884850197	1536.8183741498788	-0.4827551524398061	0.0	0.0						
PB.70308.52	Patient17	1	0	0	0	0	0	1	0	975	1227	1025.6410256410256	0.0	12.0	22.5	603.1363088057901	0.0	1229.2982672147905	741.9069884850197	VTA1	503.0	645.0	0.0019880715705765406	0.0	741.9069884850197	1536.8183741498788	-0.4827551524398061	0.0	0.0						
PB.70308.52	Patient18	0	0	0	0	1	0	0	1	988	1387	0.0	720.9805335255948	24.5	9.0	603.1363088057901	0.0	1229.2982672147905	741.9069884850197	VTA1	483.0	699.0	0.0	0.001430615164520744	741.9069884850197	1536.8183741498788	-0.013616739174530532	-9.495816128598118	-1.820024761828804						
PB.70308.52	Patient19	1	2	2	0	0	0	5	0	1229	1548	4068.3482506102523	0.0	4.0	22.5	603.1363088057901	0.0	1229.2982672147905	741.9069884850197	VTA1	725.0	912.0	0.006896551724137931	0.0	741.9069884850197	1536.8183741498788	-0.4827551524398061	0.0	0.0						
PB.70308.52	Patient2	0	1	0	0	0	0	1	0	1277	1085	783.0853563038371	0.0	14.0	22.5	603.1363088057901	0.0	1229.2982672147905	741.9069884850197	VTA1	1009.0	937.0	0.0009910802775024777	0.0	741.9069884850197	1536.8183741498788	-0.4827551524398061	0.0	0.0						
PB.70308.52	Patient20	2	5	3	0	0	0	10	0	1888	1738	5296.610169491525	0.0	2.0	22.5	603.1363088057901	0.0	1229.2982672147905	741.9069884850197	VTA1	1110.0	862.0	0.009009009009009009	0.0	741.9069884850197	1536.8183741498788	-0.4827551524398061	0.0	0.0						
PB.70308.52	Patient21	1	1	0	0	0	0	2	0	1417	1328	1411.4326040931546	0.0	10.0	22.5	603.1363088057901	0.0	1229.2982672147905	741.9069884850197	VTA1	626.0	737.0	0.003194888178913738	0.0	741.9069884850197	1536.8183741498788	-0.4827551524398061	0.0	0.0						
PB.70308.52	Patient22	1	0	0	0	0	0	1	0	1221	2106	819.0008190008191	0.0	13.0	22.5	603.1363088057901	0.0	1229.2982672147905	741.9069884850197	VTA1	754.0	1319.0	0.001326259946949602	0.0	741.9069884850197	1536.8183741498788	-0.4827551524398061	0.0	0.0						
PB.70308.52	Patient23	0	0	0	0	0	0	0	0	665	1159	0.0	0.0	24.5	22.5	603.1363088057901	0.0	1229.2982672147905	741.9069884850197	VTA1	127.0	581.0	0.0	0.0	741.9069884850197	1536.8183741498788	-0.4827551524398061	0.0	0.0						
PB.70308.52	Patient24	0	0	0	0	1	0	0	1	1059	1661	0.0	602.0469596628537	24.5	10.0	603.1363088057901	0.0	1229.2982672147905	741.9069884850197	VTA1	548.0	804.0	0.0	0.0012437810945273632	741.9069884850197	1536.8183741498788	-0.09100621854520206	-9.2361265398849	-1.7702511062054853						
PB.70308.52	Patient25	1	0	1	1	0	0	2	1	1372	1946	1457.725947521866	513.874614594039	9.0	13.0	603.1363088057901	0.0	1229.2982672147905	741.9069884850197	VTA1	664.0	856.0	0.0030120481927710845	0.0011682242990654205	741.9069884850197	1536.8183741498788	-0.14837952078567598	-9.008077330948904	-1.7265418345053962						
PB.70308.52	Patient26	0	0	0	0	0	0	0	0	1690	1469	0.0	0.0	24.5	22.5	603.1363088057901	0.0	1229.2982672147905	741.9069884850197	VTA1	775.0	695.0	0.0	0.0	741.9069884850197	1536.8183741498788	-0.4827551524398061	0.0	0.0						
PB.70308.52	Patient27	0	1	1	0	0	0	2	0	917	1439	2181.0250817884407	0.0	6.0	22.5	603.1363088057901	0.0	1229.2982672147905	741.9069884850197	VTA1	476.0	847.0	0.004201680672268907	0.0	741.9069884850197	1536.8183741498788	-0.4827551524398061	0.0	0.0						
PB.70308.52	Patient28	4	3	1	0	0	0	8	0	1473	1202	5431.093007467753	0.0	1.0	22.5	603.1363088057901	0.0	1229.2982672147905	741.9069884850197	VTA1	851.0	786.0	0.009400705052878966	0.0	741.9069884850197	1536.8183741498788	-0.4827551524398061	0.0	0.0						
PB.70308.52	Patient29	1	3	0	0	1	0	4	1	1044	1857	3831.4176245210724	538.5029617662897	5.0	12.0	603.1363088057901	0.0	1229.2982672147905	741.9069884850197	VTA1	569.0	1270.0	0.007029876977152899	0.0007874015748031496	741.9069884850197	1536.8183741498788	-0.13235397893472414	-9.075487069624828	-1.7394619871196721						
PB.70308.52	Patient3	5	1	4	0	0	0	10	0	1987	2019	5032.712632108706	0.0	3.0	22.5	603.1363088057901	0.0	1229.2982672147905	741.9069884850197	VTA1	999.0	1000.0	0.01001001001001001	0.0	741.9069884850197	1536.8183741498788	-0.4827551524398061	0.0	0.0						
PB.70308.52	Patient30	0	0	1	0	0	0	1	0	1658	1808	603.1363088057901	0.0	16.0	22.5	603.1363088057901	0.0	1229.2982672147905	741.9069884850197	VTA1	705.0	1148.0	0.0014184397163120568	0.0	741.9069884850197	1536.8183741498788	-0.4827551524398061	0.0	0.0						
PB.70308.52	Patient31	1	0	0	0	0	0	1	0	966	1858	1035.1966873706006	0.0	11.0	22.5	603.1363088057901	0.0	1229.2982672147905	741.9069884850197	VTA1	673.0	1178.0	0.0014858841010401188	0.0	741.9069884850197	1536.8183741498788	-0.4827551524398061	0.0	0.0						
PB.70308.52	Patient4	0	0	0	0	0	0	0	0	1554	1450	0.0	0.0	24.5	22.5	603.1363088057901	0.0	1229.2982672147905	741.9069884850197	VTA1	920.0	891.0	0.0	0.0	741.9069884850197	1536.8183741498788	-0.4827551524398061	0.0	0.0						
PB.70308.52	Patient7	1	0	0	0	1	0	1	1	1726	1705	579.3742757821552	586.5102639296188	17.0	11.0	603.1363088057901	0.0	1229.2982672147905	741.9069884850197	VTA1	856.0	889.0	0.0011682242990654205	0.0011248593925759281	741.9069884850197	1536.8183741498788	-0.10111586845215961	-9.198470245862598	-1.763033676273066						
