associated_gene	Cyclo_TPM_median	Cyclo_TPM_Q1	Cyclo_TPM_Q3	Cyclo_TPM_min	Cyclo_TPM_max	Noncyclo_TPM_median	Noncyclo_TPM_Q1	Noncyclo_TPM_Q3	Noncyclo_TPM_min	Noncyclo_TPM_max
DND1_HARS1	0.0	0.0	0.0	0.0	0.0	0.0	0.0	194.32568985619898	0.0	5529.9539170506905
HARS1	0.0	0.0	0.0	0.0	0.0	350427.35042735044	289680.52197358035	397049.9613532055	65437.78801843317	509047.9937057435
SRSF6	0.0	0.0	0.0	0.0	0.0	67276.64155005381	28516.420295775264	137049.49431908925	1742.1602787456445	221804.51127819548
VTA1	0.0	0.0	0.0	0.0	0.0	554969.8795180722	495958.3810589282	620394.2757965747	423558.8972431078	863594.470046083
novelGene_SRSF6_AS	0.0	0.0	0.0	0.0	0.0	4385.964912280701	2604.6745165549255	7969.564117426657	0.0	17699.115044247785
