associated_gene	Cyclo_TPM_median	Cyclo_TPM_Q1	Cyclo_TPM_Q3	Cyclo_TPM_min	Cyclo_TPM_max	Noncyclo_TPM_median	Noncyclo_TPM_Q1	Noncyclo_TPM_Q3	Noncyclo_TPM_min	Noncyclo_TPM_max
DND1_HARS1	3584.2293906810037	0.0	5650.925650925651	0.0	25058.731401722787	388.65137971239795	0.0	3600.4314220004617	0.0	12726.054922973877
HARS1	310319.7674418605	264507.8733739771	351923.7500489657	113547.37666405638	744360.9022556391	347138.5542168675	255062.68664747506	381613.514363125	65437.78801843317	509047.9937057435
SRSF6	126769.62676962678	59320.33644148904	194850.36990267015	1742.1602787456445	395266.2721893491	67276.64155005381	28516.420295775264	147764.04768810392	4688.546550569323	514375.5615453728
VTA1	534216.3355408389	486415.70566919656	590965.5441795392	190977.44360902256	790133.1245105717	554969.8795180722	495751.4455908194	620394.2757965747	287511.2309074573	863594.470046083
novelGene_SRSF6_AS	4360.46511627907	1813.3484769404663	7561.472677751748	0.0	22900.763358778626	4308.023694130317	2604.6745165549255	7969.564117426657	0.0	17699.115044247785
