Isoform	Sample	cyclo_count	noncyclo_count	total_cyclo	total_noncyclo	Cyclo_TPM	Noncyclo_TPM	Cyclo_TPM_Rank	Noncyclo_TPM_Rank	Cyclo_TPM_Median	Noncyclo_TPM_Median	Cyclo_TPM_Mean	Noncyclo_TPM_Mean	associated_gene	gene_cyclo_count	gene_noncyclo_count	isoform_cyclo_proportion	isoform_noncyclo_proportion	Avg_Cyclo_TPM	SD_Cyclo_TPM	Cyclo_TPM_Z_Score	test_statistic	z_score_of_test_stat	rank_top_99_9_percentile	rank_top_99_5_percentile	rank_top_99_percentile	rank_top_98_percentile	rank_top_95_percentile	Phenotypes
PB.161541.3	Patient14	5	6	1161	1708	4306.632213608958	3512.88056206089	10.0	14.0	2822.8652081863092	3392.705682782019	3374.349287623454	4320.504916696668	novelGene_SRSF6_AS	9.0	6.0	0.5555555555555556	1.0	3374.349287623454	3238.513568117495	0.28787371316385374	-19.41027327889417	0.2204501736380234						
PB.161541.3	Patient17	6	8	975	1227	6153.846153846154	6519.967400162999	4.0	7.0	2822.8652081863092	3392.705682782019	3374.349287623454	4320.504916696668	novelGene_SRSF6_AS	9.0	14.0	0.6666666666666666	0.5714285714285714	3374.349287623454	3238.513568117495	0.8582631530669748	-13.595866255458446	0.358534854347663						
PB.161541.3	Patient18	9	10	988	1387	9109.311740890687	7209.805335255947	3.0	6.0	2822.8652081863092	3392.705682782019	3374.349287623454	4320.504916696668	novelGene_SRSF6_AS	21.0	12.0	0.42857142857142855	0.8333333333333334	3374.349287623454	3238.513568117495	1.7708625678542056	-7.2060366345028015	0.5102850808870644						
PB.161541.3	Patient19	6	21	1229	1548	4882.017900732303	13565.891472868218	7.0	2.0	2822.8652081863092	3392.705682782019	3374.349287623454	4320.504916696668	novelGene_SRSF6_AS	6.0	22.0	1.0	0.9545454545454546	3374.349287623454	3238.513568117495	0.46554339866028005	-17.36745737390942	0.2689644212390988						
PB.161541.3	Patient22	5	5	1221	2106	4095.0040950040952	2374.1690408357076	11.0	19.0	2822.8652081863092	3392.705682782019	3374.349287623454	4320.504916696668	novelGene_SRSF6_AS	9.0	6.0	0.5555555555555556	0.8333333333333334	3374.349287623454	3238.513568117495	0.22252641288131092	-20.231089627968878	0.20095684215531281						
PB.161541.3	Patient25	6	3	1372	1946	4373.1778425655975	1541.623843782117	9.0	24.0	2822.8652081863092	3392.705682782019	3374.349287623454	4320.504916696668	novelGene_SRSF6_AS	9.0	6.0	0.6666666666666666	0.5	3374.349287623454	3238.513568117495	0.30842191453986995	-19.160488596013607	0.2263822382565991						
PB.161541.3	Patient26	17	24	1690	1469	10059.171597633136	16337.644656228726	2.0	1.0	2822.8652081863092	3392.705682782019	3374.349287623454	4320.504916696668	novelGene_SRSF6_AS	18.0	26.0	0.9444444444444444	0.9230769230769231	3374.349287623454	3238.513568117495	2.064163749635139	-5.590077803247342	0.5486620225690693						
PB.161541.3	Patient27	13	6	917	1439	14176.663031624863	4169.562195969423	1.0	13.0	2822.8652081863092	3392.705682782019	3374.349287623454	4320.504916696668	novelGene_SRSF6_AS	21.0	11.0	0.6190476190476191	0.5454545454545454	3374.349287623454	3238.513568117495	3.3355777324350226	5.590077803247341	0.8141763236808397						
PB.161541.3	Patient29	4	4	1044	1857	3831.4176245210724	2154.0118470651587	12.0	20.0	2822.8652081863092	3392.705682782019	3374.349287623454	4320.504916696668	novelGene_SRSF6_AS	13.0	8.0	0.3076923076923077	0.5	3374.349287623454	3238.513568117495	0.1411352237018127	-21.314878028319306	0.17521826303348703						
PB.161541.3	Patient30	10	19	1658	1808	6031.363088057901	10508.849557522124	5.0	3.0	2822.8652081863092	3392.705682782019	3374.349287623454	4320.504916696668	novelGene_SRSF6_AS	16.0	21.0	0.625	0.9047619047619048	3374.349287623454	3238.513568117495	0.8204423864677318	-13.923383707878175	0.3507567365341135						
PB.161541.3	Patient4	9	3	1554	1450	5791.505791505791	2068.9655172413795	6.0	21.0	2822.8652081863092	3392.705682782019	3374.349287623454	4320.504916696668	novelGene_SRSF6_AS	9.0	6.0	1.0	0.5	3374.349287623454	3238.513568117495	0.7463783779320086	-14.584479233843311	0.3350565689583792						
PB.161541.3	Patient5	7	7	1596	1993	4385.964912280701	3512.2930255895635	8.0	15.0	2822.8652081863092	3392.705682782019	3374.349287623454	4320.504916696668	novelGene_SRSF6_AS	7.0	9.0	1.0	0.7777777777777778	3374.349287623454	3238.513568117495	0.3123703524408224	-19.112926758126168	0.22751177067016756						
PB.161541.3	Patient8	5	4	1359	1179	3679.175864606328	3392.705682782019	13.0	16.0	2822.8652081863092	3392.705682782019	3374.349287623454	4320.504916696668	novelGene_SRSF6_AS	6.0	5.0	0.8333333333333334	0.8	3374.349287623454	3238.513568117495	0.09412545927978484	-21.975345465280114	0.1595330117629358						
PB.161541.4	Patient11	3	1	1367	2226	2194.5866861741038	449.23629829290206	11.0	24.0	944.2870632672333	848.1764206955047	2194.2860325263987	1465.670973255149	novelGene_SRSF6_AS	6.0	5.0	0.5	0.2	2194.2860325263987	3068.637954529252	9.797625270889866e-05	-24.080949062739187	0.2578698587608141						
PB.161541.4	Patient14	4	0	1161	1708	3445.305770887166	0.0	6.0	28.0	944.2870632672333	848.1764206955047	2194.2860325263987	1465.670973255149	novelGene_SRSF6_AS	9.0	6.0	0.4444444444444444	0.0	2194.2860325263987	3068.637954529252	0.407679158277465	-17.734109324640862	0.3753276749286604						
PB.161541.4	Patient15	4	2	1376	2573	2906.9767441860463	777.3027594247959	9.0	19.0	944.2870632672333	848.1764206955047	2194.2860325263987	1465.670973255149	novelGene_SRSF6_AS	6.0	15.0	0.6666666666666666	0.13333333333333333	2194.2860325263987	3068.637954529252	0.23224985228633097	-20.125087215266046	0.3310790325921226						
PB.161541.4	Patient17	3	6	975	1227	3076.923076923077	4889.975550122249	8.0	3.0	944.2870632672333	848.1764206955047	2194.2860325263987	1465.670973255149	novelGene_SRSF6_AS	9.0	14.0	0.3333333333333333	0.42857142857142855	2194.2860325263987	3068.637954529252	0.2876315347315322	-19.32552714974269	0.3458760942900335						
PB.161541.4	Patient18	12	2	988	1387	12145.748987854251	1441.9610670511895	1.0	12.0	944.2870632672333	848.1764206955047	2194.2860325263987	1465.670973255149	novelGene_SRSF6_AS	21.0	12.0	0.5714285714285714	0.16666666666666666	2194.2860325263987	3068.637954529252	3.2429576583446997	4.657610040700855	0.7897201230487308						
PB.161541.4	Patient20	5	4	1888	1738	2648.3050847457625	2301.4959723820484	10.0	5.0	944.2870632672333	848.1764206955047	2194.2860325263987	1465.670973255149	novelGene_SRSF6_AS	8.0	13.0	0.625	0.3076923076923077	2194.2860325263987	3068.637954529252	0.14795458406855727	-21.436539149436683	0.3068086418853714						
PB.161541.4	Patient22	4	1	1221	2106	3276.0032760032764	474.8338081671415	7.0	22.0	944.2870632672333	848.1764206955047	2194.2860325263987	1465.670973255149	novelGene_SRSF6_AS	9.0	6.0	0.4444444444444444	0.16666666666666666	2194.2860325263987	3068.637954529252	0.3525072880886073	-18.443236480872535	0.36220421024492094						
PB.161541.4	Patient23	5	9	665	1159	7518.796992481202	7765.314926660914	4.0	1.0	944.2870632672333	848.1764206955047	2194.2860325263987	1465.670973255149	novelGene_SRSF6_AS	7.0	14.0	0.7142857142857143	0.6428571428571429	2194.2860325263987	3068.637954529252	1.7351382075216546	-6.750422155432698	0.5785973274805835						
PB.161541.4	Patient27	8	5	917	1439	8724.100327153763	3474.6351633078525	2.0	4.0	944.2870632672333	848.1764206955047	2194.2860325263987	1465.670973255149	novelGene_SRSF6_AS	21.0	11.0	0.38095238095238093	0.45454545454545453	2194.2860325263987	3068.637954529252	2.127919419424986	-4.657610040700856	0.6173279636380465						
PB.161541.4	Patient29	9	4	1044	1857	8620.689655172413	2154.0118470651587	3.0	6.0	944.2870632672333	848.1764206955047	2194.2860325263987	1465.670973255149	novelGene_SRSF6_AS	13.0	8.0	0.6923076923076923	0.5	2194.2860325263987	3068.637954529252	2.0942202103577463	-4.825453103943446	0.6142217752859039						
PB.161541.4	Patient30	6	2	1658	1808	3618.8178528347407	1106.1946902654868	5.0	14.0	944.2870632672333	848.1764206955047	2194.2860325263987	1465.670973255149	novelGene_SRSF6_AS	16.0	21.0	0.375	0.09523809523809523	2194.2860325263987	3068.637954529252	0.4642228380854639	-17.042616283211576	0.3881247937930296						
PB.161551.113	Patient14	4	0	1161	1708	3445.305770887166	0.0	4.0	20.5	0.0	0.0	1593.7473141837554	932.8418843042037	SRSF6	121.0	44.0	0.03305785123966942	0.0	1593.7473141837554	3954.535401451566	0.4682113747227477	-2.6562582678800117	2.0225139582653666	1.0	1.0	1.0	1.0	1.0	
PB.161551.113	Patient16	5	0	1395	1271	3584.2293906810037	0.0	3.0	20.5	0.0	0.0	1593.7473141837554	932.8418843042037	SRSF6	93.0	54.0	0.053763440860215055	0.0	1593.7473141837554	3954.535401451566	0.5033415747818605	-2.5992435485446026	2.032327138838658	1.0	1.0	1.0	1.0	1.0	
PB.161551.113	Patient19	5	0	1229	1548	4068.3482506102523	0.0	2.0	20.5	0.0	0.0	1593.7473141837554	932.8418843042037	SRSF6	74.0	31.0	0.06756756756756757	0.0	1593.7473141837554	3954.535401451566	0.625762747127807	-2.416511227111076	2.063778407698808						
PB.161551.113	Patient27	2	0	917	1439	2181.0250817884407	0.0	8.0	20.5	0.0	0.0	1593.7473141837554	932.8418843042037	SRSF6	92.0	45.0	0.021739130434782608	0.0	1593.7473141837554	3954.535401451566	0.14850739922295728	-3.315641292007622	1.9090231832838842						
PB.161551.113	Patient28	32	3	1473	1202	21724.37202987101	2495.840266222962	1.0	5.0	0.0	0.0	1593.7473141837554	932.8418843042037	SRSF6	299.0	165.0	0.10702341137123746	0.01818181818181818	1593.7473141837554	3954.535401451566	5.090515742582058	2.4165112271110756	2.895621879189858						
PB.161551.113	Patient3	5	0	1987	2019	2516.356316054353	0.0	6.0	20.5	0.0	0.0	1593.7473141837554	932.8418843042037	SRSF6	371.0	172.0	0.013477088948787063	0.0	1593.7473141837554	3954.535401451566	0.2333040188569159	-3.109399541734816	1.9445208154878157						
PB.161551.113	Patient30	4	0	1658	1808	2412.5452352231605	0.0	7.0	20.5	0.0	0.0	1593.7473141837554	932.8418843042037	SRSF6	496.0	127.0	0.008064516129032258	0.0	1593.7473141837554	3954.535401451566	0.20705287421092605	-3.1701551107938157	1.9340637725178826						
PB.161551.113	Patient4	5	1	1554	1450	3217.5032175032175	689.655172413793	5.0	7.0	0.0	0.0	1593.7473141837554	932.8418843042037	SRSF6	197.0	100.0	0.025380710659898477	0.01	1593.7473141837554	3954.535401451566	0.41060598489608674	-2.7549190660588048	2.005532795517938						
PB.161551.121	Patient18	3	0	988	1387	3036.4372469635628	0.0	2.0	18.5	0.0	0.0	553.9135859123627	92.02115523982647	SRSF6	157.0	82.0	0.01910828025477707	0.0	553.9135859123627	1460.129433249355	1.700207943570195	-1.2980127621662612	2.371519174895188						
PB.161551.121	Patient23	1	0	665	1159	1503.7593984962407	0.0	4.0	18.5	0.0	0.0	553.9135859123627	92.02115523982647	SRSF6	27.0	18.0	0.037037037037037035	0.0	553.9135859123627	1460.129433249355	0.6505216530496903	-2.311334537691956	2.1637927479314385						
PB.161551.121	Patient25	1	0	1372	1946	728.862973760933	0.0	5.0	18.5	0.0	0.0	553.9135859123627	92.02115523982647	SRSF6	341.0	346.0	0.002932551319648094	0.0	553.9135859123627	1460.129433249355	0.11981772565137594	-3.3551698258380767	1.9498111875008628						
PB.161551.121	Patient26	1	0	1690	1469	591.7159763313609	0.0	8.0	18.5	0.0	0.0	553.9135859123627	92.02115523982647	SRSF6	668.0	201.0	0.0014970059880239522	0.0	553.9135859123627	1460.129433249355	0.025889753030231877	-3.6554545151218707	1.888254170684085						
PB.161551.121	Patient28	11	0	1473	1202	7467.75288526816	0.0	1.0	18.5	0.0	0.0	553.9135859123627	92.02115523982647	SRSF6	299.0	165.0	0.03678929765886288	0.0	553.9135859123627	1460.129433249355	4.735086590214006	1.2980127621662612	2.9036927840101483						
PB.161551.121	Patient30	1	0	1658	1808	603.1363088057901	0.0	7.0	18.5	0.0	0.0	553.9135859123627	92.02115523982647	SRSF6	496.0	127.0	0.0020161290322580645	0.0	553.9135859123627	1460.129433249355	0.033711205166166505	-3.6279213645362534	1.8938983432779666						
PB.161551.121	Patient31	2	0	966	1858	2070.393374741201	0.0	3.0	18.5	0.0	0.0	553.9135859123627	92.02115523982647	SRSF6	153.0	125.0	0.013071895424836602	0.0	553.9135859123627	1460.129433249355	1.0385927126022534	-1.8502658060083377	2.258309773550135						
PB.161551.121	Patient4	1	0	1554	1450	643.5006435006435	0.0	6.0	18.5	0.0	0.0	553.9135859123627	92.02115523982647	SRSF6	197.0	100.0	0.005076142131979695	0.0	553.9135859123627	1460.129433249355	0.06135555899925584	-3.5346136611542724	1.9130260046979302						
PB.161551.166	Patient1	1	0	1902	1717	525.7623554153522	0.0	3.0	16.5	0.0	0.0	284.10273841308265	27.36052969985499	SRSF6	191.0	95.0	0.005235602094240838	0.0	284.10273841308265	1344.1685430548305	0.17978371704270119	-3.825643211787312	2.4939111482035696	1.0	1.0	1.0	1.0	1.0	
PB.161551.166	Patient19	1	0	1229	1548	813.6696501220504	0.0	2.0	16.5	0.0	0.0	284.10273841308265	27.36052969985499	SRSF6	74.0	31.0	0.013513513513513514	0.0	284.10273841308265	1344.1685430548305	0.39397359389578124	-3.196580297477434	2.6674346025444247	1.0	1.0	1.0	1.0	1.0	
PB.161551.166	Patient28	11	0	1473	1202	7467.75288526816	0.0	1.0	16.5	0.0	0.0	284.10273841308265	27.36052969985499	SRSF6	299.0	165.0	0.03678929765886288	0.0	284.10273841308265	1344.1685430548305	5.344307589976123	3.196580297477434	4.430951868237067						
PB.161551.18	Patient10	161	119	1394	2180	115494.97847919655	54587.15596330276	8.0	12.0	50237.61031907671	41351.1939429237	66146.65887260679	45828.29338733267	SRSF6	248.0	345.0	0.6491935483870968	0.34492753623188405	66146.65887260679	48072.14857024857	1.0265469939309309	-8.569455813513697	0.4089850868325039						
PB.161551.18	Patient11	122	132	1367	2226	89246.52523774689	59299.191374663074	13.0	11.0	50237.61031907671	41351.1939429237	66146.65887260679	45828.29338733267	SRSF6	299.0	1145.0	0.4080267558528428	0.11528384279475982	66146.65887260679	48072.14857024857	0.48052494120132594	-14.357883049315568	0.2886389368739354						
PB.161551.18	Patient12	183	145	1791	2004	102177.55443886097	72355.28942115768	10.0	8.0	50237.61031907671	41351.1939429237	66146.65887260679	45828.29338733267	SRSF6	223.0	348.0	0.820627802690583	0.4166666666666667	66146.65887260679	48072.14857024857	0.7495170621217747	-11.320046183637501	0.3517980569757388						
PB.161551.18	Patient13	265	226	2218	2495	119477.0063119928	90581.1623246493	6.0	2.0	50237.61031907671	41351.1939429237	66146.65887260679	45828.29338733267	SRSF6	387.0	696.0	0.6847545219638242	0.32471264367816094	66146.65887260679	48072.14857024857	1.1093813991162378	-7.80843478352633	0.4248073382430455						
PB.161551.18	Patient15	186	204	1376	2573	135174.41860465115	79284.88146132919	2.0	5.0	50237.61031907671	41351.1939429237	66146.65887260679	45828.29338733267	SRSF6	324.0	294.0	0.5740740740740741	0.6938775510204082	66146.65887260679	48072.14857024857	1.4359200032670274	-5.037029165853003	0.4824271341692406						
PB.161551.18	Patient18	67	50	988	1387	67813.76518218624	36049.02667627974	14.0	18.0	50237.61031907671	41351.1939429237	66146.65887260679	45828.29338733267	SRSF6	157.0	82.0	0.4267515923566879	0.6097560975609756	66146.65887260679	48072.14857024857	0.03467925522703202	-20.52375458753294	0.16044541028453482						
PB.161551.18	Patient21	175	81	1417	1328	123500.35285815103	60993.97590361446	4.0	10.0	50237.61031907671	41351.1939429237	66146.65887260679	45828.29338733267	SRSF6	334.0	122.0	0.5239520958083832	0.6639344262295082	66146.65887260679	48072.14857024857	1.1930753188976442	-7.064853714677943	0.44026699855707624						
PB.161551.18	Patient25	164	257	1372	1946	119533.527696793	132065.77595066803	5.0	1.0	50237.61031907671	41351.1939429237	66146.65887260679	45828.29338733267	SRSF6	341.0	346.0	0.4809384164222874	0.7427745664739884	66146.65887260679	48072.14857024857	1.1105571606846563	-7.797816295193232	0.42502810532488156						
PB.161551.18	Patient26	172	114	1690	1469	101775.14792899409	77603.81211708646	11.0	7.0	50237.61031907671	41351.1939429237	66146.65887260679	45828.29338733267	SRSF6	668.0	201.0	0.25748502994011974	0.5671641791044776	66146.65887260679	48072.14857024857	0.7411461754059702	-11.408639795393933	0.34995612312195096						
PB.161551.18	Patient3	192	131	1987	2019	96628.08253648717	64883.60574541853	12.0	9.0	50237.61031907671	41351.1939429237	66146.65887260679	45828.29338733267	SRSF6	371.0	172.0	0.5175202156334232	0.7616279069767442	66146.65887260679	48072.14857024857	0.6340765821884872	-12.57377035220122	0.3257321031941241						
PB.161551.18	Patient30	191	72	1658	1808	115199.0349819059	39823.00884955752	9.0	17.0	50237.61031907671	41351.1939429237	66146.65887260679	45828.29338733267	SRSF6	496.0	127.0	0.3850806451612903	0.5669291338582677	66146.65887260679	48072.14857024857	1.0203907578130844	-8.627058072954108	0.407787488612785						
PB.161551.18	Patient5	270	156	1596	1993	169172.93233082705	78273.95885599598	1.0	6.0	50237.61031907671	41351.1939429237	66146.65887260679	45828.29338733267	SRSF6	354.0	682.0	0.7627118644067796	0.2287390029325513	66146.65887260679	48072.14857024857	2.1431593245237703	5.037029165853002	0.6918750697293923						
PB.161551.18	Patient7	202	139	1726	1705	117033.60370799537	81524.926686217	7.0	4.0	50237.61031907671	41351.1939429237	66146.65887260679	45828.29338733267	SRSF6	262.0	375.0	0.7709923664122137	0.37066666666666664	66146.65887260679	48072.14857024857	1.058553577255377	-8.27233732480305	0.4151624239123715						
PB.161551.18	Patient8	169	97	1359	1179	124356.1442236939	82273.11280746396	3.0	3.0	50237.61031907671	41351.1939429237	66146.65887260679	45828.29338733267	SRSF6	217.0	262.0	0.7788018433179723	0.3702290076335878	66146.65887260679	48072.14857024857	1.2108775472355828	-6.909816348120306	0.44349035257101715						
PB.161551.19	Patient11	123	81	1367	2226	89978.05413313826	36388.14016172507	2.0	1.0	7078.507078507078	5507.474429583005	16450.57042214269	9691.84586219	SRSF6	299.0	1145.0	0.411371237458194	0.07074235807860262	16450.57042214269	26702.865768777338	2.7535427975288145	-3.0484513833105167	0.7527789682345791						
PB.161551.19	Patient13	94	62	2218	2495	42380.52299368801	24849.699398797595	4.0	4.0	7078.507078507078	5507.474429583005	16450.57042214269	9691.84586219	SRSF6	387.0	696.0	0.24289405684754523	0.08908045977011494	16450.57042214269	26702.865768777338	0.9710550469030275	-16.656062627254773	0.5498769637891626						
PB.161551.19	Patient15	32	51	1376	2573	23255.81395348837	19821.220365332298	6.0	7.0	7078.507078507078	5507.474429583005	16450.57042214269	9691.84586219	SRSF6	324.0	294.0	0.09876543209876543	0.17346938775510204	16450.57042214269	26702.865768777338	0.25485068120676385	-27.502799717270538	0.3881421333474078						
PB.161551.19	Patient25	38	45	1372	1946	27696.793002915452	23124.357656731758	5.0	6.0	7078.507078507078	5507.474429583005	16450.57042214269	9691.84586219	SRSF6	341.0	346.0	0.11143695014662756	0.13005780346820808	16450.57042214269	26702.865768777338	0.4211616340416372	-24.34420672672977	0.435239661158777						
PB.161551.19	Patient26	180	45	1690	1469	106508.87573964498	30633.08373042886	1.0	2.0	7078.507078507078	5507.474429583005	16450.57042214269	9691.84586219	SRSF6	668.0	201.0	0.2694610778443114	0.22388059701492538	16450.57042214269	26702.865768777338	3.372608247269254	3.0484513833105167	0.8436893984400821						
PB.161551.19	Patient31	72	53	966	1858	74534.16149068323	28525.29601722282	3.0	3.0	7078.507078507078	5507.474429583005	16450.57042214269	9691.84586219	SRSF6	153.0	125.0	0.47058823529411764	0.424	16450.57042214269	26702.865768777338	2.175181928842091	-6.451977738780736	0.702029258581091						
PB.161551.19	Patient5	29	22	1596	1993	18170.426065162905	11038.635223281484	8.0	10.0	7078.507078507078	5507.474429583005	16450.57042214269	9691.84586219	SRSF6	354.0	682.0	0.08192090395480225	0.03225806451612903	16450.57042214269	26702.865768777338	0.06440715606754006	-31.96263075153942	0.3216419489933215						
PB.161551.19	Patient7	34	41	1726	1705	19698.725376593276	24046.92082111437	7.0	5.0	7078.507078507078	5507.474429583005	16450.57042214269	9691.84586219	SRSF6	262.0	375.0	0.1297709923664122	0.10933333333333334	16450.57042214269	26702.865768777338	0.12164068765415183	-30.50304053103144	0.3434057821967276						
PB.161551.22	Patient1	5	0	1902	1717	2628.8117770767612	0.0	5.0	19.5	813.6696501220504	0.0	1372.4935552085096	1686.99992983565	SRSF6	191.0	95.0	0.02617801047120419	0.0	1372.4935552085096	1861.2985558993712	0.6749686759742873	-13.711569528758107	0.33224316034339546						
PB.161551.22	Patient10	2	5	1394	2180	1434.7202295552368	2293.5779816513764	10.0	7.0	813.6696501220504	0.0	1372.4935552085096	1686.99992983565	SRSF6	248.0	345.0	0.008064516129032258	0.014492753623188406	1372.4935552085096	1861.2985558993712	0.033431860863750294	-22.091792488812292	0.17458868672500688						
PB.161551.22	Patient14	3	0	1161	1708	2583.9793281653747	0.0	6.0	19.5	813.6696501220504	0.0	1372.4935552085096	1686.99992983565	SRSF6	121.0	44.0	0.024793388429752067	0.0	1372.4935552085096	1861.2985558993712	0.6508820248729418	-13.949648007130623	0.32776426552560844						
PB.161551.22	Patient15	2	0	1376	2573	1453.4883720930231	0.0	9.0	19.5	813.6696501220504	0.0	1372.4935552085096	1686.99992983565	SRSF6	324.0	294.0	0.006172839506172839	0.0	1372.4935552085096	1861.2985558993712	0.043515220396964836	-21.911966647689933	0.17797169317486702						
PB.161551.22	Patient2	3	0	1277	1085	2349.2560689115116	0.0	7.0	19.5	813.6696501220504	0.0	1372.4935552085096	1686.99992983565	SRSF6	88.0	62.0	0.03409090909090909	0.0	1372.4935552085096	1861.2985558993712	0.524774765771542	-15.267692069788408	0.3029683210865822						
PB.161551.22	Patient21	5	0	1417	1328	3528.5815102328866	0.0	4.0	19.5	813.6696501220504	0.0	1372.4935552085096	1686.99992983565	SRSF6	334.0	122.0	0.014970059880239521	0.0	1372.4935552085096	1861.2985558993712	1.1583783526778513	-9.637152197749769	0.4088938798628681						
PB.161551.22	Patient23	1	0	665	1159	1503.7593984962407	0.0	8.0	19.5	813.6696501220504	0.0	1372.4935552085096	1686.99992983565	SRSF6	27.0	18.0	0.037037037037037035	0.0	1372.4935552085096	1861.2985558993712	0.070523797953684	-21.44149647223918	0.18682249919964608						
PB.161551.22	Patient26	10	0	1690	1469	5917.159763313609	0.0	2.0	19.5	813.6696501220504	0.0	1372.4935552085096	1686.99992983565	SRSF6	668.0	201.0	0.014970059880239521	0.0	1372.4935552085096	1861.2985558993712	2.4416642852382897	-2.4809062861841307	0.543522061911181						
PB.161551.22	Patient3	11	0	1987	2019	5535.983895319578	0.0	3.0	19.5	813.6696501220504	0.0	1372.4935552085096	1686.99992983565	SRSF6	371.0	172.0	0.029649595687331536	0.0	1372.4935552085096	1861.2985558993712	2.2368739968743423	-3.4027114127385656	0.5261804347613549						
PB.161551.22	Patient4	11	0	1554	1450	7078.507078507078	0.0	1.0	19.5	813.6696501220504	0.0	1372.4935552085096	1686.99992983565	SRSF6	197.0	100.0	0.05583756345177665	0.0	1372.4935552085096	1861.2985558993712	3.0656089562920488	2.4809062861841307	0.6368670663363094						
PB.161551.263	Patient28	69	81	1473	1202	46843.17718940937	67387.68718801996	1.0	1.0	0.0	0.0	1541.5311049250517	2173.7963609038698	SRSF6	299.0	165.0	0.23076923076923078	0.4909090909090909	1541.5311049250517	8409.33819172722	5.387064362454862	5.630973408167303	5.1096927606888105	1.0	1.0	1.0	1.0	1.0	
PB.161551.31	Patient10	12	0	1394	2180	8608.32137733142	0.0	5.0	26.5	3036.4372469635628	1843.3179723502303	3514.1734442160996	2625.086178446902	SRSF6	248.0	345.0	0.04838709677419355	0.0	3514.1734442160996	3804.477938055598	1.3389873764700684	-9.957100695127165	0.28799275168310634						
PB.161551.31	Patient11	12	19	1367	2226	8778.346744696415	8535.489667565138	4.0	2.0	3036.4372469635628	1843.3179723502303	3514.1734442160996	2625.086178446902	SRSF6	299.0	1145.0	0.04013377926421405	0.016593886462882096	3514.1734442160996	3804.477938055598	1.3836782302832178	-9.631794733823666	0.2932251741116496						
PB.161551.31	Patient15	10	10	1376	2573	7267.441860465116	3886.51379712398	6.0	7.0	3036.4372469635628	1843.3179723502303	3514.1734442160996	2625.086178446902	SRSF6	324.0	294.0	0.030864197530864196	0.034013605442176874	3514.1734442160996	3804.477938055598	0.9865396717656475	-12.773322488483789	0.24269489726855484						
PB.161551.31	Patient21	6	3	1417	1328	4234.297812279464	2259.0361445783133	9.0	14.0	3036.4372469635628	1843.3179723502303	3514.1734442160996	2625.086178446902	SRSF6	334.0	122.0	0.017964071856287425	0.02459016393442623	3514.1734442160996	3804.477938055598	0.18928336023717546	-21.75723571075321	0.09819207644126368						
PB.161551.31	Patient25	5	22	1372	1946	3644.3148688046645	11305.24152106886	12.0	1.0	3036.4372469635628	1843.3179723502303	3514.1734442160996	2625.086178446902	SRSF6	341.0	346.0	0.01466275659824047	0.06358381502890173	3514.1734442160996	3804.477938055598	0.03420743311106644	-24.252540520148738	0.05805604942713873						
PB.161551.31	Patient26	15	12	1690	1469	8875.739644970414	8168.822328114363	3.0	3.0	3036.4372469635628	1843.3179723502303	3514.1734442160996	2625.086178446902	SRSF6	668.0	201.0	0.02245508982035928	0.05970149253731343	3514.1734442160996	3804.477938055598	1.4092777742573839	-9.448281226269344	0.2961769189521693						
PB.161551.31	Patient3	12	7	1987	2019	6039.255158530448	3467.0629024269438	7.0	8.0	3036.4372469635628	1843.3179723502303	3514.1734442160996	2625.086178446902	SRSF6	371.0	172.0	0.03234501347708895	0.040697674418604654	3514.1734442160996	3804.477938055598	0.6637130653476397	-15.852233123055097	0.1931717929416065						
PB.161551.31	Patient30	7	4	1658	1808	4221.95416164053	2212.3893805309735	10.0	15.0	3036.4372469635628	1843.3179723502303	3514.1734442160996	2625.086178446902	SRSF6	496.0	127.0	0.014112903225806451	0.031496062992125984	3514.1734442160996	3804.477938055598	0.1860388544626875	-21.8057862534047	0.09741115946307587						
PB.161551.31	Patient31	4	2	966	1858	4140.786749482402	1076.426264800861	11.0	20.0	3036.4372469635628	1843.3179723502303	3514.1734442160996	2625.086178446902	SRSF6	153.0	125.0	0.026143790849673203	0.016	3514.1734442160996	3804.477938055598	0.16470415007493872	-22.12861605169166	0.09221856517310265						
PB.161551.31	Patient5	25	12	1596	1993	15664.160401002506	6021.073758153538	1.0	5.0	3036.4372469635628	1843.3179723502303	3514.1734442160996	2625.086178446902	SRSF6	354.0	682.0	0.07062146892655367	0.017595307917888565	3514.1734442160996	3804.477938055598	3.1936016332890214	6.970275492741015	0.5602631474265076						
PB.161551.31	Patient6	7	3	1602	1714	4369.5380774032465	1750.291715285881	8.0	18.0	3036.4372469635628	1843.3179723502303	3514.1734442160996	2625.086178446902	SRSF6	77.0	89.0	0.09090909090909091	0.033707865168539325	3514.1734442160996	3804.477938055598	0.2248310141665084	-21.234382853325215	0.10660196541800396						
PB.161551.31	Patient8	14	4	1359	1179	10301.69242089772	3392.705682782019	2.0	10.0	3036.4372469635628	1843.3179723502303	3514.1734442160996	2625.086178446902	SRSF6	217.0	262.0	0.06451612903225806	0.015267175572519083	3514.1734442160996	3804.477938055598	1.7840868279947504	-6.970275492741016	0.3360346969228463						
PB.161551.35	Patient28	60	2	1473	1202	40733.19755600815	1663.8935108153078	1.0	1.0	0.0	0.0	1437.072684758524	111.6836721251508	SRSF6	299.0	165.0	0.20066889632107024	0.012121212121212121	1437.072684758524	7300.418042955369	5.382722556438932	5.27431447815195	4.26760880845757						
PB.161551.38	Patient1	73	6	1902	1717	38380.651945320715	3494.4670937682004	8.0	10.0	12307.692307692309	1843.3179723502303	24056.45237058164	27881.244818305102	SRSF6	191.0	95.0	0.38219895287958117	0.06315789473684211	24056.45237058164	23383.215103998755	0.6125846899594872	-15.478167029018824	0.437321237484183						
PB.161551.38	Patient14	39	2	1161	1708	33591.73126614987	1170.9601873536299	9.0	19.0	12307.692307692309	1843.3179723502303	24056.45237058164	27881.244818305102	SRSF6	121.0	44.0	0.32231404958677684	0.045454545454545456	24056.45237058164	23383.215103998755	0.40778305520260166	-18.087460216062144	0.3874003239681685						
PB.161551.38	Patient15	65	2	1376	2573	47238.37209302326	777.3027594247959	5.0	22.0	12307.692307692309	1843.3179723502303	24056.45237058164	27881.244818305102	SRSF6	324.0	294.0	0.2006172839506173	0.006802721088435374	24056.45237058164	23383.215103998755	0.9913914583318908	-11.412618259130014	0.5151031860764509						
PB.161551.38	Patient16	41	2	1395	1271	29390.681003584228	1573.5641227380015	11.0	18.0	12307.692307692309	1843.3179723502303	24056.45237058164	27881.244818305102	SRSF6	93.0	54.0	0.44086021505376344	0.037037037037037035	24056.45237058164	23383.215103998755	0.2281221213284047	-20.703179585432853	0.33735646493809807						
PB.161551.38	Patient18	31	1	988	1387	31376.518218623478	720.9805335255948	10.0	23.0	12307.692307692309	1843.3179723502303	24056.45237058164	27881.244818305102	SRSF6	157.0	82.0	0.19745222929936307	0.012195121951219513	24056.45237058164	23383.215103998755	0.3130478770983908	-19.42310327294954	0.3618468438677991						
PB.161551.38	Patient21	101	4	1417	1328	71277.34650670431	3012.0481927710844	2.0	13.0	12307.692307692309	1843.3179723502303	24056.45237058164	27881.244818305102	SRSF6	334.0	122.0	0.3023952095808383	0.03278688524590164	24056.45237058164	23383.215103998755	2.019435476520397	-3.3584946688009487	0.6691944201304162						
PB.161551.38	Patient25	91	7	1372	1946	66326.5306122449	3597.1223021582737	4.0	9.0	12307.692307692309	1843.3179723502303	24056.45237058164	27881.244818305102	SRSF6	341.0	346.0	0.2668621700879765	0.02023121387283237	24056.45237058164	23383.215103998755	1.8077102765237218	-4.767940386307061	0.6422289498955946						
PB.161551.38	Patient26	143	3	1690	1469	84615.38461538462	2042.2055820285907	1.0	15.0	12307.692307692309	1843.3179723502303	24056.45237058164	27881.244818305102	SRSF6	668.0	201.0	0.21407185628742514	0.014925373134328358	24056.45237058164	23383.215103998755	2.5898462626059846	3.35849466880095	0.7977036445730619						
PB.161551.38	Patient3	93	7	1987	2019	46804.22747861098	3467.0629024269438	6.0	11.0	12307.692307692309	1843.3179723502303	24056.45237058164	27881.244818305102	SRSF6	371.0	172.0	0.25067385444743934	0.040697674418604654	24056.45237058164	23383.215103998755	0.972824951866403	-11.593387572577027	0.511644713372905						
PB.161551.38	Patient30	112	3	1658	1808	67551.26658624849	1659.2920353982302	3.0	17.0	12307.692307692309	1843.3179723502303	24056.45237058164	27881.244818305102	SRSF6	496.0	127.0	0.22580645161290322	0.023622047244094488	24056.45237058164	23383.215103998755	1.8600869906991027	-4.409711493183448	0.6490825735824082						
PB.161551.38	Patient4	69	5	1554	1450	44401.5444015444	3448.2758620689656	7.0	12.0	12307.692307692309	1843.3179723502303	24056.45237058164	27881.244818305102	SRSF6	197.0	100.0	0.350253807106599	0.05	24056.45237058164	23383.215103998755	0.8700724832097001	-12.625165422522143	0.49190477265998944						
PB.161551.51	Patient10	14	0	1394	2180	10043.041606886656	0.0	2.0	23.5	0.0	0.0	1473.3934869156656	889.2655802983257	SRSF6	248.0	345.0	0.056451612903225805	0.0	1473.3934869156656	2586.26385969691	3.313524290199565	-0.0023150035682600978	2.0116677785270816						
PB.161551.51	Patient11	5	3	1367	2226	3657.6444769568398	1347.7088948787064	4.0	9.0	0.0	0.0	1473.3934869156656	889.2655802983257	SRSF6	299.0	1145.0	0.016722408026755852	0.0026200873362445414	1473.3934869156656	2586.26385969691	0.8445584474498095	-1.459273777616012	1.9835125527339714	1.0	1.0	1.0	1.0	1.0	
PB.161551.51	Patient12	5	4	1791	2004	2791.736460078169	1996.0079840319358	5.0	5.0	0.0	0.0	1473.3934869156656	889.2655802983257	SRSF6	223.0	348.0	0.02242152466367713	0.011494252873563218	1473.3934869156656	2586.26385969691	0.5097480553732066	-1.8489035700793175	1.975983091380683	1.0	1.0	1.0	1.0	1.0	
PB.161551.51	Patient18	2	2	988	1387	2024.2914979757086	1441.9610670511895	8.0	8.0	0.0	0.0	1473.3934869156656	889.2655802983257	SRSF6	157.0	82.0	0.012738853503184714	0.024390243902439025	1473.3934869156656	2586.26385969691	0.21300920592247846	-2.312453440023641	1.9670251500256302						
PB.161551.51	Patient26	17	8	1690	1469	10059.171597633136	5445.881552076242	1.0	1.0	0.0	0.0	1473.3934869156656	889.2655802983257	SRSF6	668.0	201.0	0.025449101796407185	0.03980099502487562	1473.3934869156656	2586.26385969691	3.3197610825848436	0.0023150035682600366	2.0117572518180724						
PB.161551.51	Patient27	2	0	917	1439	2181.0250817884407	0.0	7.0	23.5	0.0	0.0	1473.3934869156656	889.2655802983257	SRSF6	92.0	45.0	0.021739130434782608	0.0	1473.3934869156656	2586.26385969691	0.2736115235186034	-2.204915323328121	1.969103287040116						
PB.161551.51	Patient3	3	1	1987	2019	1509.813789632612	495.2947003467063	10.0	15.0	0.0	0.0	1473.3934869156656	889.2655802983257	SRSF6	371.0	172.0	0.008086253369272238	0.005813953488372093	1473.3934869156656	2586.26385969691	0.014082206879391903	-2.7352571516304494	1.9588546141268126	1.0	1.0	1.0	1.0	1.0	
PB.161551.51	Patient30	4	0	1658	1808	2412.5452352231605	0.0	6.0	23.5	0.0	0.0	1473.3934869156656	889.2655802983257	SRSF6	496.0	127.0	0.008064516129032258	0.0	1473.3934869156656	2586.26385969691	0.3631306777868969	-2.059429142114315	1.9719147573128621						
PB.161551.51	Patient7	3	0	1726	1705	1738.1228273464658	0.0	9.0	23.5	0.0	0.0	1473.3934869156656	889.2655802983257	SRSF6	262.0	375.0	0.011450381679389313	0.0	1473.3934869156656	2586.26385969691	0.10235975708287724	-2.5322231804038706	1.9627781755929166	1.0	1.0	1.0	1.0	1.0	
PB.161551.51	Patient8	6	1	1359	1179	4415.0110375275935	848.1764206955047	3.0	11.0	0.0	0.0	1473.3934869156656	889.2655802983257	SRSF6	217.0	262.0	0.027649769585253458	0.003816793893129771	1473.3934869156656	2586.26385969691	1.1374004008070013	-1.1878392304329894	1.9887579317385924	1.0	1.0	1.0	1.0	1.0	
PB.161551.53	Patient10	29	20	1394	2180	20803.44332855093	9174.311926605506	2.0	2.0	0.0	0.0	2860.4608273231834	1015.3048038106307	SRSF6	248.0	345.0	0.11693548387096774	0.057971014492753624	2860.4608273231834	11226.109922321115	1.5983259228159996	-1.5211169934296944	2.907441581840397	1.0	1.0	1.0	1.0	1.0	
PB.161551.53	Patient30	99	30	1658	1808	59710.49457177322	16592.920353982303	1.0	1.0	0.0	0.0	2860.4608273231834	1015.3048038106307	SRSF6	496.0	127.0	0.19959677419354838	0.23622047244094488	2860.4608273231834	11226.109922321115	5.064090244779618	1.5211169934296942	3.5240579453541807	1.0	1.0	1.0	1.0	1.0	
PB.161551.53	Patient5	9	10	1596	1993	5639.097744360902	5017.5614651279475	3.0	3.0	0.0	0.0	2860.4608273231834	1015.3048038106307	SRSF6	354.0	682.0	0.025423728813559324	0.01466275659824047	2860.4608273231834	11226.109922321115	0.2475155629389389	-3.4042166094213684	2.5257648132675476	1.0	1.0	1.0	1.0	1.0	
PB.161551.569	Patient15	2	3	1376	2573	1453.4883720930231	1165.954139137194	6.0	5.0	0.0	0.0	1084.2824272136497	368.18156622775007	SRSF6	324.0	294.0	0.006172839506172839	0.01020408163265306	1084.2824272136497	2566.0559593926637	0.14388070670397904	-3.169567340663002	1.9245882771961362						
PB.161551.569	Patient16	2	1	1395	1271	1433.6917562724013	786.7820613690008	7.0	6.0	0.0	0.0	1084.2824272136497	368.18156622775007	SRSF6	93.0	54.0	0.021505376344086023	0.018518518518518517	1084.2824272136497	2566.0559593926637	0.1361659038571591	-3.189338296562549	1.9209665488742689						
PB.161551.569	Patient22	4	6	1221	2106	3276.0032760032764	2849.002849002849	3.0	1.0	0.0	0.0	1084.2824272136497	368.18156622775007	SRSF6	58.0	43.0	0.06896551724137931	0.13953488372093023	1084.2824272136497	2566.0559593926637	0.8541204414374366	-1.9977019883859444	2.139255588039415						
PB.161551.569	Patient25	4	1	1372	1946	2915.451895043732	513.874614594039	4.0	9.0	0.0	0.0	1084.2824272136497	368.18156622775007	SRSF6	341.0	346.0	0.011730205278592375	0.002890173410404624	1084.2824272136497	2566.0559593926637	0.7136124452498241	-2.1658648254802446	2.1084507997993107					2.0	
PB.161551.569	Patient26	9	2	1690	1469	5325.443786982249	1361.4703880190605	2.0	4.0	0.0	0.0	1084.2824272136497	368.18156622775007	SRSF6	668.0	201.0	0.01347305389221557	0.009950248756218905	1084.2824272136497	2566.0559593926637	1.6527937920622748	-1.2969064679503748	2.267630310895247					2.0	
PB.161551.569	Patient27	12	2	917	1439	13086.150490730643	1389.854065323141	1.0	3.0	0.0	0.0	1084.2824272136497	368.18156622775007	SRSF6	92.0	45.0	0.13043478260869565	0.044444444444444446	1084.2824272136497	2566.0559593926637	4.677165367179914	1.296906467950375	2.7427760660781177					2.0	
PB.161551.569	Patient29	3	3	1044	1857	2873.5632183908046	1615.5088852988692	5.0	2.0	0.0	0.0	1084.2824272136497	368.18156622775007	SRSF6	61.0	35.0	0.04918032786885246	0.08571428571428572	1084.2824272136497	2566.0559593926637	0.6972882974853921	-2.186736344172351	2.104627465674666						
PB.161551.572	Patient19	7	2	1229	1548	5695.6875508543535	1291.9896640826873	2.0	8.0	0.0	831.9467554076539	982.1561990253622	802.0300453852691	SRSF6	74.0	31.0	0.0945945945945946	0.06451612903225806	982.1561990253622	2155.8491930910122	2.186391964212871	-0.9369434648811026	2.0074459539200267						
PB.161551.572	Patient25	2	2	1372	1946	1457.725947521866	1027.749229188078	5.0	13.0	0.0	831.9467554076539	982.1561990253622	802.0300453852691	SRSF6	341.0	346.0	0.005865102639296188	0.005780346820809248	982.1561990253622	2155.8491930910122	0.22059509079790576	-2.902357877045049	1.9705813539438237						
PB.161551.572	Patient27	10	2	917	1439	10905.125408942204	1389.854065323141	1.0	5.0	0.0	831.9467554076539	982.1561990253622	802.0300453852691	SRSF6	92.0	45.0	0.10869565217391304	0.044444444444444446	982.1561990253622	2155.8491930910122	4.602812312529845	0.9369434648811027	2.0425938044897496						
PB.161551.572	Patient28	3	1	1473	1202	2036.6598778004072	831.9467554076539	4.0	16.0	0.0	831.9467554076539	982.1561990253622	802.0300453852691	SRSF6	299.0	165.0	0.010033444816053512	0.006060606060606061	982.1561990253622	2155.8491930910122	0.48913610569537075	-2.4201534852580915	1.9796258953392551						
PB.161551.572	Patient31	2	2	966	1858	2070.393374741201	1076.426264800861	3.0	12.0	0.0	831.9467554076539	982.1561990253622	802.0300453852691	SRSF6	153.0	125.0	0.013071895424836602	0.016	982.1561990253622	2155.8491930910122	0.5047835345827446	-2.3964651857214943	1.9800702086001778						
PB.161551.572	Patient4	2	0	1554	1450	1287.001287001287	0.0	6.0	25.0	0.0	831.9467554076539	982.1561990253622	802.0300453852691	SRSF6	197.0	100.0	0.01015228426395939	0.0	982.1561990253622	2155.8491930910122	0.1414037164347494	-3.0819327099960963	1.9672131307632248						
PB.161551.572	Patient9	2	2	1722	1493	1161.4401858304298	1339.5847287340923	7.0	7.0	0.0	831.9467554076539	982.1561990253622	802.0300453852691	SRSF6	3.0	7.0	0.6666666666666666	0.2857142857142857	982.1561990253622	2155.8491930910122	0.08316165498942618	-3.229910261772152	1.9644375668832001	1.0	1.0	1.0	1.0	1.0	
PB.161551.582	Patient15	4	3	1376	2573	2906.9767441860463	1165.954139137194	6.0	9.0	0.0	0.0	1579.6408362637187	696.1926290120907	SRSF6	324.0	294.0	0.012345679012345678	0.01020408163265306	1579.6408362637187	3031.5094801741793	0.4378465304505872	-2.392440044842943	1.9747431206804436						
PB.161551.582	Patient16	9	5	1395	1271	6451.612903225807	3933.910306845004	2.0	1.0	0.0	0.0	1579.6408362637187	696.1926290120907	SRSF6	93.0	54.0	0.0967741935483871	0.09259259259259259	1579.6408362637187	3031.5094801741793	1.607110945495761	-1.242572296764585	1.9960800918639636						
PB.161551.582	Patient17	3	1	975	1227	3076.923076923077	814.9959250203749	5.0	10.0	0.0	0.0	1579.6408362637187	696.1926290120907	SRSF6	56.0	25.0	0.05357142857142857	0.04	1579.6408362637187	3031.5094801741793	0.49390650118413293	-2.3104986000964574	1.9762636279285282						
PB.161551.582	Patient18	5	0	988	1387	5060.728744939272	0.0	3.0	22.0	0.0	0.0	1579.6408362637187	696.1926290120907	SRSF6	157.0	82.0	0.03184713375796178	0.0	1579.6408362637187	3031.5094801741793	1.14830183822336	-1.5928255802121896	1.989580784245027						
PB.161551.582	Patient21	4	4	1417	1328	2822.8652081863092	3012.0481927710844	7.0	2.0	0.0	0.0	1579.6408362637187	696.1926290120907	SRSF6	334.0	122.0	0.011976047904191617	0.03278688524590164	1579.6408362637187	3031.5094801741793	0.41010076994750466	-2.4347845505956216	1.9739573751018453						
PB.161551.582	Patient26	6	3	1690	1469	3550.2958579881656	2042.2055820285907	4.0	4.0	0.0	0.0	1579.6408362637187	696.1926290120907	SRSF6	668.0	201.0	0.008982035928143712	0.014925373134328358	1579.6408362637187	3031.5094801741793	0.6500573508387051	-2.1041102204564717	1.9800933752332517						
PB.161551.582	Patient27	14	4	917	1439	15267.175572519083	2779.708130646282	1.0	3.0	0.0	0.0	1579.6408362637187	696.1926290120907	SRSF6	92.0	45.0	0.15217391304347827	0.08888888888888889	1579.6408362637187	3031.5094801741793	4.515088877594052	1.242572296764585	2.042194489513282						
PB.161551.582	Patient30	3	3	1658	1808	1809.4089264173704	1659.2920353982302	9.0	7.0	0.0	0.0	1579.6408362637187	696.1926290120907	SRSF6	496.0	127.0	0.006048387096774193	0.023622047244094488	1579.6408362637187	3031.5094801741793	0.07579329428336475	-3.076140173455993	1.9620563660803907						
PB.161551.582	Patient6	3	2	1602	1714	1872.6591760299625	1166.8611435239206	8.0	8.0	0.0	0.0	1579.6408362637187	696.1926290120907	SRSF6	77.0	89.0	0.03896103896103896	0.02247191011235955	1579.6408362637187	3031.5094801741793	0.09665756999361522	-3.026597230052196	1.9629756860261154						
PB.161551.598	Patient20	4	2	1888	1738	2118.64406779661	1150.7479861910242	3.0	3.0	0.0	0.0	696.8469069485643	329.5465345074112	SRSF6	54.0	81.0	0.07407407407407407	0.024691358024691357	696.8469069485643	2312.802605315432	0.6147507606487385	-2.500736216290969	2.4839437209598785	1.0	1.0	1.0	1.0	1.0	
PB.161551.598	Patient22	1	1	1221	2106	819.0008190008191	474.8338081671415	5.0	9.0	0.0	0.0	696.8469069485643	329.5465345074112	SRSF6	58.0	43.0	0.017241379310344827	0.023255813953488372	696.8469069485643	2312.802605315432	0.05281640195817524	-3.8708609872166417	2.1759406368888023						
PB.161551.598	Patient27	11	1	917	1439	11995.637949836422	694.9270326615705	1.0	6.0	0.0	0.0	696.8469069485643	329.5465345074112	SRSF6	92.0	45.0	0.11956521739130435	0.022222222222222223	696.8469069485643	2312.802605315432	4.885324418487011	1.3244506567368048	3.343843037461371	1.0	1.0	1.0	1.0	1.0	
PB.161551.598	Patient29	5	5	1044	1857	4789.272030651341	2692.5148088314486	2.0	1.0	0.0	0.0	696.8469069485643	329.5465345074112	SRSF6	61.0	35.0	0.08196721311475409	0.14285714285714285	696.8469069485643	2312.802605315432	1.7694658049490697	-1.3244506567368048	2.74837188675837	1.0	1.0	1.0	1.0	1.0	
PB.161551.598	Patient5	3	2	1596	1993	1879.6992481203006	1003.5122930255895	4.0	5.0	0.0	0.0	696.8469069485643	329.5465345074112	SRSF6	354.0	682.0	0.00847457627118644	0.002932551319648094	696.8469069485643	2312.802605315432	0.511436790348311	-2.67328908416001	2.4451539577231576						
PB.161551.604	Patient11	2	3	1367	2226	1463.057790782736	1347.7088948787064	11.0	11.0	0.0	645.9948320413437	1393.892593594069	1060.6167864373883	SRSF6	299.0	1145.0	0.006688963210702341	0.0026200873362445414	1393.892593594069	2989.4704868588165	0.02313627028355187	-3.467533634469346	1.82106020625633						
PB.161551.604	Patient15	4	6	1376	2573	2906.9767441860463	2331.908278274388	3.0	5.0	0.0	645.9948320413437	1393.892593594069	1060.6167864373883	SRSF6	324.0	294.0	0.012345679012345678	0.02040816326530612	1393.892593594069	2989.4704868588165	0.506137845228186	-2.4774904050335085	1.9925103799460169	1.0	1.0	1.0	1.0	1.0	
PB.161551.604	Patient18	16	2	988	1387	16194.331983805669	1441.9610670511895	1.0	9.0	0.0	645.9948320413437	1393.892593594069	1060.6167864373883	SRSF6	157.0	82.0	0.10191082802547771	0.024390243902439025	1393.892593594069	2989.4704868588165	4.950856499594732	1.9927083867028905	2.766634515623775	1.0	1.0	1.0	1.0	1.0	
PB.161551.604	Patient19	5	1	1229	1548	4068.3482506102523	645.9948320413437	2.0	16.0	0.0	645.9948320413437	1393.892593594069	1060.6167864373883	SRSF6	74.0	31.0	0.06756756756756757	0.03225806451612903	1393.892593594069	2989.4704868588165	0.8946252083011413	-1.9927083867028905	2.0764622305048897						
PB.161551.604	Patient20	4	7	1888	1738	2118.64406779661	4027.6179516685847	8.0	2.0	0.0	645.9948320413437	1393.892593594069	1060.6167864373883	SRSF6	54.0	81.0	0.07407407407407407	0.08641975308641975	1393.892593594069	2989.4704868588165	0.2424347312972048	-2.9336841100403444	1.9135092943023795						
PB.161551.604	Patient21	4	3	1417	1328	2822.8652081863092	2259.0361445783133	4.0	6.0	0.0	645.9948320413437	1393.892593594069	1060.6167864373883	SRSF6	334.0	122.0	0.011976047904191617	0.02459016393442623	1393.892593594069	2989.4704868588165	0.4780019140091033	-2.5198349107861873	1.985177394223527						
PB.161551.604	Patient24	2	1	1059	1661	1888.5741265344666	602.0469596628537	10.0	17.0	0.0	645.9948320413437	1393.892593594069	1060.6167864373883	SRSF6	27.0	41.0	0.07407407407407407	0.024390243902439025	1393.892593594069	2989.4704868588165	0.1654746334225175	-3.0994450212248736	1.8848037426975845						
PB.161551.604	Patient25	3	2	1372	1946	2186.5889212827988	1027.749229188078	7.0	13.0	0.0	645.9948320413437	1393.892593594069	1060.6167864373883	SRSF6	341.0	346.0	0.008797653958944282	0.005780346820809248	1393.892593594069	2989.4704868588165	0.2651627875817081	-2.888164475829866	1.9213921310913598						
PB.161551.604	Patient26	4	4	1690	1469	2366.8639053254437	2722.940776038121	6.0	4.0	0.0	645.9948320413437	1393.892593594069	1060.6167864373883	SRSF6	668.0	201.0	0.005988023952095809	0.01990049751243781	1393.892593594069	2989.4704868588165	0.32546610378272156	-2.7739199733272217	1.941176357895609						
PB.161551.604	Patient28	3	2	1473	1202	2036.6598778004072	1663.8935108153078	9.0	7.0	0.0	645.9948320413437	1393.892593594069	1060.6167864373883	SRSF6	299.0	165.0	0.010033444816053512	0.012121212121212121	1393.892593594069	2989.4704868588165	0.2150104130587104	-2.990592876979562	1.9036541509246963						
PB.161551.604	Patient30	4	10	1658	1808	2412.5452352231605	5530.973451327433	5.0	1.0	0.0	645.9948320413437	1393.892593594069	1060.6167864373883	SRSF6	496.0	127.0	0.008064516129032258	0.07874015748031496	1393.892593594069	2989.4704868588165	0.34074684667632893	-2.7463522703856302	1.9459503791878459						
PB.161551.61	Patient15	6	0	1376	2573	4360.46511627907	0.0	5.0	20.5	0.0	0.0	4137.538206592386	5096.228719210569	SRSF6	324.0	294.0	0.018518518518518517	0.0	4137.538206592386	10521.760395008847	0.021187225456344022	-3.4757456405858793	1.987595142074874						
PB.161551.61	Patient21	6	1	1417	1328	4234.297812279464	753.0120481927711	6.0	8.0	0.0	0.0	4137.538206592386	5096.228719210569	SRSF6	334.0	122.0	0.017964071856287425	0.00819672131147541	4137.538206592386	10521.760395008847	0.00919614228556063	-3.5180950726796993	1.9806332422980348						
PB.161551.61	Patient25	22	2	1372	1946	16034.985422740525	1027.749229188078	4.0	7.0	0.0	0.0	4137.538206592386	5096.228719210569	SRSF6	341.0	346.0	0.06451612903225806	0.005780346820809248	4137.538206592386	10521.760395008847	1.1307468303300148	-1.5973173853670224	2.296393362127635	1.0	1.0	1.0	1.0	1.0	
PB.161551.61	Patient26	82	1	1690	1469	48520.7100591716	680.7351940095302	1.0	9.0	0.0	0.0	4137.538206592386	5096.228719210569	SRSF6	668.0	201.0	0.12275449101796407	0.004975124378109453	4137.538206592386	10521.760395008847	4.2182268162686	0.9067416511367045	2.7080401584484726	1.0	1.0	1.0	1.0	1.0	
PB.161551.61	Patient30	38	3	1658	1808	22919.179734620022	1659.2920353982302	3.0	6.0	0.0	0.0	4137.538206592386	5096.228719210569	SRSF6	496.0	127.0	0.07661290322580645	0.023622047244094488	4137.538206592386	10521.760395008847	1.7850284384861097	-1.0820120390978476	2.381105340490127					2.0	
PB.161551.61	Patient31	25	0	966	1858	25879.91718426501	0.0	2.0	20.5	0.0	0.0	4137.538206592386	5096.228719210569	SRSF6	153.0	125.0	0.16339869281045752	0.0	4137.538206592386	10521.760395008847	2.066420272028476	-0.9067416511367046	2.4099183567338867	1.0	1.0	1.0	1.0	1.0	
PB.161551.620	Patient10	10	15	1394	2180	7173.601147776184	6880.733944954129	3.0	3.0	2181.0250817884407	553.0973451327434	2725.4634912048077	2540.9791757663725	SRSF6	248.0	345.0	0.04032258064516129	0.043478260869565216	2725.4634912048077	2745.242737987397	1.6203075943049072	-5.696596248996263	0.3480962746923671						
PB.161551.620	Patient11	14	40	1367	2226	10241.40453547915	17969.451931716085	1.0	1.0	2181.0250817884407	553.0973451327434	2725.4634912048077	2540.9791757663725	SRSF6	299.0	1145.0	0.046822742474916385	0.034934497816593885	2725.4634912048077	2745.242737987397	2.737805637465945	1.8743245054221602	0.4844013227559843						
PB.161551.620	Patient12	8	10	1791	2004	4466.7783361250695	4990.0199600798405	8.0	7.0	2181.0250817884407	553.0973451327434	2725.4634912048077	2540.9791757663725	SRSF6	223.0	348.0	0.03587443946188341	0.028735632183908046	2725.4634912048077	2745.242737987397	0.634302686908066	-13.276113102660123	0.21163646451211768						
PB.161551.620	Patient13	7	27	2218	2495	3155.9963931469792	10821.643286573146	12.0	2.0	2181.0250817884407	553.0973451327434	2725.4634912048077	2540.9791757663725	SRSF6	387.0	696.0	0.01808785529715762	0.03879310344827586	2725.4634912048077	2745.242737987397	0.15682871899983805	-18.833185930122212	0.1115882532825673						
PB.161551.620	Patient18	9	3	988	1387	9109.311740890687	2162.9416005767844	2.0	12.0	2181.0250817884407	553.0973451327434	2725.4634912048077	2540.9791757663725	SRSF6	157.0	82.0	0.05732484076433121	0.036585365853658534	2725.4634912048077	2745.242737987397	2.3254221425847503	-1.8743245054221602	0.4169115417675137						
PB.161551.620	Patient21	4	0	1417	1328	2822.8652081863092	0.0	13.0	25.0	2181.0250817884407	553.0973451327434	2725.4634912048077	2540.9791757663725	SRSF6	334.0	122.0	0.011976047904191617	0.0	2725.4634912048077	2745.242737987397	0.035480183822618555	-20.617658311398255	0.07946103895978142						
PB.161551.620	Patient22	5	1	1221	2106	4095.0040950040952	474.8338081671415	10.0	17.0	2181.0250817884407	553.0973451327434	2725.4634912048077	2540.9791757663725	SRSF6	58.0	43.0	0.08620689655172414	0.023255813953488372	2725.4634912048077	2745.242737987397	0.49887778040470493	-14.66637073395932	0.1866065983436658						
PB.161551.620	Patient23	3	2	665	1159	4511.278195488722	1725.625539257981	7.0	13.0	2181.0250817884407	553.0973451327434	2725.4634912048077	2540.9791757663725	SRSF6	27.0	18.0	0.1111111111111111	0.1111111111111111	2725.4634912048077	2745.242737987397	0.6505124955154742	-13.117517300546726	0.2144917854342312						
PB.161551.620	Patient26	8	5	1690	1469	4733.7278106508875	3403.6759700476514	6.0	9.0	2181.0250817884407	553.0973451327434	2725.4634912048077	2540.9791757663725	SRSF6	668.0	201.0	0.011976047904191617	0.024875621890547265	2725.4634912048077	2745.242737987397	0.7315434411888787	-12.347460284692877	0.22835570792958						
PB.161551.620	Patient29	5	0	1044	1857	4789.272030651341	0.0	5.0	25.0	2181.0250817884407	553.0973451327434	2725.4634912048077	2540.9791757663725	SRSF6	61.0	35.0	0.08196721311475409	0.0	2725.4634912048077	2745.242737987397	0.7517763405357591	-12.160827737584233	0.23171579570873588						
PB.161551.620	Patient30	10	1	1658	1808	6031.363088057901	553.0973451327434	4.0	16.0	2181.0250817884407	553.0973451327434	2725.4634912048077	2540.9791757663725	SRSF6	496.0	127.0	0.020161290322580645	0.007874015748031496	2725.4634912048077	2745.242737987397	1.204228519069584	-8.471504136004242	0.29813749620561647						
PB.161551.620	Patient31	4	0	966	1858	4140.786749482402	0.0	9.0	25.0	2181.0250817884407	553.0973451327434	2725.4634912048077	2540.9791757663725	SRSF6	153.0	125.0	0.026143790849673203	0.0	2725.4634912048077	2745.242737987397	0.5155548683156528	-14.488500512877215	0.1898089312989452						
PB.161551.620	Patient8	5	7	1359	1179	3679.175864606328	5937.234944868533	11.0	5.0	2181.0250817884407	553.0973451327434	2725.4634912048077	2540.9791757663725	SRSF6	217.0	262.0	0.02304147465437788	0.026717557251908396	2725.4634912048077	2745.242737987397	0.3474054808358075	-16.379423365413032	0.15576520812972997						
PB.161551.68	Patient1	9	0	1902	1717	4731.86119873817	0.0	5.0	21.0	957.8544061302681	0.0	2086.813695866513	2040.7351218753147	SRSF6	191.0	95.0	0.04712041884816754	0.0	2086.813695866513	2776.7118586970223	0.9525826363967239	-13.377783763135106	0.4070412600549268						
PB.161551.68	Patient10	4	9	1394	2180	2869.4404591104735	4128.440366972477	10.0	6.0	957.8544061302681	0.0	2086.813695866513	2040.7351218753147	SRSF6	248.0	345.0	0.016129032258064516	0.02608695652173913	2086.813695866513	2776.7118586970223	0.28185379076790834	-20.517475834208707	0.28123086371592065						
PB.161551.68	Patient15	6	1	1376	2573	4360.46511627907	388.65137971239795	7.0	10.0	957.8544061302681	0.0	2086.813695866513	2040.7351218753147	SRSF6	324.0	294.0	0.018518518518518517	0.003401360544217687	2086.813695866513	2776.7118586970223	0.8188287212053296	-14.544571620382914	0.38648098360286226						
PB.161551.68	Patient18	3	2	988	1387	3036.4372469635628	1441.9610670511895	9.0	8.0	957.8544061302681	0.0	2086.813695866513	2040.7351218753147	SRSF6	157.0	82.0	0.01910828025477707	0.024390243902439025	2086.813695866513	2776.7118586970223	0.3419957127069938	-19.710099830211345	0.2954578491441924						
PB.161551.68	Patient19	3	0	1229	1548	2441.0089503661516	0.0	11.0	21.0	957.8544061302681	0.0	2086.813695866513	2040.7351218753147	SRSF6	74.0	31.0	0.04054054054054054	0.0	2086.813695866513	2776.7118586970223	0.12755924003790772	-22.825361567814674	0.24056300073812087						
PB.161551.68	Patient2	6	0	1277	1085	4698.512137823023	0.0	6.0	21.0	957.8544061302681	0.0	2086.813695866513	2040.7351218753147	SRSF6	88.0	62.0	0.06818181818181818	0.0	2086.813695866513	2776.7118586970223	0.9405723657556802	-13.478743438289465	0.4052622230013698						
PB.161551.68	Patient21	7	0	1417	1328	4940.014114326042	0.0	4.0	21.0	957.8544061302681	0.0	2086.813695866513	2040.7351218753147	SRSF6	334.0	122.0	0.020958083832335328	0.0	2086.813695866513	2776.7118586970223	1.0275464519384443	-12.763268664832559	0.41786979261685303						
PB.161551.68	Patient25	3	0	1372	1946	2186.5889212827988	0.0	12.0	21.0	957.8544061302681	0.0	2086.813695866513	2040.7351218753147	SRSF6	341.0	346.0	0.008797653958944282	0.0	2086.813695866513	2776.7118586970223	0.0359328697011815	-24.396192006622222	0.2128829834319914						
PB.161551.68	Patient26	11	0	1690	1469	6508.87573964497	0.0	3.0	21.0	957.8544061302681	0.0	2086.813695866513	2040.7351218753147	SRSF6	668.0	201.0	0.016467065868263474	0.0	2086.813695866513	2776.7118586970223	1.5925534476787657	-8.826239117468258	0.48724522825490557						
PB.161551.68	Patient3	24	1	1987	2019	12078.510317060896	495.2947003467063	1.0	9.0	957.8544061302681	0.0	2086.813695866513	2040.7351218753147	SRSF6	371.0	172.0	0.0646900269541779	0.005813953488372093	2086.813695866513	2776.7118586970223	3.598391597564973	8.553344369448611	0.7934954509437208						
PB.161551.68	Patient30	11	0	1658	1808	6634.499396863692	0.0	2.0	21.0	957.8544061302681	0.0	2086.813695866513	2040.7351218753147	SRSF6	496.0	127.0	0.02217741935483871	0.0	2086.813695866513	2776.7118586970223	1.637795324982402	-8.55334436944861	0.49205397855749705						
PB.161551.68	Patient4	5	0	1554	1450	3217.5032175032175	0.0	8.0	21.0	957.8544061302681	0.0	2086.813695866513	2040.7351218753147	SRSF6	197.0	100.0	0.025380710659898477	0.0	2086.813695866513	2776.7118586970223	0.4072044847200252	-18.883397710524537	0.31002538515229						
PB.161551.77	Patient18	1	0	988	1387	1012.1457489878543	0.0	5.0	18.0	0.0	0.0	908.8868852412488	130.2783965527929	SRSF6	157.0	82.0	0.006369426751592357	0.0	908.8868852412488	2518.0982724231612	0.041006685432987355	-3.4225336495228276	2.0608718246629123						
PB.161551.77	Patient2	10	0	1277	1085	7830.853563038371	0.0	2.0	18.0	0.0	0.0	908.8868852412488	130.2783965527929	SRSF6	88.0	62.0	0.11363636363636363	0.0	908.8868852412488	2518.0982724231612	2.7488866314721414	-0.47202159138380584	2.669870815585302						
PB.161551.77	Patient22	7	2	1221	2106	5733.0057330057325	949.667616334283	3.0	2.0	0.0	0.0	908.8868852412488	130.2783965527929	SRSF6	58.0	43.0	0.1206896551724138	0.046511627906976744	908.8868852412488	2518.0982724231612	1.9157786257175116	-0.9218320346024359	2.577027912174401	1.0	1.0	1.0	1.0	1.0	
PB.161551.77	Patient28	16	1	1473	1202	10862.186014935505	831.9467554076539	1.0	4.0	0.0	0.0	908.8868852412488	130.2783965527929	SRSF6	299.0	165.0	0.05351170568561873	0.006060606060606061	908.8868852412488	2518.0982724231612	3.952704800562138	0.47202159138380567	2.864725584643679						
PB.161551.77	Patient30	2	0	1658	1808	1206.2726176115802	0.0	4.0	18.0	0.0	0.0	908.8868852412488	130.2783965527929	SRSF6	496.0	127.0	0.004032258064516129	0.0	908.8868852412488	2518.0982724231612	0.11809933537032202	-3.16962388973558	2.11307353930427						
PB.161551.94	Patient11	2	76	1367	2226	1463.057790782736	34141.95867026055	13.0	1.0	525.7623554153522	0.0	1359.7199546965242	2157.6092254285127	SRSF6	299.0	1145.0	0.006688963210702341	0.06637554585152838	1359.7199546965242	1698.4949124546788	0.060840827563543975	-16.22055885714545	1.084068273178164						
PB.161551.94	Patient14	4	0	1161	1708	3445.305770887166	0.0	5.0	20.5	525.7623554153522	0.0	1359.7199546965242	2157.6092254285127	SRSF6	121.0	44.0	0.03305785123966942	0.0	1359.7199546965242	1698.4949124546788	1.2279023039147854	-6.279165475927508	1.2561944427546676						
PB.161551.94	Patient15	2	0	1376	2573	1453.4883720930231	0.0	14.0	20.5	525.7623554153522	0.0	1359.7199546965242	2157.6092254285127	SRSF6	324.0	294.0	0.006172839506172839	0.0	1359.7199546965242	1698.4949124546788	0.055206769657604744	-16.296710255244374	1.0827497810956126						
PB.161551.94	Patient16	2	0	1395	1271	1433.6917562724013	0.0	15.0	20.5	525.7623554153522	0.0	1359.7199546965242	2157.6092254285127	SRSF6	93.0	54.0	0.021505376344086023	0.0	1359.7199546965242	1698.4949124546788	0.0435513824819013	-16.455850663525016	1.0799944099065055						
PB.161551.94	Patient18	2	0	988	1387	2024.2914979757086	0.0	9.0	20.5	525.7623554153522	0.0	1359.7199546965242	2157.6092254285127	SRSF6	157.0	82.0	0.012738853503184714	0.0	1359.7199546965242	1698.4949124546788	0.3912708471518117	-12.452268288444785	1.1493127913829395						
PB.161551.94	Patient19	2	0	1229	1548	1627.3393002441007	0.0	12.0	20.5	525.7623554153522	0.0	1359.7199546965242	2157.6092254285127	SRSF6	74.0	31.0	0.02702702702702703	0.0	1359.7199546965242	1698.4949124546788	0.1575626418337697	-14.985579157989903	1.1054508215764594						
PB.161551.94	Patient22	2	0	1221	2106	1638.0016380016382	0.0	11.0	20.5	525.7623554153522	0.0	1359.7199546965242	2157.6092254285127	SRSF6	58.0	43.0	0.034482758620689655	0.0	1359.7199546965242	1698.4949124546788	0.16384016299639018	-14.909788293927996	1.1067630713406138						
PB.161551.94	Patient25	7	1	1372	1946	5102.04081632653	513.874614594039	2.0	9.0	525.7623554153522	0.0	1359.7199546965242	2157.6092254285127	SRSF6	341.0	346.0	0.020527859237536656	0.002890173410404624	1359.7199546965242	1698.4949124546788	2.2033159088016188	-1.720850562321315	1.335117512762623						
PB.161551.94	Patient26	10	1	1690	1469	5917.159763313609	680.7351940095302	1.0	7.0	525.7623554153522	0.0	1359.7199546965242	2157.6092254285127	SRSF6	668.0	201.0	0.014970059880239521	0.004975124378109453	1359.7199546965242	1698.4949124546788	2.68322252554212	1.7208505623213157	1.3947074322734134						
PB.161551.94	Patient27	2	0	917	1439	2181.0250817884407	0.0	8.0	20.5	525.7623554153522	0.0	1359.7199546965242	2157.6092254285127	SRSF6	92.0	45.0	0.021739130434782608	0.0	1359.7199546965242	1698.4949124546788	0.48354877077904207	-11.586672316069542	1.1642997970684088						
PB.161551.94	Patient29	2	0	1044	1857	1915.7088122605362	0.0	10.0	20.5	525.7623554153522	0.0	1359.7199546965242	2157.6092254285127	SRSF6	61.0	35.0	0.03278688524590164	0.0	1359.7199546965242	1698.4949124546788	0.3273420800304267	-13.092166850356977	1.1382335307445315						
PB.161551.94	Patient3	7	0	1987	2019	3522.8988424760946	0.0	4.0	20.5	525.7623554153522	0.0	1359.7199546965242	2157.6092254285127	SRSF6	371.0	172.0	0.018867924528301886	0.0	1359.7199546965242	1698.4949124546788	1.2735857328258504	-6.020610623455744	1.2606710844762863						
PB.161551.94	Patient30	7	1	1658	1808	4221.95416164053	553.0973451327434	3.0	8.0	525.7623554153522	0.0	1359.7199546965242	2157.6092254285127	SRSF6	496.0	127.0	0.014112903225806451	0.007874015748031496	1359.7199546965242	1698.4949124546788	1.6851591288003813	-3.9191244729194166	1.2970564026745663						
PB.161551.94	Patient31	3	0	966	1858	3105.590062111801	0.0	6.0	20.5	525.7623554153522	0.0	1359.7199546965242	2157.6092254285127	SRSF6	153.0	125.0	0.0196078431372549	0.0	1359.7199546965242	1698.4949124546788	1.0278924562053184	-7.484282507533153	1.2353289392394782						
PB.161551.94	Patient4	4	0	1554	1450	2574.002574002574	0.0	7.0	20.5	525.7623554153522	0.0	1359.7199546965242	2157.6092254285127	SRSF6	197.0	100.0	0.02030456852791878	0.0	1359.7199546965242	1698.4949124546788	0.714916842200698	-9.663668254113025	1.1975948605038809						
PB.59138.287	Patient16	3	0	1395	1271	2150.537634408602	0.0	12.0	23.0	1577.2870662460568	0.0	2022.8745626685459	1336.468100913653	DND1_HARS1	5.0	0.0	0.6		2022.8745626685459	2958.129864164802	0.04315668263472287	-29.106773371395665	0.11929637840223542						
PB.59138.287	Patient17	2	0	975	1227	2051.2820512820513	0.0	13.0	23.0	1577.2870662460568	0.0	2022.8745626685459	1336.468100913653	DND1_HARS1	6.0	0.0	0.3333333333333333		2022.8745626685459	2958.129864164802	0.009603191853622682	-29.81766251250924	0.10761203798709261						
PB.59138.287	Patient18	2	0	988	1387	2024.2914979757086	0.0	14.0	23.0	1577.2870662460568	0.0	2022.8745626685459	1336.468100913653	DND1_HARS1	2.0	0.0	1.0		2022.8745626685459	2958.129864164802	0.00047899699209546376	-30.01692549228094	0.10433690498373692						
PB.59138.287	Patient2	19	2	1277	1085	14878.621769772904	1843.3179723502303	1.0	8.0	1577.2870662460568	0.0	2022.8745626685459	1336.468100913653	DND1_HARS1	32.0	6.0	0.59375	0.3333333333333333	2022.8745626685459	2958.129864164802	4.345903593632138	11.80883938828989	0.791794972246908						
PB.59138.287	Patient21	4	0	1417	1328	2822.8652081863092	0.0	8.0	23.0	1577.2870662460568	0.0	2022.8745626685459	1336.468100913653	DND1_HARS1	7.0	0.0	0.5714285714285714		2022.8745626685459	2958.129864164802	0.27043797339966774	-25.013907109485803	0.18656768684126457						
PB.59138.287	Patient22	5	0	1221	2106	4095.0040950040952	0.0	4.0	23.0	1577.2870662460568	0.0	2022.8745626685459	1336.468100913653	DND1_HARS1	6.0	0.0	0.8333333333333334		2022.8745626685459	2958.129864164802	0.7004863300416982	-19.416167856625457	0.27857344020411956						
PB.59138.287	Patient23	2	1	665	1159	3007.5187969924814	862.8127696289905	7.0	11.0	1577.2870662460568	0.0	2022.8745626685459	1336.468100913653	DND1_HARS1	9.0	1.0	0.2222222222222222	1.0	2022.8745626685459	2958.129864164802	0.33286038123344525	-24.060524765009845	0.20223770233931296						
PB.59138.287	Patient27	2	0	917	1439	2181.0250817884407	0.0	11.0	23.0	1577.2870662460568	0.0	2022.8745626685459	1336.468100913653	DND1_HARS1	4.0	2.0	0.5	0.0	2022.8745626685459	2958.129864164802	0.0534630075020547	-28.894989230322267	0.12277731214522934						
PB.59138.287	Patient28	10	0	1473	1202	6788.866259334691	0.0	2.0	23.0	1577.2870662460568	0.0	2022.8745626685459	1336.468100913653	DND1_HARS1	15.0	0.0	0.6666666666666666		2022.8745626685459	2958.129864164802	1.6111502589531426	-11.80883938828989	0.40360927256273854						
PB.59138.287	Patient29	4	0	1044	1857	3831.4176245210724	0.0	5.0	23.0	1577.2870662460568	0.0	2022.8745626685459	1336.468100913653	DND1_HARS1	9.0	0.0	0.4444444444444444		2022.8745626685459	2958.129864164802	0.6113805495023966	-20.41733536779956	0.26211801651482936						
PB.59138.287	Patient3	6	1	1987	2019	3019.627579265224	495.2947003467063	6.0	13.0	1577.2870662460568	0.0	2022.8745626685459	1336.468100913653	DND1_HARS1	7.0	2.0	0.8571428571428571	0.5	2022.8745626685459	2958.129864164802	0.33695377227061035	-24.00006652233187	0.2032314081754215						
PB.59138.287	Patient30	4	0	1658	1808	2412.5452352231605	0.0	10.0	23.0	1577.2870662460568	0.0	2022.8745626685459	1336.468100913653	DND1_HARS1	12.0	0.0	0.3333333333333333		2022.8745626685459	2958.129864164802	0.13172872404120575	-27.37714395523889	0.14772497256920086						
PB.59138.287	Patient31	5	0	966	1858	5175.983436853002	0.0	3.0	23.0	1577.2870662460568	0.0	2022.8745626685459	1336.468100913653	DND1_HARS1	10.0	0.0	0.5		2022.8745626685459	2958.129864164802	1.0659129311331652	-15.89094206534652	0.3365148769252123						
PB.59138.287	Patient4	4	0	1554	1450	2574.002574002574	0.0	9.0	23.0	1577.2870662460568	0.0	2022.8745626685459	1336.468100913653	DND1_HARS1	8.0	0.0	0.5		2022.8745626685459	2958.129864164802	0.18630960662358667	-26.40250075087315	0.16374443653973786						
PB.59138.305	Patient15	5	0	1376	2573	3633.720930232558	0.0	8.0	22.5	1433.6917562724013	0.0	2366.2445740742455	885.6734207513038	DND1_HARS1	6.0	1.0	0.8333333333333334	0.0	2366.2445740742455	2865.9940523303276	0.44224668056367145	-15.774057654455364	0.2854749119453173						
PB.59138.305	Patient17	4	0	975	1227	4102.5641025641025	0.0	7.0	22.5	1433.6917562724013	0.0	2366.2445740742455	885.6734207513038	DND1_HARS1	6.0	0.0	0.6666666666666666		2366.2445740742455	2865.9940523303276	0.6058350076051494	-13.97446119826927	0.31492737750922417						
PB.59138.305	Patient19	3	0	1229	1548	2441.0089503661516	0.0	13.0	22.5	1433.6917562724013	0.0	2366.2445740742455	885.6734207513038	DND1_HARS1	5.0	1.0	0.6	0.0	2366.2445740742455	2865.9940523303276	0.026086717183210987	-21.6733229663474	0.18892665088734875						
PB.59138.305	Patient2	13	4	1277	1085	10180.109631949883	3686.6359447004606	2.0	3.0	1433.6917562724013	0.0	2366.2445740742455	885.6734207513038	DND1_HARS1	32.0	6.0	0.40625	0.6666666666666666	2366.2445740742455	2865.9940523303276	2.7264065853598742	-0.4960074224502131	0.5355177739408393						
PB.59138.305	Patient23	7	0	665	1159	10526.315789473683	0.0	1.0	22.5	1433.6917562724013	0.0	2366.2445740742455	885.6734207513038	DND1_HARS1	9.0	1.0	0.7777777777777778	0.0	2366.2445740742455	2865.9940523303276	2.8472045183640624	0.4960074224502121	0.5517532377071076						
PB.59138.305	Patient24	7	0	1059	1661	6610.0094428706325	0.0	3.0	22.5	1433.6917562724013	0.0	2366.2445740742455	885.6734207513038	DND1_HARS1	7.0	0.0	1.0		2366.2445740742455	2865.9940523303276	1.4807305218745306	-6.900876817566637	0.4306947206098874						
PB.59138.305	Patient25	4	0	1372	1946	2915.451895043732	0.0	11.0	22.5	1433.6917562724013	0.0	2366.2445740742455	885.6734207513038	DND1_HARS1	4.0	0.0	1.0		2366.2445740742455	2865.9940523303276	0.19162891162419832	-19.03976617917362	0.232027836332675						
PB.59138.305	Patient26	6	0	1690	1469	3550.2958579881656	0.0	9.0	22.5	1433.6917562724013	0.0	2366.2445740742455	885.6734207513038	DND1_HARS1	8.0	0.0	0.75		2366.2445740742455	2865.9940523303276	0.4131380813408084	-16.118477268665078	0.2798380888719134						
PB.59138.305	Patient28	5	0	1473	1202	3394.4331296673454	0.0	10.0	22.5	1433.6917562724013	0.0	2366.2445740742455	885.6734207513038	DND1_HARS1	15.0	0.0	0.3333333333333333		2366.2445740742455	2865.9940523303276	0.3587546020052219	-16.784202182606595	0.2689427350632872						
PB.59138.305	Patient29	5	0	1044	1857	4789.272030651341	0.0	6.0	22.5	1433.6917562724013	0.0	2366.2445740742455	885.6734207513038	DND1_HARS1	9.0	0.0	0.5555555555555556		2366.2445740742455	2865.9940523303276	0.8454405041793238	-11.679326326489386	0.3524898991196959						
PB.59138.305	Patient30	8	0	1658	1808	4825.090470446321	0.0	5.0	22.5	1433.6917562724013	0.0	2366.2445740742455	885.6734207513038	DND1_HARS1	12.0	0.0	0.6666666666666666		2366.2445740742455	2865.9940523303276	0.8579382411393347	-11.568827453981294	0.35429834024337564						
PB.59138.305	Patient31	5	0	966	1858	5175.983436853002	0.0	4.0	22.5	1433.6917562724013	0.0	2366.2445740742455	885.6734207513038	DND1_HARS1	10.0	0.0	0.5		2366.2445740742455	2865.9940523303276	0.9803714911739505	-10.527758695970947	0.37133662771030107						
PB.59138.305	Patient4	4	0	1554	1450	2574.002574002574	0.0	12.0	22.5	1433.6917562724013	0.0	2366.2445740742455	885.6734207513038	DND1_HARS1	8.0	0.0	0.5		2366.2445740742455	2865.9940523303276	0.07249072961592551	-20.8867346739332	0.20180007287907653						
PB.59138.479	Patient16	606	622	1395	1271	434408.6021505376	489378.4421715185	2.0	1.0	292151.1627906977	320030.1204819277	297745.67270134075	310354.51345884235	HARS1	653.0	647.0	0.9280245022970903	0.9613601236476044	297745.67270134075	112937.23127964353	1.2100786242121182	-12.408726839599474	0.8152598109323778						Charcot-Marie-Tooth disease, axonal, type 2W, 616625 (3), Autosomal dominant; Usher syndrome type 3B, 614504 (3), Autosomal recessive
PB.59138.479	Patient17	375	523	975	1227	384615.3846153846	426242.8687856561	5.0	4.0	292151.1627906977	320030.1204819277	297745.67270134075	310354.51345884235	HARS1	401.0	543.0	0.9351620947630923	0.9631675874769797	297745.67270134075	112937.23127964353	0.7691857762914875	-15.596664232326146	0.5678661271493434						Charcot-Marie-Tooth disease, axonal, type 2W, 616625 (3), Autosomal dominant; Usher syndrome type 3B, 614504 (3), Autosomal recessive
PB.59138.479	Patient18	304	556	988	1387	307692.3076923077	400865.1766402307	14.0	6.0	292151.1627906977	320030.1204819277	297745.67270134075	310354.51345884235	HARS1	325.0	594.0	0.9353846153846154	0.936026936026936	297745.67270134075	112937.23127964353	0.08807224046725659	-21.43991371179057	0.11441211099265167						Charcot-Marie-Tooth disease, axonal, type 2W, 616625 (3), Autosomal dominant; Usher syndrome type 3B, 614504 (3), Autosomal recessive
PB.59138.479	Patient19	403	557	1229	1548	327908.8689991863	359819.1214470284	10.0	10.0	292151.1627906977	320030.1204819277	297745.67270134075	310354.51345884235	HARS1	419.0	582.0	0.9618138424821002	0.9570446735395189	297745.67270134075	112937.23127964353	0.2670792966684173	-19.77355269556375	0.24372681813129932						Charcot-Marie-Tooth disease, axonal, type 2W, 616625 (3), Autosomal dominant; Usher syndrome type 3B, 614504 (3), Autosomal recessive
PB.59138.479	Patient20	667	738	1888	1738	353283.89830508473	424626.0069044879	6.0	5.0	292151.1627906977	320030.1204819277	297745.67270134075	310354.51345884235	HARS1	715.0	781.0	0.9328671328671329	0.9449423815620999	297745.67270134075	112937.23127964353	0.4917618837868086	-17.821742429588635	0.39519325936279687						Charcot-Marie-Tooth disease, axonal, type 2W, 616625 (3), Autosomal dominant; Usher syndrome type 3B, 614504 (3), Autosomal recessive
PB.59138.479	Patient22	378	724	1221	2106	309582.30958230956	343779.67711301043	13.0	15.0	292151.1627906977	320030.1204819277	297745.67270134075	310354.51345884235	HARS1	394.0	738.0	0.9593908629441624	0.981029810298103	297745.67270134075	112937.23127964353	0.10480721677743413	-21.279557747095613	0.12685622388927814						Charcot-Marie-Tooth disease, axonal, type 2W, 616625 (3), Autosomal dominant; Usher syndrome type 3B, 614504 (3), Autosomal recessive
PB.59138.479	Patient23	464	523	665	1159	697744.3609022556	451251.078515962	1.0	3.0	292151.1627906977	320030.1204819277	297745.67270134075	310354.51345884235	HARS1	495.0	545.0	0.9373737373737374	0.9596330275229358	297745.67270134075	112937.23127964353	3.5417787709925292	12.408726839599476	2.7411700567921695	1.0	1.0	1.0	1.0	1.0	Charcot-Marie-Tooth disease, axonal, type 2W, 616625 (3), Autosomal dominant; Usher syndrome type 3B, 614504 (3), Autosomal recessive
PB.59138.479	Patient24	440	752	1059	1661	415486.3078375826	452739.313666466	3.0	2.0	292151.1627906977	320030.1204819277	297745.67270134075	310354.51345884235	HARS1	475.0	805.0	0.9263157894736842	0.9341614906832298	297745.67270134075	112937.23127964353	1.0425316240018725	-13.574947327618133	0.7247575371761751						Charcot-Marie-Tooth disease, axonal, type 2W, 616625 (3), Autosomal dominant; Usher syndrome type 3B, 614504 (3), Autosomal recessive
PB.59138.479	Patient27	300	505	917	1439	327153.7622682661	350938.1514940931	11.0	14.0	292151.1627906977	320030.1204819277	297745.67270134075	310354.51345884235	HARS1	324.0	534.0	0.9259259259259259	0.9456928838951311	297745.67270134075	112937.23127964353	0.2603932222679347	-19.83392332887389	0.23904187249811804						Charcot-Marie-Tooth disease, axonal, type 2W, 616625 (3), Autosomal dominant; Usher syndrome type 3B, 614504 (3), Autosomal recessive
PB.59138.479	Patient29	366	505	1044	1857	350574.7126436782	271943.9956919763	7.0	20.0	292151.1627906977	320030.1204819277	297745.67270134075	310354.51345884235	HARS1	392.0	544.0	0.9336734693877551	0.9283088235294118	297745.67270134075	112937.23127964353	0.4677734644612246	-18.023326216817924	0.37954974144824505						Charcot-Marie-Tooth disease, axonal, type 2W, 616625 (3), Autosomal dominant; Usher syndrome type 3B, 614504 (3), Autosomal recessive
PB.59138.479	Patient5	547	419	1596	1993	342731.82957393484	210235.825388861	8.0	25.0	292151.1627906977	320030.1204819277	297745.67270134075	310354.51345884235	HARS1	559.0	435.0	0.9785330948121646	0.9632183908045977	297745.67270134075	112937.23127964353	0.3983288448182691	-18.615799899959555	0.3335719730794805						Charcot-Marie-Tooth disease, axonal, type 2W, 616625 (3), Autosomal dominant; Usher syndrome type 3B, 614504 (3), Autosomal recessive
PB.59138.479	Patient6	637	508	1602	1714	397627.9650436954	296382.73045507586	4.0	18.0	292151.1627906977	320030.1204819277	297745.67270134075	310354.51345884235	HARS1	657.0	531.0	0.969558599695586	0.9566854990583804	297745.67270134075	112937.23127964353	0.8844053569458987	-14.725375996542759	0.6354807568403331						Charcot-Marie-Tooth disease, axonal, type 2W, 616625 (3), Autosomal dominant; Usher syndrome type 3B, 614504 (3), Autosomal recessive
PB.59138.479	Patient7	583	414	1726	1705	337775.20278099657	242815.24926686217	9.0	24.0	292151.1627906977	320030.1204819277	297745.67270134075	310354.51345884235	HARS1	605.0	431.0	0.9636363636363636	0.9605568445475638	297745.67270134075	112937.23127964353	0.3544405120091781	-18.99727074875942	0.30396866946512663						Charcot-Marie-Tooth disease, axonal, type 2W, 616625 (3), Autosomal dominant; Usher syndrome type 3B, 614504 (3), Autosomal recessive
PB.59138.479	Patient9	559	529	1722	1493	324622.53193960513	354320.16075016744	12.0	13.0	292151.1627906977	320030.1204819277	297745.67270134075	310354.51345884235	HARS1	592.0	547.0	0.9442567567567568	0.9670932358318098	297745.67270134075	112937.23127964353	0.23798050415911717	-20.037316002282967	0.2232579794881886						Charcot-Marie-Tooth disease, axonal, type 2W, 616625 (3), Autosomal dominant; Usher syndrome type 3B, 614504 (3), Autosomal recessive
PB.59138.482	Patient16	1	3	1395	1271	716.8458781362007	2360.3461841070025	10.0	6.0	0.0	0.0	541.314056630287	756.8068499073898	HARS1	653.0	647.0	0.0015313935681470138	0.00463678516228748	541.314056630287	884.1220461585938	0.1985379985360378	-2.3959332785582506	1.8491026904880756						Charcot-Marie-Tooth disease, axonal, type 2W, 616625 (3), Autosomal dominant; Usher syndrome type 3B, 614504 (3), Autosomal recessive
PB.59138.482	Patient20	3	4	1888	1738	1588.9830508474577	2301.4959723820484	4.0	7.0	0.0	0.0	541.314056630287	756.8068499073898	HARS1	715.0	781.0	0.004195804195804196	0.005121638924455826	541.314056630287	884.1220461585938	1.184982320901474	-1.2486679271065944	2.0727026555559713						Charcot-Marie-Tooth disease, axonal, type 2W, 616625 (3), Autosomal dominant; Usher syndrome type 3B, 614504 (3), Autosomal recessive
PB.59138.482	Patient21	3	4	1417	1328	2117.148906139732	3012.0481927710844	2.0	3.0	0.0	0.0	541.314056630287	756.8068499073898	HARS1	446.0	461.0	0.006726457399103139	0.008676789587852495	541.314056630287	884.1220461585938	1.7823725314352943	-0.8348752990878734	2.153350098672131	1.0	1.0	1.0	1.0	1.0	Charcot-Marie-Tooth disease, axonal, type 2W, 616625 (3), Autosomal dominant; Usher syndrome type 3B, 614504 (3), Autosomal recessive
PB.59138.482	Patient23	1	0	665	1159	1503.7593984962407	0.0	5.0	21.5	0.0	0.0	541.314056630287	756.8068499073898	HARS1	495.0	545.0	0.00202020202020202	0.0	541.314056630287	884.1220461585938	1.0885887825642007	-1.328146486010481	2.0572124265761897						Charcot-Marie-Tooth disease, axonal, type 2W, 616625 (3), Autosomal dominant; Usher syndrome type 3B, 614504 (3), Autosomal recessive
PB.59138.482	Patient24	4	4	1059	1661	3777.148253068933	2408.187838651415	1.0	5.0	0.0	0.0	541.314056630287	756.8068499073898	HARS1	475.0	805.0	0.008421052631578947	0.004968944099378882	541.314056630287	884.1220461585938	3.6599406275388846	0.8348752990878732	2.478781503840761	1.0	1.0	1.0	1.0	1.0	Charcot-Marie-Tooth disease, axonal, type 2W, 616625 (3), Autosomal dominant; Usher syndrome type 3B, 614504 (3), Autosomal recessive
PB.59138.482	Patient25	1	6	1372	1946	728.862973760933	3083.247687564234	9.0	2.0	0.0	0.0	541.314056630287	756.8068499073898	HARS1	354.0	738.0	0.002824858757062147	0.008130081300813009	541.314056630287	884.1220461585938	0.21213012156582214	-2.3719817741566023	1.8537707958577323						Charcot-Marie-Tooth disease, axonal, type 2W, 616625 (3), Autosomal dominant; Usher syndrome type 3B, 614504 (3), Autosomal recessive
PB.59138.482	Patient28	1	1	1473	1202	678.8866259334691	831.9467554076539	11.0	8.0	0.0	0.0	541.314056630287	756.8068499073898	HARS1	307.0	246.0	0.003257328990228013	0.0040650406504065045	541.314056630287	884.1220461585938	0.15560359556796333	-2.4743132178015586	1.8338265805152159						Charcot-Marie-Tooth disease, axonal, type 2W, 616625 (3), Autosomal dominant; Usher syndrome type 3B, 614504 (3), Autosomal recessive
PB.59138.482	Patient29	1	0	1044	1857	957.8544061302681	0.0	8.0	21.5	0.0	0.0	541.314056630287	756.8068499073898	HARS1	392.0	544.0	0.002551020408163265	0.0	541.314056630287	884.1220461585938	0.4711344449669589	-1.9782956375906098	1.9304995197510204						Charcot-Marie-Tooth disease, axonal, type 2W, 616625 (3), Autosomal dominant; Usher syndrome type 3B, 614504 (3), Autosomal recessive
PB.59138.482	Patient3	2	10	1987	2019	1006.5425264217413	4952.947003467063	7.0	1.0	0.0	0.0	541.314056630287	756.8068499073898	HARS1	609.0	838.0	0.003284072249589491	0.011933174224343675	541.314056630287	884.1220461585938	0.5262039011614033	-1.906838580223361	1.9444263724280881						Charcot-Marie-Tooth disease, axonal, type 2W, 616625 (3), Autosomal dominant; Usher syndrome type 3B, 614504 (3), Autosomal recessive
PB.59138.482	Patient4	3	4	1554	1450	1930.5019305019305	2758.620689655172	3.0	4.0	0.0	0.0	541.314056630287	756.8068499073898	HARS1	420.0	453.0	0.007142857142857143	0.008830022075055188	541.314056630287	884.1220461585938	1.5712625648319722	-0.9679561941109757	2.1274128702526394	1.0	1.0	1.0	1.0	1.0	Charcot-Marie-Tooth disease, axonal, type 2W, 616625 (3), Autosomal dominant; Usher syndrome type 3B, 614504 (3), Autosomal recessive
PB.59138.482	Patient6	2	0	1602	1714	1248.4394506866417	0.0	6.0	21.5	0.0	0.0	541.314056630287	756.8068499073898	HARS1	657.0	531.0	0.0030441400304414	0.0	541.314056630287	884.1220461585938	0.7998051820206625	-1.5963983252188176	2.0049306228936437	1.0	1.0	1.0	1.0	1.0	Charcot-Marie-Tooth disease, axonal, type 2W, 616625 (3), Autosomal dominant; Usher syndrome type 3B, 614504 (3), Autosomal recessive
PB.59138.483	Patient16	22	13	1395	1271	15770.609318996418	10228.166797797012	2.0	8.0	5150.84621044886	5943.536404160475	6586.796792979133	7155.277762937373	HARS1	653.0	647.0	0.033690658499234305	0.02009273570324575	6586.796792979133	4551.6706342398575	2.01767949924413	-3.818430843569452	1.5002368803785526						Charcot-Marie-Tooth disease, axonal, type 2W, 616625 (3), Autosomal dominant; Usher syndrome type 3B, 614504 (3), Autosomal recessive
PB.59138.483	Patient17	14	11	975	1227	14358.97435897436	8964.955175224124	3.0	12.0	5150.84621044886	5943.536404160475	6586.796792979133	7155.277762937373	HARS1	401.0	543.0	0.034912718204488775	0.020257826887661142	6586.796792979133	4551.6706342398575	1.7075439306897924	-5.485622266698491	1.3760359362044068						Charcot-Marie-Tooth disease, axonal, type 2W, 616625 (3), Autosomal dominant; Usher syndrome type 3B, 614504 (3), Autosomal recessive
PB.59138.483	Patient18	12	17	988	1387	12145.748987854251	12256.669069935111	5.0	5.0	5150.84621044886	5943.536404160475	6586.796792979133	7155.277762937373	HARS1	325.0	594.0	0.036923076923076927	0.02861952861952862	6586.796792979133	4551.6706342398575	1.2212993077877832	-8.461731713658216	1.154324380980443						Charcot-Marie-Tooth disease, axonal, type 2W, 616625 (3), Autosomal dominant; Usher syndrome type 3B, 614504 (3), Autosomal recessive
PB.59138.483	Patient20	17	25	1888	1738	9004.237288135593	14384.349827387801	8.0	3.0	5150.84621044886	5943.536404160475	6586.796792979133	7155.277762937373	HARS1	715.0	781.0	0.023776223776223775	0.03201024327784891	6586.796792979133	4551.6706342398575	0.5311105942005797	-13.782553828039228	0.75793850637674						Charcot-Marie-Tooth disease, axonal, type 2W, 616625 (3), Autosomal dominant; Usher syndrome type 3B, 614504 (3), Autosomal recessive
PB.59138.483	Patient23	13	11	665	1159	19548.87218045113	9490.940465918895	1.0	9.0	5150.84621044886	5943.536404160475	6586.796792979133	7155.277762937373	HARS1	495.0	545.0	0.026262626262626262	0.02018348623853211	6586.796792979133	4551.6706342398575	2.8477621579129706	3.8184308435694505	2.0691610116518686						Charcot-Marie-Tooth disease, axonal, type 2W, 616625 (3), Autosomal dominant; Usher syndrome type 3B, 614504 (3), Autosomal recessive
PB.59138.483	Patient24	12	27	1059	1661	11331.444759206799	16255.26791089705	6.0	1.0	5150.84621044886	5943.536404160475	6586.796792979133	7155.277762937373	HARS1	475.0	805.0	0.02526315789473684	0.03354037267080745	6586.796792979133	4551.6706342398575	1.0423970334180466	-9.695531564376019	1.0624098567961313						Charcot-Marie-Tooth disease, axonal, type 2W, 616625 (3), Autosomal dominant; Usher syndrome type 3B, 614504 (3), Autosomal recessive
PB.59138.483	Patient29	14	16	1044	1857	13409.961685823755	8616.047388260635	4.0	13.0	5150.84621044886	5943.536404160475	6586.796792979133	7155.277762937373	HARS1	392.0	544.0	0.03571428571428571	0.029411764705882353	6586.796792979133	4551.6706342398575	1.499046271388244	-6.701297634516429	1.2854716336308842						Charcot-Marie-Tooth disease, axonal, type 2W, 616625 (3), Autosomal dominant; Usher syndrome type 3B, 614504 (3), Autosomal recessive
PB.59138.483	Patient6	11	7	1602	1714	6866.4169787765295	4084.014002333722	9.0	23.0	5150.84621044886	5943.536404160475	6586.796792979133	7155.277762937373	HARS1	657.0	531.0	0.0167427701674277	0.013182674199623353	6586.796792979133	4551.6706342398575	0.06143242959935609	-18.601316872531616	0.398954581930823						Charcot-Marie-Tooth disease, axonal, type 2W, 616625 (3), Autosomal dominant; Usher syndrome type 3B, 614504 (3), Autosomal recessive
PB.59138.483	Patient9	18	8	1722	1493	10452.961672473868	5358.338914936369	7.0	18.0	5150.84621044886	5943.536404160475	6586.796792979133	7155.277762937373	HARS1	592.0	547.0	0.030405405405405407	0.014625228519195612	6586.796792979133	4551.6706342398575	0.8493946926676947	-11.130195980970042	0.9555315027918855						Charcot-Marie-Tooth disease, axonal, type 2W, 616625 (3), Autosomal dominant; Usher syndrome type 3B, 614504 (3), Autosomal recessive
PB.59138.484	Patient12	3	1	1791	2004	1675.0418760469013	499.00199600798396	8.0	18.0	0.0	538.2131324004305	1615.341774683844	1397.475271755191	HARS1	520.0	462.0	0.0057692307692307696	0.0021645021645021645	1615.341774683844	2806.997231800152	0.02126831501175761	-2.651007530506052	1.9624345361688855						Charcot-Marie-Tooth disease, axonal, type 2W, 616625 (3), Autosomal dominant; Usher syndrome type 3B, 614504 (3), Autosomal recessive
PB.59138.484	Patient17	5	3	975	1227	5128.205128205128	2444.9877750611245	5.0	7.0	0.0	538.2131324004305	1615.341774683844	1397.475271755191	HARS1	401.0	543.0	0.012468827930174564	0.0055248618784530384	1615.341774683844	2806.997231800152	1.2514666255187057	-1.037330456830499	1.992864919845214	1.0	1.0	1.0	1.0	1.0	Charcot-Marie-Tooth disease, axonal, type 2W, 616625 (3), Autosomal dominant; Usher syndrome type 3B, 614504 (3), Autosomal recessive
PB.59138.484	Patient18	6	10	988	1387	6072.8744939271255	7209.805335255947	4.0	2.0	0.0	538.2131324004305	1615.341774683844	1397.475271755191	HARS1	325.0	594.0	0.018461538461538463	0.016835016835016835	1615.341774683844	2806.997231800152	1.588007522324711	-0.7934486278255802	1.9974639922057082						Charcot-Marie-Tooth disease, axonal, type 2W, 616625 (3), Autosomal dominant; Usher syndrome type 3B, 614504 (3), Autosomal recessive
PB.59138.484	Patient20	6	3	1888	1738	3177.9661016949153	1726.121979286536	6.0	11.0	0.0	538.2131324004305	1615.341774683844	1397.475271755191	HARS1	715.0	781.0	0.008391608391608392	0.0038412291933418692	1615.341774683844	2806.997231800152	0.5566889447942015	-1.7275080931986646	1.979849694790509						Charcot-Marie-Tooth disease, axonal, type 2W, 616625 (3), Autosomal dominant; Usher syndrome type 3B, 614504 (3), Autosomal recessive
PB.59138.484	Patient21	3	10	1417	1328	2117.148906139732	7530.120481927711	7.0	1.0	0.0	538.2131324004305	1615.341774683844	1397.475271755191	HARS1	446.0	461.0	0.006726457399103139	0.021691973969631236	1615.341774683844	2806.997231800152	0.17877008419209398	-2.3132617113084954	1.9688036759620458						Charcot-Marie-Tooth disease, axonal, type 2W, 616625 (3), Autosomal dominant; Usher syndrome type 3B, 614504 (3), Autosomal recessive
PB.59138.484	Patient23	7	3	665	1159	10526.315789473683	2588.4383088869713	1.0	6.0	0.0	538.2131324004305	1615.341774683844	1397.475271755191	HARS1	495.0	545.0	0.014141414141414142	0.005504587155963303	1615.341774683844	2806.997231800152	3.1745574644101637	0.27089400534116176	2.017535142263362						Charcot-Marie-Tooth disease, axonal, type 2W, 616625 (3), Autosomal dominant; Usher syndrome type 3B, 614504 (3), Autosomal recessive
PB.59138.484	Patient24	7	5	1059	1661	6610.0094428706325	3010.2347983142686	3.0	4.0	0.0	538.2131324004305	1615.341774683844	1397.475271755191	HARS1	475.0	805.0	0.014736842105263158	0.006211180124223602	1615.341774683844	2806.997231800152	1.7793632325685138	-0.6711951504812431	1.999769422630446						Charcot-Marie-Tooth disease, axonal, type 2W, 616625 (3), Autosomal dominant; Usher syndrome type 3B, 614504 (3), Autosomal recessive
PB.59138.484	Patient27	8	3	917	1439	8724.100327153763	2084.7810979847113	2.0	9.0	0.0	538.2131324004305	1615.341774683844	1397.475271755191	HARS1	324.0	534.0	0.024691358024691357	0.0056179775280898875	1615.341774683844	2806.997231800152	2.5325135600190847	-0.27089400534116176	2.007318217634976						Charcot-Marie-Tooth disease, axonal, type 2W, 616625 (3), Autosomal dominant; Usher syndrome type 3B, 614504 (3), Autosomal recessive
PB.59138.485	Patient15	5	0	1376	2573	3633.720930232558	0.0	5.0	19.5	813.6696501220504	0.0	1516.8430885559874	200.43402914662158	HARS1	427.0	988.0	0.0117096018735363	0.0	1516.8430885559874	1946.0105197219373	1.0878039045642203	-10.777816609706017	0.39202755295819797						Charcot-Marie-Tooth disease, axonal, type 2W, 616625 (3), Autosomal dominant; Usher syndrome type 3B, 614504 (3), Autosomal recessive
PB.59138.485	Patient16	11	0	1395	1271	7885.304659498209	0.0	1.0	19.5	813.6696501220504	0.0	1516.8430885559874	200.43402914662158	HARS1	653.0	647.0	0.016845329249617153	0.0	1516.8430885559874	1946.0105197219373	3.272573044390429	5.98553626247782	0.697296985970657						Charcot-Marie-Tooth disease, axonal, type 2W, 616625 (3), Autosomal dominant; Usher syndrome type 3B, 614504 (3), Autosomal recessive
PB.59138.485	Patient17	5	0	975	1227	5128.205128205128	0.0	2.0	19.5	813.6696501220504	0.0	1516.8430885559874	200.43402914662158	HARS1	401.0	543.0	0.012468827930174564	0.0	1516.8430885559874	1946.0105197219373	1.8557772442901095	-5.985536262477819	0.4792974872958934						Charcot-Marie-Tooth disease, axonal, type 2W, 616625 (3), Autosomal dominant; Usher syndrome type 3B, 614504 (3), Autosomal recessive
PB.59138.485	Patient20	6	0	1888	1738	3177.9661016949153	0.0	7.0	19.5	813.6696501220504	0.0	1516.8430885559874	200.43402914662158	HARS1	715.0	781.0	0.008391608391608392	0.0	1516.8430885559874	1946.0105197219373	0.8536043337403353	-12.641979879605236	0.35808016374651624						Charcot-Marie-Tooth disease, axonal, type 2W, 616625 (3), Autosomal dominant; Usher syndrome type 3B, 614504 (3), Autosomal recessive
PB.59138.485	Patient21	5	0	1417	1328	3528.5815102328866	0.0	6.0	19.5	813.6696501220504	0.0	1516.8430885559874	200.43402914662158	HARS1	446.0	461.0	0.011210762331838564	0.0	1516.8430885559874	1946.0105197219373	1.0337757176997961	-11.186238260040499	0.3845899808580184						Charcot-Marie-Tooth disease, axonal, type 2W, 616625 (3), Autosomal dominant; Usher syndrome type 3B, 614504 (3), Autosomal recessive
PB.59138.485	Patient22	5	0	1221	2106	4095.0040950040952	0.0	4.0	19.5	813.6696501220504	0.0	1516.8430885559874	200.43402914662158	HARS1	394.0	738.0	0.012690355329949238	0.0	1516.8430885559874	1946.0105197219373	1.3248443316824914	-9.115363131727339	0.42230170124474103						Charcot-Marie-Tooth disease, axonal, type 2W, 616625 (3), Autosomal dominant; Usher syndrome type 3B, 614504 (3), Autosomal recessive
PB.59138.485	Patient24	2	0	1059	1661	1888.5741265344666	0.0	10.0	19.5	813.6696501220504	0.0	1516.8430885559874	200.43402914662158	HARS1	475.0	805.0	0.004210526315789474	0.0	1516.8430885559874	1946.0105197219373	0.19102211124305501	-19.88017116238732	0.22626891060532076						Charcot-Marie-Tooth disease, axonal, type 2W, 616625 (3), Autosomal dominant; Usher syndrome type 3B, 614504 (3), Autosomal recessive
PB.59138.485	Patient25	3	1	1372	1946	2186.5889212827988	513.874614594039	9.0	7.0	813.6696501220504	0.0	1516.8430885559874	200.43402914662158	HARS1	354.0	738.0	0.00847457627118644	0.0013550135501355014	1516.8430885559874	1946.0105197219373	0.34416352118307686	-17.842468165781405	0.2633765491048878						Charcot-Marie-Tooth disease, axonal, type 2W, 616625 (3), Autosomal dominant; Usher syndrome type 3B, 614504 (3), Autosomal recessive
PB.59138.485	Patient26	3	0	1690	1469	1775.1479289940828	0.0	11.0	19.5	813.6696501220504	0.0	1516.8430885559874	200.43402914662158	HARS1	221.0	547.0	0.013574660633484163	0.0	1516.8430885559874	1946.0105197219373	0.13273558278349093	-20.741518687156127	0.21058332118190823						Charcot-Marie-Tooth disease, axonal, type 2W, 616625 (3), Autosomal dominant; Usher syndrome type 3B, 614504 (3), Autosomal recessive
PB.59138.485	Patient27	4	0	917	1439	4362.0501635768815	0.0	3.0	19.5	813.6696501220504	0.0	1516.8430885559874	200.43402914662158	HARS1	324.0	534.0	0.012345679012345678	0.0	1516.8430885559874	1946.0105197219373	1.462071785422538	-8.236553870345707	0.4383052780347534						Charcot-Marie-Tooth disease, axonal, type 2W, 616625 (3), Autosomal dominant; Usher syndrome type 3B, 614504 (3), Autosomal recessive
PB.59138.485	Patient30	4	1	1658	1808	2412.5452352231605	553.0973451327434	8.0	6.0	813.6696501220504	0.0	1516.8430885559874	200.43402914662158	HARS1	429.0	512.0	0.009324009324009324	0.001953125	1516.8430885559874	1946.0105197219373	0.4602761072407557	-16.47475513073241	0.28828331960101966						Charcot-Marie-Tooth disease, axonal, type 2W, 616625 (3), Autosomal dominant; Usher syndrome type 3B, 614504 (3), Autosomal recessive
PB.59138.487	Patient1	9	7	1902	1717	4731.86119873817	4076.8782760629006	10.0	14.0	3759.398496240601	3765.0602409638554	3911.0175811724725	4131.14083226183	HARS1	573.0	643.0	0.015706806282722512	0.01088646967340591	3911.0175811724725	2691.455047965802	0.30498135875837495	-13.587926504180583	0.1400245521051548						Charcot-Marie-Tooth disease, axonal, type 2W, 616625 (3), Autosomal dominant; Usher syndrome type 3B, 614504 (3), Autosomal recessive
PB.59138.487	Patient12	14	7	1791	2004	7816.8620882188725	3493.013972055888	5.0	17.0	3759.398496240601	3765.0602409638554	3911.0175811724725	4131.14083226183	HARS1	520.0	462.0	0.026923076923076925	0.015151515151515152	3911.0175811724725	2691.455047965802	1.4512018359728622	-5.057586024909576	0.37053418133907895						Charcot-Marie-Tooth disease, axonal, type 2W, 616625 (3), Autosomal dominant; Usher syndrome type 3B, 614504 (3), Autosomal recessive
PB.59138.487	Patient13	10	8	2218	2495	4508.566275924256	3206.4128256513027	11.0	21.0	3759.398496240601	3765.0602409638554	3911.0175811724725	4131.14083226183	HARS1	548.0	488.0	0.01824817518248175	0.01639344262295082	3911.0175811724725	2691.455047965802	0.22201697004132018	-14.409360643314564	0.11782749217396164						Charcot-Marie-Tooth disease, axonal, type 2W, 616625 (3), Autosomal dominant; Usher syndrome type 3B, 614504 (3), Autosomal recessive
PB.59138.487	Patient15	8	13	1376	2573	5813.953488372093	5052.467936261173	7.0	10.0	3759.398496240601	3765.0602409638554	3911.0175811724725	4131.14083226183	HARS1	427.0	988.0	0.01873536299765808	0.013157894736842105	3911.0175811724725	2691.455047965802	0.7070286790180116	-10.088250646757022	0.23459392905956228						Charcot-Marie-Tooth disease, axonal, type 2W, 616625 (3), Autosomal dominant; Usher syndrome type 3B, 614504 (3), Autosomal recessive
PB.59138.487	Patient16	11	9	1395	1271	7885.304659498209	7081.038552321007	4.0	4.0	3759.398496240601	3765.0602409638554	3911.0175811724725	4131.14083226183	HARS1	653.0	647.0	0.016845329249617153	0.013910355486862442	3911.0175811724725	2691.455047965802	1.476631415906239	-4.909433314838087	0.3745376119584742						Charcot-Marie-Tooth disease, axonal, type 2W, 616625 (3), Autosomal dominant; Usher syndrome type 3B, 614504 (3), Autosomal recessive
PB.59138.487	Patient20	10	8	1888	1738	5296.610169491525	4602.991944764097	8.0	12.0	3759.398496240601	3765.0602409638554	3911.0175811724725	4131.14083226183	HARS1	715.0	781.0	0.013986013986013986	0.010243277848911651	3911.0175811724725	2691.455047965802	0.5148117147140472	-11.671954836771395	0.19179856039361862						Charcot-Marie-Tooth disease, axonal, type 2W, 616625 (3), Autosomal dominant; Usher syndrome type 3B, 614504 (3), Autosomal recessive
PB.59138.487	Patient21	6	5	1417	1328	4234.297812279464	3765.0602409638554	14.0	16.0	3759.398496240601	3765.0602409638554	3911.0175811724725	4131.14083226183	HARS1	446.0	461.0	0.013452914798206279	0.010845986984815618	3911.0175811724725	2691.455047965802	0.1201135539496846	-15.475860254531835	0.08900819351206035						Charcot-Marie-Tooth disease, axonal, type 2W, 616625 (3), Autosomal dominant; Usher syndrome type 3B, 614504 (3), Autosomal recessive
PB.59138.487	Patient23	7	8	665	1159	10526.315789473683	6902.502157031924	1.0	5.0	3759.398496240601	3765.0602409638554	3911.0175811724725	4131.14083226183	HARS1	495.0	545.0	0.014141414141414142	0.014678899082568808	3911.0175811724725	2691.455047965802	2.457889167906053	3.63655647920185	0.605470122055585						Charcot-Marie-Tooth disease, axonal, type 2W, 616625 (3), Autosomal dominant; Usher syndrome type 3B, 614504 (3), Autosomal recessive
PB.59138.487	Patient24	9	15	1059	1661	8498.5835694051	9030.704394942806	2.0	1.0	3759.398496240601	3765.0602409638554	3911.0175811724725	4131.14083226183	HARS1	475.0	805.0	0.018947368421052633	0.018633540372670808	3911.0175811724725	2691.455047965802	1.7044928882241237	-3.636556479201849	0.40893370296515275						Charcot-Marie-Tooth disease, axonal, type 2W, 616625 (3), Autosomal dominant; Usher syndrome type 3B, 614504 (3), Autosomal recessive
PB.59138.487	Patient27	4	4	917	1439	4362.0501635768815	2779.708130646282	13.0	22.0	3759.398496240601	3765.0602409638554	3911.0175811724725	4131.14083226183	HARS1	324.0	534.0	0.012345679012345678	0.00749063670411985	3911.0175811724725	2691.455047965802	0.16757945957347448	-14.970755708835824	0.10265729249418061						Charcot-Marie-Tooth disease, axonal, type 2W, 616625 (3), Autosomal dominant; Usher syndrome type 3B, 614504 (3), Autosomal recessive
PB.59138.487	Patient3	16	8	1987	2019	8052.34021137393	3962.3576027736503	3.0	15.0	3759.398496240601	3765.0602409638554	3911.0175811724725	4131.14083226183	HARS1	609.0	838.0	0.026272577996715927	0.00954653937947494	3911.0175811724725	2691.455047965802	1.5386928469533472	-4.553194198688437	0.3841640209842126						Charcot-Marie-Tooth disease, axonal, type 2W, 616625 (3), Autosomal dominant; Usher syndrome type 3B, 614504 (3), Autosomal recessive
PB.59138.487	Patient6	7	7	1602	1714	4369.5380774032465	4084.014002333722	12.0	13.0	3759.398496240601	3765.0602409638554	3911.0175811724725	4131.14083226183	HARS1	657.0	531.0	0.0106544901065449	0.013182674199623353	3911.0175811724725	2691.455047965802	0.1703615657921997	-14.94161073544813	0.10344485742502428						Charcot-Marie-Tooth disease, axonal, type 2W, 616625 (3), Autosomal dominant; Usher syndrome type 3B, 614504 (3), Autosomal recessive
PB.59138.487	Patient7	9	4	1726	1705	5214.368482039397	2346.041055718475	9.0	26.0	3759.398496240601	3765.0602409638554	3911.0175811724725	4131.14083226183	HARS1	605.0	431.0	0.01487603305785124	0.009280742459396751	3911.0175811724725	2691.455047965802	0.4842551250677568	-11.937886788616021	0.18461246087389613						Charcot-Marie-Tooth disease, axonal, type 2W, 616625 (3), Autosomal dominant; Usher syndrome type 3B, 614504 (3), Autosomal recessive
PB.59138.487	Patient9	11	8	1722	1493	6387.921022067364	5358.338914936369	6.0	9.0	3759.398496240601	3765.0602409638554	3911.0175811724725	4131.14083226183	HARS1	592.0	547.0	0.018581081081081082	0.014625228519195612	3911.0175811724725	2691.455047965802	0.9202841573619933	-8.488303823694036	0.27782821142782727						Charcot-Marie-Tooth disease, axonal, type 2W, 616625 (3), Autosomal dominant; Usher syndrome type 3B, 614504 (3), Autosomal recessive
PB.59138.488	Patient1	3	1	1902	1717	1577.2870662460568	582.4111822947001	8.0	14.0	726.7441860465116	0.0	1231.04416041569	865.7269389952993	HARS1	573.0	643.0	0.005235602094240838	0.0015552099533437014	1231.04416041569	1601.120705913566	0.21625034549335112	-19.2404382139559	0.21994493114562644						Charcot-Marie-Tooth disease, axonal, type 2W, 616625 (3), Autosomal dominant; Usher syndrome type 3B, 614504 (3), Autosomal recessive
PB.59138.488	Patient14	3	0	1161	1708	2583.9793281653747	0.0	5.0	23.5	726.7441860465116	0.0	1231.04416041569	865.7269389952993	HARS1	338.0	464.0	0.008875739644970414	0.0	1231.04416041569	1601.120705913566	0.844992612207665	-12.486729800140948	0.3568997143734245						Charcot-Marie-Tooth disease, axonal, type 2W, 616625 (3), Autosomal dominant; Usher syndrome type 3B, 614504 (3), Autosomal recessive
PB.59138.488	Patient16	2	0	1395	1271	1433.6917562724013	0.0	10.0	23.5	726.7441860465116	0.0	1231.04416041569	865.7269389952993	HARS1	653.0	647.0	0.0030627871362940277	0.0	1231.04416041569	1601.120705913566	0.12656609530328003	-20.54620728148382	0.1934659497280923						Charcot-Marie-Tooth disease, axonal, type 2W, 616625 (3), Autosomal dominant; Usher syndrome type 3B, 614504 (3), Autosomal recessive
PB.59138.488	Patient19	7	1	1229	1548	5695.6875508543535	645.9948320413437	2.0	13.0	726.7441860465116	0.0	1231.04416041569	865.7269389952993	HARS1	419.0	582.0	0.016706443914081145	0.001718213058419244	1231.04416041569	1601.120705913566	2.788448974489547	-1.6703443993628624	0.5762393167231079						Charcot-Marie-Tooth disease, axonal, type 2W, 616625 (3), Autosomal dominant; Usher syndrome type 3B, 614504 (3), Autosomal recessive
PB.59138.488	Patient20	6	0	1888	1738	3177.9661016949153	0.0	3.0	23.5	726.7441860465116	0.0	1231.04416041569	865.7269389952993	HARS1	715.0	781.0	0.008391608391608392	0.0	1231.04416041569	1601.120705913566	1.2159744946701894	-9.655373916051579	0.41431524190094066						Charcot-Marie-Tooth disease, axonal, type 2W, 616625 (3), Autosomal dominant; Usher syndrome type 3B, 614504 (3), Autosomal recessive
PB.59138.488	Patient23	1	0	665	1159	1503.7593984962407	0.0	9.0	23.5	726.7441860465116	0.0	1231.04416041569	865.7269389952993	HARS1	495.0	545.0	0.00202020202020202	0.0	1231.04416041569	1601.120705913566	0.17032771924896514	-19.893487773366086	0.20670209397144793						Charcot-Marie-Tooth disease, axonal, type 2W, 616625 (3), Autosomal dominant; Usher syndrome type 3B, 614504 (3), Autosomal recessive
PB.59138.488	Patient27	2	0	917	1439	2181.0250817884407	0.0	7.0	23.5	726.7441860465116	0.0	1231.04416041569	865.7269389952993	HARS1	324.0	534.0	0.006172839506172839	0.0	1231.04416041569	1601.120705913566	0.593322488344632	-14.806478013592303	0.30985880081156064						Charcot-Marie-Tooth disease, axonal, type 2W, 616625 (3), Autosomal dominant; Usher syndrome type 3B, 614504 (3), Autosomal recessive
PB.59138.488	Patient28	2	0	1473	1202	1357.7732518669382	0.0	11.0	23.5	726.7441860465116	0.0	1231.04416041569	865.7269389952993	HARS1	307.0	246.0	0.006514657980456026	0.0	1231.04416041569	1601.120705913566	0.07915024206681484	-21.290432576318995	0.17837420935649084						Charcot-Marie-Tooth disease, axonal, type 2W, 616625 (3), Autosomal dominant; Usher syndrome type 3B, 614504 (3), Autosomal recessive
PB.59138.488	Patient3	6	0	1987	2019	3019.627579265224	0.0	4.0	23.5	726.7441860465116	0.0	1231.04416041569	865.7269389952993	HARS1	609.0	838.0	0.009852216748768473	0.0	1231.04416041569	1601.120705913566	1.1170821863983114	-10.354750163852115	0.40013297098497014						Charcot-Marie-Tooth disease, axonal, type 2W, 616625 (3), Autosomal dominant; Usher syndrome type 3B, 614504 (3), Autosomal recessive
PB.59138.488	Patient4	10	1	1554	1450	6435.006435006435	689.655172413793	1.0	11.0	726.7441860465116	0.0	1231.04416041569	865.7269389952993	HARS1	420.0	453.0	0.023809523809523808	0.002207505518763797	1231.04416041569	1601.120705913566	3.2501998477506873	1.670344399362863	0.6439833296753305						Charcot-Marie-Tooth disease, axonal, type 2W, 616625 (3), Autosomal dominant; Usher syndrome type 3B, 614504 (3), Autosomal recessive
PB.59138.488	Patient8	3	5	1359	1179	2207.5055187637968	4240.882103477523	6.0	2.0	726.7441860465116	0.0	1231.04416041569	865.7269389952993	HARS1	410.0	257.0	0.007317073170731708	0.019455252918287938	1231.04416041569	1601.120705913566	0.6098611770753151	-14.641355433403046	0.31320723189419014						Charcot-Marie-Tooth disease, axonal, type 2W, 616625 (3), Autosomal dominant; Usher syndrome type 3B, 614504 (3), Autosomal recessive
PB.59138.501	Patient2	74	0	1277	1085	57948.316366483945	0.0	1.0	16.0	0.0	0.0	1869.300527951095	0.0	HARS1	145.0	71.0	0.5103448275862069	0.0	1869.300527951095	10407.824862945452	5.388159060803247	15.822504021272984	5.567764362830022	1.0	1.0	1.0	1.0	1.0	Charcot-Marie-Tooth disease, axonal, type 2W, 616625 (3), Autosomal dominant; Usher syndrome type 3B, 614504 (3), Autosomal recessive
PB.59138.526	Patient10	20	10	1394	2180	14347.202295552368	4587.155963302753	2.0	4.0	728.862973760933	0.0	2209.778819577161	1444.6998029576428	HARS1	402.0	561.0	0.04975124378109453	0.017825311942959002	2209.778819577161	4090.2915992911708	2.967373641057417	-0.9378205632855124	0.7737033865992549						Charcot-Marie-Tooth disease, axonal, type 2W, 616625 (3), Autosomal dominant; Usher syndrome type 3B, 614504 (3), Autosomal recessive
PB.59138.526	Patient11	21	18	1367	2226	15362.106803218727	8086.253369272237	1.0	2.0	728.862973760933	0.0	2209.778819577161	1444.6998029576428	HARS1	252.0	431.0	0.08333333333333333	0.04176334106728538	2209.778819577161	4090.2915992911708	3.215498862213346	0.937820563285511	0.808446876607699						Charcot-Marie-Tooth disease, axonal, type 2W, 616625 (3), Autosomal dominant; Usher syndrome type 3B, 614504 (3), Autosomal recessive
PB.59138.526	Patient12	21	23	1791	2004	11725.293132328308	11477.045908183632	3.0	1.0	728.862973760933	0.0	2209.778819577161	1444.6998029576428	HARS1	520.0	462.0	0.04038461538461539	0.049783549783549784	2209.778819577161	4090.2915992911708	2.3263657570037655	-3.706797169306344	0.7224121722608402						Charcot-Marie-Tooth disease, axonal, type 2W, 616625 (3), Autosomal dominant; Usher syndrome type 3B, 614504 (3), Autosomal recessive
PB.59138.526	Patient13	12	20	2218	2495	5410.279531109108	8016.032064128256	4.0	3.0	728.862973760933	0.0	2209.778819577161	1444.6998029576428	HARS1	548.0	488.0	0.021897810218978103	0.040983606557377046	2209.778819577161	4090.2915992911708	0.7824627251725963	-14.318677362137961	0.5258427175675096						Charcot-Marie-Tooth disease, axonal, type 2W, 616625 (3), Autosomal dominant; Usher syndrome type 3B, 614504 (3), Autosomal recessive
PB.59138.526	Patient29	4	1	1044	1857	3831.4176245210724	538.5029617662897	5.0	13.0	728.862973760933	0.0	2209.778819577161	1444.6998029576428	HARS1	392.0	544.0	0.01020408163265306	0.001838235294117647	2209.778819577161	4090.2915992911708	0.39646043945251586	-19.05262597336471	0.43815329023269256						Charcot-Marie-Tooth disease, axonal, type 2W, 616625 (3), Autosomal dominant; Usher syndrome type 3B, 614504 (3), Autosomal recessive
PB.59138.526	Patient7	6	2	1726	1705	3476.2456546929316	1173.0205278592375	6.0	10.0	728.862973760933	0.0	2209.778819577161	1444.6998029576428	HARS1	605.0	431.0	0.009917355371900827	0.004640371229698376	2209.778819577161	4090.2915992911708	0.3096275178364407	-20.387163522841	0.4134329472207602						Charcot-Marie-Tooth disease, axonal, type 2W, 616625 (3), Autosomal dominant; Usher syndrome type 3B, 614504 (3), Autosomal recessive
PB.70308.12	Patient1	184	182	1902	1717	96740.27339642482	105998.83517763541	3.0	3.0	53201.08205590622	52974.73512632437	55866.81242785061	62448.41442168233	VTA1	1133.0	979.0	0.1624007060900265	0.18590398365679264	55866.81242785061	24237.27305933164	1.6863885994318752	-0.5342765681953238	1.1829326058309295						
PB.70308.12	Patient10	94	96	1394	2180	67431.85078909612	44036.69724770643	10.0	22.0	53201.08205590622	52974.73512632437	55866.81242785061	62448.41442168233	VTA1	741.0	1255.0	0.12685560053981107	0.07649402390438247	55866.81242785061	24237.27305933164	0.47715922220023976	-8.69775694446141	0.48755713828060376						
PB.70308.12	Patient14	115	201	1161	1708	99052.54091300603	117681.49882903982	1.0	1.0	53201.08205590622	52974.73512632437	55866.81242785061	62448.41442168233	VTA1	693.0	1194.0	0.16594516594516595	0.16834170854271358	55866.81242785061	24237.27305933164	1.7817899059617353	0.2410619780057814	1.248976912820614						
PB.70308.12	Patient17	60	65	975	1227	61538.46153846154	52974.73512632437	11.0	16.0	53201.08205590622	52974.73512632437	55866.81242785061	62448.41442168233	VTA1	503.0	645.0	0.11928429423459244	0.10077519379844961	55866.81242785061	24237.27305933164	0.23400524872278397	-10.766374620626866	0.31134969764921394						
PB.70308.12	Patient18	73	127	988	1387	73886.63967611337	91564.52775775053	7.0	8.0	53201.08205590622	52974.73512632437	55866.81242785061	62448.41442168233	VTA1	483.0	699.0	0.15113871635610765	0.18168812589413447	55866.81242785061	24237.27305933164	0.7434758524257706	-6.630053599107669	0.6636866950700063						
PB.70308.12	Patient20	148	86	1888	1738	78389.83050847458	49482.16340621404	6.0	19.0	53201.08205590622	52974.73512632437	55866.81242785061	62448.41442168233	VTA1	1110.0	862.0	0.13333333333333333	0.09976798143851508	55866.81242785061	24237.27305933164	0.9292719533871959	-5.291864351932911	0.7776753286594691						
PB.70308.12	Patient25	95	89	1372	1946	69241.98250728863	45734.84069886948	9.0	20.0	53201.08205590622	52974.73512632437	55866.81242785061	62448.41442168233	VTA1	664.0	856.0	0.1430722891566265	0.10397196261682243	55866.81242785061	24237.27305933164	0.5518430248607701	-8.098583046689912	0.5385955202087513						
PB.70308.12	Patient27	82	86	917	1439	89422.02835332607	59763.724808895066	5.0	13.0	53201.08205590622	52974.73512632437	55866.81242785061	62448.41442168233	VTA1	476.0	847.0	0.1722689075630252	0.10153482880755609	55866.81242785061	24237.27305933164	1.3844468329144932	-2.3135530744500583	1.0313716078973358						
PB.70308.12	Patient29	99	209	1044	1857	94827.58620689655	112547.11900915456	4.0	2.0	53201.08205590622	52974.73512632437	55866.81242785061	62448.41442168233	VTA1	569.0	1270.0	0.17398945518453426	0.16456692913385826	55866.81242785061	24237.27305933164	1.607473484482842	-0.9859663264335374	1.1444571073492078						
PB.70308.12	Patient5	113	115	1596	1993	70802.00501253133	57701.9568489714	8.0	14.0	53201.08205590622	52974.73512632437	55866.81242785061	62448.41442168233	VTA1	676.0	862.0	0.16715976331360946	0.1334106728538283	55866.81242785061	24237.27305933164	0.616207629798951	-7.5946333350667725	0.5815225868751477						
PB.70308.12	Patient6	157	114	1602	1714	98002.49687890138	66511.08518086348	2.0	11.0	53201.08205590622	52974.73512632437	55866.81242785061	62448.41442168233	VTA1	866.0	1080.0	0.1812933025404157	0.10555555555555556	55866.81242785061	24237.27305933164	1.7384663838999013	-0.2410619780057842	1.2079089913121044						
PB.70308.12	Patient8	82	42	1359	1179	60338.48417954378	35623.40966921119	13.0	28.0	53201.08205590622	52974.73512632437	55866.81242785061	62448.41442168233	VTA1	726.0	648.0	0.11294765840220386	0.06481481481481481	55866.81242785061	24237.27305933164	0.18449566255852068	-11.211792289045599	0.2734084636220769						
PB.70308.12	Patient9	104	96	1722	1493	60394.88966318235	64300.06697923643	12.0	12.0	53201.08205590622	52974.73512632437	55866.81242785061	62448.41442168233	VTA1	1124.0	909.0	0.09252669039145907	0.10561056105610561	55866.81242785061	24237.27305933164	0.18682288326113405	-11.190657599569374	0.2752087429023198						
PB.70308.15	Patient1	5	3	1902	1717	2628.8117770767612	1747.2335468841002	9.0	15.0	1463.057790782736	1663.8935108153078	1704.4541887687446	2080.9961404482333	VTA1	1133.0	979.0	0.00441306266548985	0.0030643513789581204	1704.4541887687446	1512.8808161367078	0.6109916778959865	-13.625810768530993	0.21975835207758634						
PB.70308.15	Patient10	5	1	1394	2180	3586.800573888092	458.7155963302753	3.0	30.0	1463.057790782736	1663.8935108153078	1704.4541887687446	2080.9961404482333	VTA1	741.0	1255.0	0.006747638326585695	0.0007968127490039841	1704.4541887687446	1512.8808161367078	1.2442132685151674	-8.983068491397175	0.3119477630031111						
PB.70308.15	Patient14	4	9	1161	1708	3445.305770887166	5269.320843091335	4.0	4.0	1463.057790782736	1663.8935108153078	1704.4541887687446	2080.9961404482333	VTA1	693.0	1194.0	0.005772005772005772	0.007537688442211055	1704.4541887687446	1512.8808161367078	1.1506865336318162	-9.584457375512459	0.30000618114171745						
PB.70308.15	Patient17	2	2	975	1227	2051.2820512820513	1629.9918500407498	14.0	17.0	1463.057790782736	1663.8935108153078	1704.4541887687446	2080.9961404482333	VTA1	503.0	645.0	0.003976143141153081	0.0031007751937984496	1704.4541887687446	1512.8808161367078	0.2292499573092388	-17.331907223981492	0.14616761008359366						
PB.70308.15	Patient18	3	2	988	1387	3036.4372469635628	1441.9610670511895	5.0	18.0	1463.057790782736	1663.8935108153078	1704.4541887687446	2080.9961404482333	VTA1	483.0	699.0	0.006211180124223602	0.002861230329041488	1704.4541887687446	1512.8808161367078	0.8804282822464295	-11.47201320894062	0.26252560393418695						
PB.70308.15	Patient2	3	2	1277	1085	2349.2560689115116	1843.3179723502303	11.0	14.0	1463.057790782736	1663.8935108153078	1704.4541887687446	2080.9961404482333	VTA1	1009.0	937.0	0.002973240832507433	0.0021344717182497333	1704.4541887687446	1512.8808161367078	0.4262079823243003	-15.30560138985663	0.18640330055535684						
PB.70308.15	Patient20	4	4	1888	1738	2118.64406779661	2301.4959723820484	12.0	12.0	1463.057790782736	1663.8935108153078	1704.4541887687446	2080.9961404482333	VTA1	1110.0	862.0	0.0036036036036036037	0.004640371229698376	1704.4541887687446	1512.8808161367078	0.27377561709424064	-16.849202591372038	0.1557525176823759						
PB.70308.15	Patient21	3	7	1417	1328	2117.148906139732	5271.084337349397	13.0	3.0	1463.057790782736	1663.8935108153078	1704.4541887687446	2080.9961404482333	VTA1	626.0	737.0	0.004792332268370607	0.009497964721845319	1704.4541887687446	1512.8808161367078	0.27278732929196925	-16.8597492207089	0.15554309672213787						
PB.70308.15	Patient22	3	5	1221	2106	2457.002457002457	2374.1690408357076	10.0	11.0	1463.057790782736	1663.8935108153078	1704.4541887687446	2080.9961404482333	VTA1	754.0	1319.0	0.003978779840848806	0.0037907505686125853	1704.4541887687446	1512.8808161367078	0.4974273321512659	-14.635635226194395	0.19970659896850604						
PB.70308.15	Patient23	2	3	665	1159	3007.5187969924814	2588.4383088869713	6.0	8.0	1463.057790782736	1663.8935108153078	1704.4541887687446	2080.9961404482333	VTA1	127.0	581.0	0.015748031496062992	0.0051635111876075735	1704.4541887687446	1512.8808161367078	0.8613134586181365	-11.614994293834208	0.25968647541853523						
PB.70308.15	Patient24	3	4	1059	1661	2832.8611898016998	2408.187838651415	8.0	10.0	1463.057790782736	1663.8935108153078	1704.4541887687446	2080.9961404482333	VTA1	548.0	804.0	0.005474452554744526	0.004975124378109453	1704.4541887687446	1512.8808161367078	0.7458664218602857	-12.508901388194662	0.24193645538035372						
PB.70308.15	Patient25	5	7	1372	1946	3644.3148688046645	3597.1223021582737	2.0	5.0	1463.057790782736	1663.8935108153078	1704.4541887687446	2080.9961404482333	VTA1	664.0	856.0	0.007530120481927711	0.008177570093457943	1704.4541887687446	1512.8808161367078	1.2822296768819819	-8.745370885758103	0.31666764641128553						
PB.70308.15	Patient27	6	5	917	1439	6543.075245365321	3474.6351633078525	1.0	6.0	1463.057790782736	1663.8935108153078	1704.4541887687446	2080.9961404482333	VTA1	476.0	847.0	0.012605042016806723	0.0059031877213695395	1704.4541887687446	1512.8808161367078	3.1982830405322202	8.745370885758103	0.6639755701158071						
PB.70308.15	Patient29	3	11	1044	1857	2873.5632183908046	5923.532579429187	7.0	1.0	1463.057790782736	1663.8935108153078	1704.4541887687446	2080.9961404482333	VTA1	569.0	1270.0	0.005272407732864675	0.008661417322834646	1704.4541887687446	1512.8808161367078	0.7727700802020192	-12.295757732194748	0.24616877906239867						
PB.70308.15	Patient30	3	10	1658	1808	1809.4089264173704	5530.973451327433	15.0	2.0	1463.057790782736	1663.8935108153078	1704.4541887687446	2080.9961404482333	VTA1	705.0	1148.0	0.00425531914893617	0.008710801393728223	1704.4541887687446	1512.8808161367078	0.06937409512312948	-19.206174351877674	0.10895090234411214						
PB.70308.16	Patient10	207	262	1394	2180	148493.54375896702	120183.48623853212	11.0	15.0	120689.6551724138	116909.18213748118	138557.387237657	129259.77389098969	VTA1	741.0	1255.0	0.2793522267206478	0.20876494023904382	138557.387237657	73076.83064787908	0.1359686296356695	-24.22763386612064	0.2966559223396574						
PB.70308.16	Patient11	383	183	1367	2226	280175.56693489396	82210.24258760108	2.0	29.0	120689.6551724138	116909.18213748118	138557.387237657	129259.77389098969	VTA1	810.0	640.0	0.4728395061728395	0.2859375	138557.387237657	73076.83064787908	1.9379354364671966	-8.76969225412815	1.187628797798881						
PB.70308.16	Patient12	326	360	1791	2004	182021.21719709662	179640.71856287424	7.0	4.0	120689.6551724138	116909.18213748118	138557.387237657	129259.77389098969	VTA1	1046.0	1180.0	0.31166347992351817	0.3050847457627119	138557.387237657	73076.83064787908	0.5947689517197345	-19.27082821568679	0.582358863540657						
PB.70308.16	Patient13	516	445	2218	2495	232642.01983769162	178356.7134268537	3.0	5.0	120689.6551724138	116909.18213748118	138557.387237657	129259.77389098969	VTA1	1281.0	1283.0	0.4028103044496487	0.34684333593141076	138557.387237657	73076.83064787908	1.287475548212835	-13.296370845592113	0.9267177436526174	1.0	1.0	1.0	1.0	1.0	
PB.70308.16	Patient16	213	196	1395	1271	152688.17204301074	154209.28402832415	10.0	8.0	120689.6551724138	116909.18213748118	138557.387237657	129259.77389098969	VTA1	641.0	567.0	0.33229329173166927	0.345679012345679	138557.387237657	73076.83064787908	0.19336887875505931	-23.549390262088686	0.33574887981837864						
PB.70308.16	Patient2	215	212	1277	1085	168363.35160532498	195391.70506912444	9.0	3.0	120689.6551724138	116909.18213748118	138557.387237657	129259.77389098969	VTA1	1009.0	937.0	0.2130822596630327	0.22625400213447172	138557.387237657	73076.83064787908	0.4078716072305885	-21.16994256643	0.472896723213071						
PB.70308.16	Patient22	243	210	1221	2106	199017.19901719902	99715.09971509971	4.0	24.0	120689.6551724138	116909.18213748118	138557.387237657	129259.77389098969	VTA1	754.0	1319.0	0.3222811671087533	0.15921152388172857	138557.387237657	73076.83064787908	0.8273458392150009	-17.09733089649095	0.7076360320599409						
PB.70308.16	Patient26	331	155	1690	1469	195857.9881656805	105513.95507147719	5.0	19.0	120689.6551724138	116909.18213748118	138557.387237657	129259.77389098969	VTA1	775.0	695.0	0.4270967741935484	0.22302158273381295	138557.387237657	73076.83064787908	0.7841144781459749	-17.486933154944126	0.685179934526869						
PB.70308.16	Patient28	259	365	1473	1202	175831.6361167685	303660.5657237937	8.0	1.0	120689.6551724138	116909.18213748118	138557.387237657	129259.77389098969	VTA1	851.0	786.0	0.30434782608695654	0.4643765903307888	138557.387237657	73076.83064787908	0.5100693140171549	-20.113179592547418	0.5338069769294221						
PB.70308.16	Patient31	388	321	966	1858	401656.31469979294	172766.4155005382	1.0	6.0	120689.6551724138	116909.18213748118	138557.387237657	129259.77389098969	VTA1	673.0	1178.0	0.5765230312035661	0.27249575551782684	138557.387237657	73076.83064787908	3.6003056663729556	8.76969225412815	2.198572961087889						
PB.70308.16	Patient7	315	397	1726	1705	182502.8968713789	232844.57478005867	6.0	2.0	120689.6551724138	116909.18213748118	138557.387237657	129259.77389098969	VTA1	856.0	889.0	0.3679906542056075	0.4465691788526434	138557.387237657	73076.83064787908	0.6013603661258035	-19.206481622430918	0.5860677059375459						
PB.70308.16	Patient9	243	164	1722	1493	141114.9825783972	109845.94775619557	12.0	18.0	120689.6551724138	116909.18213748118	138557.387237657	129259.77389098969	VTA1	1124.0	909.0	0.21619217081850534	0.18041804180418042	138557.387237657	73076.83064787908	0.0349987173508383	-25.46856295494423	0.22513060633947402						
PB.70308.18	Patient1	102	86	1902	1717	53627.76025236593	50087.361677344205	15.0	19.0	51724.137931034486	53097.345132743365	52791.50510828705	54522.69352716771	VTA1	1133.0	979.0	0.09002647837599294	0.08784473953013279	52791.50510828705	13613.432979053838	0.061428674557371096	-9.868355630210054	0.10328821864521794						
PB.70308.18	Patient11	74	52	1367	2226	54133.13825896123	23360.28751123091	14.0	31.0	51724.137931034486	53097.345132743365	52791.50510828705	54522.69352716771	VTA1	810.0	640.0	0.09135802469135802	0.08125	52791.50510828705	13613.432979053838	0.09855215453284075	-9.656475295955175	0.1292074534548579						
PB.70308.18	Patient12	106	135	1791	2004	59184.81295365718	67365.26946107784	9.0	5.0	51724.137931034486	53097.345132743365	52791.50510828705	54522.69352716771	VTA1	1046.0	1180.0	0.10133843212237094	0.11440677966101695	52791.50510828705	13613.432979053838	0.469632300332115	-7.641093532582437	0.37574828198255983						
PB.70308.18	Patient19	79	92	1229	1548	64279.90235964198	59431.524547803616	7.0	13.0	51724.137931034486	53097.345132743365	52791.50510828705	54522.69352716771	VTA1	725.0	912.0	0.10896551724137932	0.10087719298245613	52791.50510828705	13613.432979053838	0.8439015543714381	-5.7756203213560005	0.6039508585119471						
PB.70308.18	Patient2	106	100	1277	1085	83007.04776820673	92165.89861751153	1.0	1.0	51724.137931034486	53097.345132743365	52791.50510828705	54522.69352716771	VTA1	1009.0	937.0	0.10505450941526263	0.10672358591248667	52791.50510828705	13613.432979053838	2.219538797187344	3.0133774328231753	1.6791053665180289						
PB.70308.18	Patient22	74	131	1221	2106	60606.06060606061	62203.22886989554	8.0	9.0	51724.137931034486	53097.345132743365	52791.50510828705	54522.69352716771	VTA1	754.0	1319.0	0.09814323607427056	0.09931766489764973	52791.50510828705	13613.432979053838	0.574032685935821	-7.105050633428554	0.44132219104811876						
PB.70308.18	Patient24	72	92	1059	1661	67988.6685552408	55388.32028898254	5.0	15.0	51724.137931034486	53097.345132743365	52791.50510828705	54522.69352716771	VTA1	548.0	804.0	0.13138686131386862	0.11442786069651742	52791.50510828705	13613.432979053838	1.116335862551107	-4.508492367060376	0.7589581039778663						
PB.70308.18	Patient25	77	77	1372	1946	56122.448979591834	39568.34532374101	11.0	28.0	51724.137931034486	53097.345132743365	52791.50510828705	54522.69352716771	VTA1	664.0	856.0	0.11596385542168675	0.08995327102803738	52791.50510828705	13613.432979053838	0.24468066772208794	-8.841242464049108	0.22893455304156513						
PB.70308.18	Patient27	50	75	917	1439	54525.627044711015	52119.527449617795	13.0	18.0	51724.137931034486	53097.345132743365	52791.50510828705	54522.69352716771	VTA1	476.0	847.0	0.10504201680672269	0.0885478158205431	52791.50510828705	13613.432979053838	0.1273831471526803	-9.493284081890645	0.14917056806426104						
PB.70308.18	Patient28	107	79	1473	1202	72640.8689748812	65723.79367720465	2.0	6.0	51724.137931034486	53097.345132743365	52791.50510828705	54522.69352716771	VTA1	851.0	786.0	0.12573443008225618	0.1005089058524173	52791.50510828705	13613.432979053838	1.458071883641339	-3.0133774328231735	0.9418549036462913						
PB.70308.18	Patient3	111	101	1987	2019	55863.11021640664	50024.764735017336	12.0	20.0	51724.137931034486	53097.345132743365	52791.50510828705	54522.69352716771	VTA1	999.0	1000.0	0.1111111111111111	0.101	52791.50510828705	13613.432979053838	0.2256304572730246	-8.9458682718331	0.2161357206787682						
PB.70308.18	Patient31	57	111	966	1858	59006.21118012422	59741.65769644779	10.0	12.0	51724.137931034486	53097.345132743365	52791.50510828705	54522.69352716771	VTA1	673.0	1178.0	0.08469539375928678	0.09422750424448217	52791.50510828705	13613.432979053838	0.45651277538879154	-7.709364277955894	0.3673967495659877						
PB.70308.18	Patient4	107	99	1554	1450	68854.56885456885	68275.86206896552	4.0	4.0	51724.137931034486	53097.345132743365	52791.50510828705	54522.69352716771	VTA1	920.0	891.0	0.11630434782608695	0.1111111111111111	52791.50510828705	13613.432979053838	1.1799421770391831	-4.222611961051336	0.7939297373617838						
PB.70308.18	Patient8	88	77	1359	1179	64753.49521707138	65309.58439355386	6.0	7.0	51724.137931034486	53097.345132743365	52791.50510828705	54522.69352716771	VTA1	726.0	648.0	0.12121212121212122	0.11882716049382716	52791.50510828705	13613.432979053838	0.8786901971890205	-5.609799668275786	0.6242356313229234						
PB.70308.18	Patient9	123	103	1722	1493	71428.57142857142	68988.61352980576	3.0	3.0	51724.137931034486	53097.345132743365	52791.50510828705	54522.69352716771	VTA1	1124.0	909.0	0.1094306049822064	0.11331133113311331	52791.50510828705	13613.432979053838	1.3690203161068992	-3.393551045565328	0.8953484207688406						
PB.70308.19	Patient16	5	5	1395	1271	3584.2293906810037	3933.910306845004	7.0	5.0	1930.5019305019305	1725.625539257981	2222.732069702248	2316.8778126739057	VTA1	641.0	567.0	0.0078003120124804995	0.008818342151675485	2222.732069702248	1416.3525361385975	0.9612700837113665	-5.428790708018081	0.414090309717656						
PB.70308.19	Patient18	5	2	988	1387	5060.728744939272	1441.9610670511895	1.0	22.0	1930.5019305019305	1725.625539257981	2222.732069702248	2316.8778126739057	VTA1	483.0	699.0	0.010351966873706004	0.002861230329041488	2222.732069702248	1416.3525361385975	2.0037360775829547	0.9411735393822428	0.6808365021391931						
PB.70308.19	Patient19	3	8	1229	1548	2441.0089503661516	5167.958656330749	11.0	3.0	1930.5019305019305	1725.625539257981	2222.732069702248	2316.8778126739057	VTA1	725.0	912.0	0.004137931034482759	0.008771929824561403	2222.732069702248	1416.3525361385975	0.15411197078023534	-11.473297148605681	0.1609728642387078						
PB.70308.19	Patient2	5	5	1277	1085	3915.4267815191856	4608.294930875576	6.0	4.0	1930.5019305019305	1725.625539257981	2222.732069702248	2316.8778126739057	VTA1	1009.0	937.0	0.004955401387512388	0.005336179295624333	2222.732069702248	1416.3525361385975	1.195108328348627	-4.037973097887747	0.47233165730551685						
PB.70308.19	Patient20	9	4	1888	1738	4766.949152542373	2301.4959723820484	2.0	13.0	1930.5019305019305	1725.625539257981	2222.732069702248	2316.8778126739057	VTA1	1110.0	862.0	0.008108108108108109	0.004640371229698376	2222.732069702248	1416.3525361385975	1.7963162545508797	-0.9411735393822431	0.602012054061459						
PB.70308.19	Patient22	4	4	1221	2106	3276.0032760032764	1899.335232668566	9.0	15.0	1930.5019305019305	1725.625539257981	2222.732069702248	2316.8778126739057	VTA1	754.0	1319.0	0.005305039787798408	0.003032600454890068	2222.732069702248	1416.3525361385975	0.7436504538429127	-6.843783803948946	0.35483659871035145						
PB.70308.19	Patient25	6	4	1372	1946	4373.1778425655975	2055.498458376156	4.0	14.0	1930.5019305019305	1725.625539257981	2222.732069702248	2316.8778126739057	VTA1	664.0	856.0	0.009036144578313253	0.004672897196261682	2222.732069702248	1416.3525361385975	1.5182983882855259	-2.297997858746701	0.5451941965478755						
PB.70308.19	Patient26	5	1	1690	1469	2958.5798816568044	680.7351940095302	10.0	29.0	1930.5019305019305	1725.625539257981	2222.732069702248	2316.8778126739057	VTA1	775.0	695.0	0.0064516129032258064	0.0014388489208633094	2222.732069702248	1416.3525361385975	0.5195371866673101	-8.44749315850609	0.2876802776598049						
PB.70308.19	Patient28	5	2	1473	1202	3394.4331296673454	1663.8935108153078	8.0	17.0	1930.5019305019305	1725.625539257981	2222.732069702248	2316.8778126739057	VTA1	851.0	786.0	0.005875440658049354	0.002544529262086514	2222.732069702248	1416.3525361385975	0.8272665385692086	-6.284952952847543	0.37823798621418586						
PB.70308.19	Patient30	7	10	1658	1808	4221.95416164053	5530.973451327433	5.0	2.0	1930.5019305019305	1725.625539257981	2222.732069702248	2316.8778126739057	VTA1	705.0	1148.0	0.009929078014184398	0.008710801393728223	2222.732069702248	1416.3525361385975	1.4115285855234618	-2.8518183496923633	0.5220026209742649						
PB.70308.19	Patient8	6	3	1359	1179	4415.0110375275935	2544.5292620865143	3.0	11.0	1930.5019305019305	1725.625539257981	2222.732069702248	2316.8778126739057	VTA1	726.0	648.0	0.008264462809917356	0.004629629629629629	2222.732069702248	1416.3525361385975	1.5478342516349473	-2.1481729164203083	0.5514682086683755						
PB.70308.21	Patient1	552	446	1902	1717	290220.8201892745	259755.38730343623	8.0	23.0	259541.9847328244	283564.11800120404	260829.56428435983	283440.7847834908	VTA1	1133.0	979.0	0.4872021182700794	0.45556690500510727	260829.56428435983	64533.69872029811	0.45544043635716924	-11.84388441099791	0.4086148028971197						
PB.70308.21	Patient12	480	547	1791	2004	268006.70016750414	272954.0918163673	14.0	20.0	259541.9847328244	283564.11800120404	260829.56428435983	283440.7847834908	VTA1	1046.0	1180.0	0.4588910133843212	0.4635593220338983	260829.56428435983	64533.69872029811	0.11121531890263166	-13.910082585178436	0.11905726681774595						
PB.70308.21	Patient14	345	611	1161	1708	297157.62273901806	357728.337236534	7.0	2.0	259541.9847328244	283564.11800120404	260829.56428435983	283440.7847834908	VTA1	693.0	1194.0	0.49783549783549785	0.5117252931323283	260829.56428435983	64533.69872029811	0.5629316027911442	-11.230989097826905	0.4945061075038418						
PB.70308.21	Patient18	281	380	988	1387	284412.95546558703	273972.602739726	10.0	19.0	259541.9847328244	283564.11800120404	260829.56428435983	283440.7847834908	VTA1	483.0	699.0	0.5817805383022774	0.5436337625178826	260829.56428435983	64533.69872029811	0.3654430421451947	-12.368407824091356	0.33510795877674937						
PB.70308.21	Patient19	418	502	1229	1548	340113.91375101707	324289.4056847545	3.0	8.0	259541.9847328244	283564.11800120404	260829.56428435983	283440.7847834908	VTA1	725.0	912.0	0.576551724137931	0.5504385964912281	260829.56428435983	64533.69872029811	1.228572839289615	-7.727617500928405	0.9854694914835621						
PB.70308.21	Patient2	585	487	1277	1085	458104.93343774474	448847.9262672811	1.0	1.0	259541.9847328244	283564.11800120404	260829.56428435983	283440.7847834908	VTA1	1009.0	937.0	0.5797819623389494	0.5197438633938101	260829.56428435983	64533.69872029811	3.056935726067951	6.6717643865148135	3.003402520607288						
PB.70308.21	Patient20	632	487	1888	1738	334745.76271186443	280207.1346375144	4.0	17.0	259541.9847328244	283564.11800120404	260829.56428435983	283440.7847834908	VTA1	1110.0	862.0	0.5693693693693693	0.5649651972157773	260829.56428435983	64533.69872029811	1.1453891516101085	-8.140422909326773	0.9276188368707836						
PB.70308.21	Patient22	341	719	1221	2106	279279.27927927923	341405.50807217474	11.0	6.0	259541.9847328244	283564.11800120404	260829.56428435983	283440.7847834908	VTA1	754.0	1319.0	0.45225464190981435	0.5451099317664898	260829.56428435983	64533.69872029811	0.2858927252083308	-12.841039847551645	0.26887318715826813						
PB.70308.21	Patient24	338	471	1059	1661	319169.0273843249	283564.11800120404	6.0	16.0	259541.9847328244	283564.11800120404	260829.56428435983	283440.7847834908	VTA1	548.0	804.0	0.6167883211678832	0.585820895522388	260829.56428435983	64533.69872029811	0.9040154873629649	-9.376832524376278	0.7543480798870918						
PB.70308.21	Patient28	407	255	1473	1202	276306.85675492196	212146.42262895175	13.0	26.0	259541.9847328244	283564.11800120404	260829.56428435983	283440.7847834908	VTA1	851.0	786.0	0.4782608695652174	0.3244274809160305	260829.56428435983	64533.69872029811	0.2398327196097002	-13.118683649189268	0.22996411439142886						
PB.70308.21	Patient3	528	585	1987	2019	265727.2269753397	289747.3997028232	15.0	15.0	259541.9847328244	283564.11800120404	260829.56428435983	283440.7847834908	VTA1	999.0	1000.0	0.5285285285285285	0.585	260829.56428435983	64533.69872029811	0.07589310372875588	-14.131716874032767	0.08799738137533579						
PB.70308.21	Patient4	515	508	1554	1450	331402.83140283136	350344.8275862069	5.0	3.0	259541.9847328244	283564.11800120404	260829.56428435983	283440.7847834908	VTA1	920.0	891.0	0.5597826086956522	0.5701459034792368	260829.56428435983	64533.69872029811	1.0935878233843392	-8.400849267165757	0.8911226210439115						
PB.70308.21	Patient6	458	546	1602	1714	285892.63420724095	318553.0921820303	9.0	11.0	259541.9847328244	283564.11800120404	260829.56428435983	283440.7847834908	VTA1	866.0	1080.0	0.5288683602771362	0.5055555555555555	260829.56428435983	64533.69872029811	0.3883718184434065	-12.233764285770192	0.35397693838019306						
PB.70308.21	Patient8	377	311	1359	1179	277409.86019131716	263782.866836302	12.0	22.0	259541.9847328244	283564.11800120404	260829.56428435983	283440.7847834908	VTA1	726.0	648.0	0.5192837465564738	0.4799382716049383	260829.56428435983	64533.69872029811	0.2569246182342597	-13.015308893929513	0.24445107880746064						
PB.70308.21	Patient9	610	517	1722	1493	354239.25667828106	346282.6523777629	2.0	4.0	259541.9847328244	283564.11800120404	260829.56428435983	283440.7847834908	VTA1	1124.0	909.0	0.5427046263345195	0.5687568756875687	260829.56428435983	64533.69872029811	1.4474560461624464	-6.671764386514816	1.1334370146823411						
PB.70308.26	Patient1	8	9	1902	1717	4206.098843322818	5241.7006406523005	16.0	8.0	4206.098843322818	2927.4004683840753	4173.6359825870595	3414.373282954469	VTA1	1133.0	979.0	0.00706090026478376	0.009193054136874362	4173.6359825870595	2072.044062077614	0.015667070662198173	-13.747139597664788	0.006743789159066349						
PB.70308.26	Patient10	6	11	1394	2180	4304.16068866571	5045.871559633028	14.0	9.0	4206.098843322818	2927.4004683840753	4173.6359825870595	3414.373282954469	VTA1	741.0	1255.0	0.008097165991902834	0.008764940239043825	4173.6359825870595	2072.044062077614	0.06299320968482444	-13.341994838153306	0.023939494299516827						
PB.70308.26	Patient14	5	5	1161	1708	4306.632213608958	2927.4004683840753	13.0	16.0	4206.098843322818	2927.4004683840753	4173.6359825870595	3414.373282954469	VTA1	693.0	1194.0	0.007215007215007215	0.0041876046901172526	4173.6359825870595	2072.044062077614	0.06418600523800887	-13.332042568308491	0.024306848626329043						
PB.70308.26	Patient15	6	4	1376	2573	4360.46511627907	1554.6055188495918	12.0	24.0	4206.098843322818	2927.4004683840753	4173.6359825870595	3414.373282954469	VTA1	613.0	1275.0	0.009787928221859706	0.003137254901960784	4173.6359825870595	2072.044062077614	0.09016658338079876	-13.11667483421603	0.03225641894629243						
PB.70308.26	Patient17	5	2	975	1227	5128.205128205128	1629.9918500407498	9.0	23.0	4206.098843322818	2927.4004683840753	4173.6359825870595	3414.373282954469	VTA1	503.0	645.0	0.009940357852882704	0.0031007751937984496	4173.6359825870595	2072.044062077614	0.46068959781720725	-10.304978284173282	0.13604067213143842						
PB.70308.26	Patient19	10	5	1229	1548	8136.696501220505	3229.9741602067184	3.0	14.0	4206.098843322818	2927.4004683840753	4173.6359825870595	3414.373282954469	VTA1	725.0	912.0	0.013793103448275862	0.005482456140350877	4173.6359825870595	2072.044062077614	1.9126333224109777	-2.301183042438074	0.4314736596626444						
PB.70308.26	Patient2	7	9	1277	1085	5481.59749412686	8294.930875576038	6.0	2.0	4206.098843322818	2927.4004683840753	4173.6359825870595	3414.373282954469	VTA1	1009.0	937.0	0.006937561942517344	0.0096051227321238	4173.6359825870595	2072.044062077614	0.6312421320945861	-9.149585207786755	0.17868809351346526						
PB.70308.26	Patient20	9	2	1888	1738	4766.949152542373	1150.7479861910242	11.0	27.0	4206.098843322818	2927.4004683840753	4173.6359825870595	3414.373282954469	VTA1	1110.0	862.0	0.008108108108108109	0.002320185614849188	4173.6359825870595	2072.044062077614	0.28634196579796917	-11.57145970180639	0.08929280095738919						
PB.70308.26	Patient21	6	0	1417	1328	4234.297812279464	0.0	15.0	30.0	4206.098843322818	2927.4004683840753	4173.6359825870595	3414.373282954469	VTA1	626.0	737.0	0.009584664536741214	0.0	4173.6359825870595	2072.044062077614	0.0292763222571529	-13.625705789976434	0.01346726561788238						
PB.70308.26	Patient27	8	7	917	1439	8724.100327153763	4864.489228630994	2.0	10.0	4206.098843322818	2927.4004683840753	4173.6359825870595	3414.373282954469	VTA1	476.0	847.0	0.01680672268907563	0.008264462809917356	4173.6359825870595	2072.044062077614	2.1961233488461662	-1.0925789639906167	0.47608518492709156						
PB.70308.26	Patient28	8	0	1473	1202	5431.093007467753	0.0	7.0	30.0	4206.098843322818	2927.4004683840753	4173.6359825870595	3414.373282954469	VTA1	851.0	786.0	0.009400705052878966	0.0	4173.6359825870595	2072.044062077614	0.6068678981758022	-9.310065894182417	0.17276449262276453						
PB.70308.26	Patient3	10	11	1987	2019	5032.712632108706	5448.241703813769	10.0	7.0	4206.098843322818	2927.4004683840753	4173.6359825870595	3414.373282954469	VTA1	999.0	1000.0	0.01001001001001001	0.011	4173.6359825870595	2072.044062077614	0.41460346584534535	-10.63086357127181	0.12401172073373751						
PB.70308.26	Patient4	8	5	1554	1450	5148.005148005148	3448.2758620689656	8.0	12.0	4206.098843322818	2927.4004683840753	4173.6359825870595	3414.373282954469	VTA1	920.0	891.0	0.008695652173913044	0.005611672278338945	4173.6359825870595	2072.044062077614	0.4702453887206916	-10.238167002809645	0.13850678425173904						
PB.70308.26	Patient5	9	12	1596	1993	5639.097744360902	6021.073758153538	5.0	4.0	4206.098843322818	2927.4004683840753	4173.6359825870595	3414.373282954469	VTA1	676.0	862.0	0.013313609467455622	0.013921113689095127	4173.6359825870595	2072.044062077614	0.7072541499452677	-8.658449649912482	0.19681669885171788						
PB.70308.26	Patient8	8	13	1359	1179	5886.681383370125	11026.29346904156	4.0	1.0	4206.098843322818	2927.4004683840753	4173.6359825870595	3414.373282954469	VTA1	726.0	648.0	0.011019283746556474	0.020061728395061727	4173.6359825870595	2072.044062077614	0.8267417822502363	-7.91347032261974	0.22431508701180372						
PB.70308.26	Patient9	16	3	1722	1493	9291.521486643438	2009.3770931011384	1.0	21.0	4206.098843322818	2927.4004683840753	4173.6359825870595	3414.373282954469	VTA1	1124.0	909.0	0.014234875444839857	0.0033003300330033004	4173.6359825870595	2072.044062077614	2.4699694363278817	1.0925789639906167	0.5567428873536516						
PB.70308.41	Patient1	4	0	1902	1717	2103.049421661409	0.0	6.0	26.0	783.0853563038371	575.3739930955121	1048.6489098809243	897.904102148596	VTA1	1133.0	979.0	0.00353045013239188	0.0	1048.6489098809243	1020.7497654388351	1.0329666951499934	-7.5496996236684115	0.305741082200178						
PB.70308.41	Patient10	3	12	1394	2180	2152.080344332855	5504.587155963303	5.0	1.0	783.0853563038371	575.3739930955121	1048.6489098809243	897.904102148596	VTA1	741.0	1255.0	0.004048582995951417	0.009561752988047808	1048.6489098809243	1020.7497654388351	1.0810009189446639	-7.231567181275347	0.3126024336134881						
PB.70308.41	Patient15	5	1	1376	2573	3633.720930232558	388.65137971239795	1.0	20.0	783.0853563038371	575.3739930955121	1048.6489098809243	897.904102148596	VTA1	613.0	1275.0	0.008156606851549755	0.000784313725490196	1048.6489098809243	1020.7497654388351	2.5325227669685275	1.4496287517274598	0.49983494450131566						
PB.70308.41	Patient20	5	1	1888	1738	2648.3050847457625	575.3739930955121	3.0	16.0	783.0853563038371	575.3739930955121	1048.6489098809243	897.904102148596	VTA1	1110.0	862.0	0.0045045045045045045	0.001160092807424594	1048.6489098809243	1020.7497654388351	1.56713842023478	-4.367324526078572	0.37437725683637696						
PB.70308.41	Patient22	2	1	1221	2106	1638.0016380016382	474.8338081671415	8.0	19.0	783.0853563038371	575.3739930955121	1048.6489098809243	897.904102148596	VTA1	754.0	1319.0	0.002652519893899204	0.000758150113722517	1048.6489098809243	1020.7497654388351	0.5773723865293691	-10.999207428350653	0.2313434977449666						
PB.70308.41	Patient23	1	0	665	1159	1503.7593984962407	0.0	9.0	26.0	783.0853563038371	575.3739930955121	1048.6489098809243	897.904102148596	VTA1	127.0	581.0	0.007874015748031496	0.0	1048.6489098809243	1020.7497654388351	0.44585901856137855	-12.179363408013371	0.20589037250544628						
PB.70308.41	Patient26	2	0	1690	1469	1183.4319526627219	0.0	11.0	26.0	783.0853563038371	575.3739930955121	1048.6489098809243	897.904102148596	VTA1	775.0	695.0	0.0025806451612903226	0.0	1048.6489098809243	1020.7497654388351	0.1320431778143514	-15.48514988556525	0.134592511308922						
PB.70308.41	Patient27	3	3	917	1439	3271.5376226826606	2084.7810979847113	2.0	4.0	783.0853563038371	575.3739930955121	1048.6489098809243	897.904102148596	VTA1	476.0	847.0	0.0063025210084033615	0.0035419126328217238	1048.6489098809243	1020.7497654388351	2.177701908994399	-1.4496287517274604	0.43730493524088954						
PB.70308.41	Patient3	4	0	1987	2019	2013.0850528434826	0.0	7.0	26.0	783.0853563038371	575.3739930955121	1048.6489098809243	897.904102148596	VTA1	999.0	1000.0	0.004004004004004004	0.0	1048.6489098809243	1020.7497654388351	0.9448311188667609	-8.153196037630384	0.29272511645422167						
PB.70308.41	Patient30	2	1	1658	1808	1206.2726176115802	553.0973451327434	10.0	17.0	783.0853563038371	575.3739930955121	1048.6489098809243	897.904102148596	VTA1	705.0	1148.0	0.0028368794326241137	0.0008710801393728223	1048.6489098809243	1020.7497654388351	0.15441953852704657	-15.221364949187357	0.14028171776775317						
PB.70308.41	Patient4	4	0	1554	1450	2574.002574002574	0.0	4.0	26.0	783.0853563038371	575.3739930955121	1048.6489098809243	897.904102148596	VTA1	920.0	891.0	0.004347826086956522	0.0	1048.6489098809243	1020.7497654388351	1.4943463283245313	-4.7601861506020215	0.36590417674940867						
PB.70308.42	Patient14	12	28	1161	1708	10335.917312661499	16393.44262295082	17.0	8.0	10647.010647010646	12436.844150796735	9958.494907074535	12753.648649879153	VTA1	693.0	1194.0	0.017316017316017316	0.023450586264656615	9958.494907074535	3794.3671914084784	0.09946913056847918	-10.154835587765577	-0.06939475576646487						
PB.70308.42	Patient15	15	32	1376	2573	10901.162790697676	12436.844150796735	14.0	16.0	10647.010647010646	12436.844150796735	9958.494907074535	12753.648649879153	VTA1	613.0	1275.0	0.024469820554649267	0.025098039215686273	9958.494907074535	3794.3671914084784	0.2484387609500755	-9.11257838211078	0.08787077032358008						
PB.70308.42	Patient16	20	12	1395	1271	14336.917562724015	9441.38473642801	4.0	20.0	10647.010647010646	12436.844150796735	9958.494907074535	12753.648649879153	VTA1	641.0	567.0	0.031201248049921998	0.021164021164021163	9958.494907074535	3794.3671914084784	1.1539269751128642	-3.8335293067800906	0.7076091813368283						
PB.70308.42	Patient17	12	10	975	1227	12307.692307692309	8149.9592502037485	9.0	22.0	10647.010647010646	12436.844150796735	9958.494907074535	12753.648649879153	VTA1	503.0	645.0	0.02385685884691849	0.015503875968992248	9958.494907074535	3794.3671914084784	0.6191275862644557	-6.7742245736632	0.36238378449617553						
PB.70308.42	Patient19	21	45	1229	1548	17087.062652563058	29069.767441860466	2.0	1.0	10647.010647010646	12436.844150796735	9958.494907074535	12753.648649879153	VTA1	725.0	912.0	0.028965517241379312	0.049342105263157895	9958.494907074535	3794.3671914084784	1.8787237465128883	-0.45210866692270524	1.104573904416495						
PB.70308.42	Patient2	14	15	1277	1085	10963.19498825372	13824.884792626728	13.0	13.0	10647.010647010646	12436.844150796735	9958.494907074535	12753.648649879153	VTA1	1009.0	937.0	0.013875123885034688	0.016008537886873	9958.494907074535	3794.3671914084784	0.26478725713581686	-9.00324269076099	0.10070632586724756						
PB.70308.42	Patient20	28	22	1888	1738	14830.508474576272	12658.227848101265	3.0	15.0	10647.010647010646	12436.844150796735	9958.494907074535	12753.648649879153	VTA1	1110.0	862.0	0.025225225225225224	0.025522041763341066	9958.494907074535	3794.3671914084784	1.284012147936909	-3.1812992610244595	0.7841782767181537						
PB.70308.42	Patient21	20	28	1417	1328	14114.326040931546	21084.33734939759	6.0	4.0	10647.010647010646	12436.844150796735	9958.494907074535	12753.648649879153	VTA1	626.0	737.0	0.03194888178913738	0.037991858887381276	9958.494907074535	3794.3671914084784	1.0952633006280967	-4.135042117873652	0.672212831012967						
PB.70308.42	Patient22	13	16	1221	2106	10647.010647010646	7597.340930674264	16.0	23.0	10647.010647010646	12436.844150796735	9958.494907074535	12753.648649879153	VTA1	754.0	1319.0	0.017241379310344827	0.012130401819560273	9958.494907074535	3794.3671914084784	0.1814573300905366	-9.567320880143459	0.03406291989243303						
PB.70308.42	Patient24	12	20	1059	1661	11331.444759206799	12040.939193257074	11.0	17.0	10647.010647010646	12436.844150796735	9958.494907074535	12753.648649879153	VTA1	548.0	804.0	0.021897810218978103	0.024875621890547265	9958.494907074535	3794.3671914084784	0.36183895307787056	-8.366648553140466	0.1754398306480454						
PB.70308.42	Patient25	24	22	1372	1946	17492.71137026239	11305.24152106886	1.0	18.0	10647.010647010646	12436.844150796735	9958.494907074535	12753.648649879153	VTA1	664.0	856.0	0.03614457831325301	0.02570093457943925	9958.494907074535	3794.3671914084784	1.9856318809227147	0.4521086669227047	1.210725259649518						
PB.70308.42	Patient26	18	35	1690	1469	10650.887573964497	23825.73179033356	15.0	2.0	10647.010647010646	12436.844150796735	9958.494907074535	12753.648649879153	VTA1	775.0	695.0	0.023225806451612905	0.050359712230215826	9958.494907074535	3794.3671914084784	0.18247908859683773	-9.560114969154466	0.03533183587403204						
PB.70308.42	Patient27	12	27	917	1439	13086.150490730643	18763.029881862403	7.0	6.0	10647.010647010646	12436.844150796735	9958.494907074535	12753.648649879153	VTA1	476.0	847.0	0.025210084033613446	0.031877213695395513	9958.494907074535	3794.3671914084784	0.8242891174944811	-5.592465872428719	0.501117342236072						
PB.70308.42	Patient30	19	36	1658	1808	11459.589867310011	19911.50442477876	10.0	5.0	10647.010647010646	12436.844150796735	9958.494907074535	12753.648649879153	VTA1	705.0	1148.0	0.02695035460992908	0.0313588850174216	9958.494907074535	3794.3671914084784	0.3956114114718206	-8.149965707362012	0.2008774957692312						
PB.70308.42	Patient4	22	24	1554	1450	14157.014157014157	16551.724137931036	5.0	7.0	10647.010647010646	12436.844150796735	9958.494907074535	12753.648649879153	VTA1	920.0	891.0	0.02391304347826087	0.026936026936026935	9958.494907074535	3794.3671914084784	1.1065136920449496	-4.076851861123248	0.6790441251987838						
PB.70308.42	Patient8	17	7	1359	1179	12509.197939661517	5937.234944868533	8.0	28.0	10647.010647010646	12436.844150796735	9958.494907074535	12753.648649879153	VTA1	726.0	648.0	0.023415977961432508	0.010802469135802469	9958.494907074535	3794.3671914084784	0.6722341049022603	-6.461303762931048	0.3991193865428326						
PB.70308.42	Patient9	19	10	1722	1493	11033.681765389081	6697.923643670462	12.0	25.0	10647.010647010646	12436.844150796735	9958.494907074535	12753.648649879153	VTA1	1124.0	909.0	0.016903914590747332	0.011001100110011002	9958.494907074535	3794.3671914084784	0.28336394557413247	-8.879753567651386	0.1152034354491605						
PB.70308.51	Patient10	13	7	1394	2180	9325.681492109039	3211.009174311927	6.0	22.0	5128.205128205128	4624.871531346352	6192.791052583932	5630.091678763911	VTA1	741.0	1255.0	0.017543859649122806	0.005577689243027889	6192.791052583932	4487.706252794432	0.6981050592547808	-15.840388019248437	0.36732604694886645						
PB.70308.51	Patient11	13	7	1367	2226	9509.875640087785	3144.654088050315	5.0	23.0	5128.205128205128	4624.871531346352	6192.791052583932	5630.091678763911	VTA1	810.0	640.0	0.016049382716049384	0.0109375	6192.791052583932	4487.706252794432	0.7391492224871784	-15.493405633325947	0.3789319245758613						
PB.70308.51	Patient12	12	11	1791	2004	6700.167504187605	5489.021956087825	11.0	11.0	5128.205128205128	4624.871531346352	6192.791052583932	5630.091678763911	VTA1	1046.0	1180.0	0.011472275334608031	0.009322033898305085	6192.791052583932	4487.706252794432	0.11305919394517798	-21.70598091482799	0.1711335135011499						
PB.70308.51	Patient13	22	16	2218	2495	9918.845807033364	6412.825651302605	4.0	9.0	5128.205128205128	4624.871531346352	6192.791052583932	5630.091678763911	VTA1	1281.0	1283.0	0.01717408274785324	0.012470771628994544	6192.791052583932	4487.706252794432	0.8302804471948827	-14.746425265020454	0.4039169471477496						
PB.70308.51	Patient16	13	10	1395	1271	9318.99641577061	7867.820613690008	7.0	7.0	5128.205128205128	4624.871531346352	6192.791052583932	5630.091678763911	VTA1	641.0	567.0	0.0202808112324493	0.01763668430335097	6192.791052583932	4487.706252794432	0.6966154171164913	-15.853109781124155	0.36690052906231196						
PB.70308.51	Patient20	14	8	1888	1738	7415.254237288136	4602.991944764097	9.0	17.0	5128.205128205128	4624.871531346352	6192.791052583932	5630.091678763911	VTA1	1110.0	862.0	0.012612612612612612	0.009280742459396751	6192.791052583932	4487.706252794432	0.27240267429335285	-19.907037466743798	0.23130462985577988						
PB.70308.51	Patient25	9	9	1372	1946	6559.766763848396	4624.871531346352	12.0	16.0	5128.205128205128	4624.871531346352	6192.791052583932	5630.091678763911	VTA1	664.0	856.0	0.01355421686746988	0.010514018691588784	6192.791052583932	4487.706252794432	0.08177355882773167	-22.08166352667992	0.1585676698253925						
PB.70308.51	Patient26	24	8	1690	1469	14201.183431952662	5445.881552076242	2.0	12.0	5128.205128205128	4624.871531346352	6192.791052583932	5630.091678763911	VTA1	775.0	695.0	0.03096774193548387	0.011510791366906475	6192.791052583932	4487.706252794432	1.7845179537724907	-8.379417380199461	0.6168808247373472						
PB.70308.51	Patient28	19	29	1473	1202	12898.845892735913	24126.455906821964	3.0	1.0	5128.205128205128	4624.871531346352	6192.791052583932	5630.091678763911	VTA1	851.0	786.0	0.022326674500587545	0.03689567430025445	6192.791052583932	4487.706252794432	1.4943167984705361	-10.08588755434094	0.5598027573232085						
PB.70308.51	Patient29	8	15	1044	1857	7662.835249042145	8077.544426494346	8.0	6.0	5128.205128205128	4624.871531346352	6192.791052583932	5630.091678763911	VTA1	569.0	1270.0	0.014059753954305799	0.011811023622047244	6192.791052583932	4487.706252794432	0.3275713947504557	-19.324404866325608	0.25079254318018074						
PB.70308.51	Patient31	22	25	966	1858	22774.32712215321	13455.328310010764	1.0	2.0	5128.205128205128	4624.871531346352	6192.791052583932	5630.091678763911	VTA1	673.0	1178.0	0.03268945022288262	0.021222410865874362	6192.791052583932	4487.706252794432	3.6948799978261024	8.37941738019946	1.177430850592739						
PB.70308.51	Patient4	11	5	1554	1450	7078.507078507078	3448.2758620689656	10.0	21.0	5128.205128205128	4624.871531346352	6192.791052583932	5630.091678763911	VTA1	920.0	891.0	0.011956521739130435	0.005611672278338945	6192.791052583932	4487.706252794432	0.19736497355895874	-20.7315236757189	0.20372718951663982						
PB.70308.52	Patient1	4	0	1902	1717	2103.049421661409	0.0	7.0	22.5	603.1363088057901	0.0	1229.2982672147905	741.9069884850197	VTA1	1133.0	979.0	0.00353045013239188	0.0	1229.2982672147905	1714.2865699427996	0.5096879190249811	-12.605841129305494	0.3366427681827268						
PB.70308.52	Patient14	2	0	1161	1708	1722.652885443583	0.0	8.0	22.5	603.1363088057901	0.0	1229.2982672147905	741.9069884850197	VTA1	693.0	1194.0	0.002886002886002886	0.0	1229.2982672147905	1714.2865699427996	0.2877900503211982	-15.256273804848544	0.2852169510465193						
PB.70308.52	Patient19	5	0	1229	1548	4068.3482506102523	0.0	4.0	22.5	603.1363088057901	0.0	1229.2982672147905	741.9069884850197	VTA1	725.0	912.0	0.006896551724137931	0.0	1229.2982672147905	1714.2865699427996	1.65611166369354	-3.838948705603045	0.5067450351802281						
PB.70308.52	Patient20	10	0	1888	1738	5296.610169491525	0.0	2.0	22.5	603.1363088057901	0.0	1229.2982672147905	741.9069884850197	VTA1	1110.0	862.0	0.009009009009009009	0.0	1229.2982672147905	1714.2865699427996	2.3725974254190465	-0.33318418001901534	0.5747666857880288						
PB.70308.52	Patient21	2	0	1417	1328	1411.4326040931546	0.0	10.0	22.5	603.1363088057901	0.0	1229.2982672147905	741.9069884850197	VTA1	626.0	737.0	0.003194888178913738	0.0	1229.2982672147905	1714.2865699427996	0.10624497681530655	-17.90291016249758	0.23386479311003788						
PB.70308.52	Patient25	2	1	1372	1946	1457.725947521866	513.874614594039	9.0	13.0	603.1363088057901	0.0	1229.2982672147905	741.9069884850197	VTA1	664.0	856.0	0.0030120481927710845	0.0011682242990654205	1229.2982672147905	1714.2865699427996	0.1332494136699078	-17.47428123013565	0.24218139488541263						
PB.70308.52	Patient27	2	0	917	1439	2181.0250817884407	0.0	6.0	22.5	603.1363088057901	0.0	1229.2982672147905	741.9069884850197	VTA1	476.0	847.0	0.004201680672268907	0.0	1229.2982672147905	1714.2865699427996	0.5551736980622828	-12.12219275009275	0.346026901323374						
PB.70308.52	Patient28	8	0	1473	1202	5431.093007467753	0.0	1.0	22.5	603.1363088057901	0.0	1229.2982672147905	741.9069884850197	VTA1	851.0	786.0	0.009400705052878966	0.0	1229.2982672147905	1714.2865699427996	2.451045708415696	0.3331841800190148	0.5876960983118344						
PB.70308.52	Patient29	4	1	1044	1857	3831.4176245210724	538.5029617662897	5.0	12.0	603.1363088057901	0.0	1229.2982672147905	741.9069884850197	VTA1	569.0	1270.0	0.007029876977152899	0.0007874015748031496	1229.2982672147905	1714.2865699427996	1.5179022007931302	-4.636226596284894	0.4912756111155156						
PB.70308.52	Patient3	10	0	1987	2019	5032.712632108706	0.0	3.0	22.5	603.1363088057901	0.0	1229.2982672147905	741.9069884850197	VTA1	999.0	1000.0	0.01001001001001001	0.0	1229.2982672147905	1714.2865699427996	2.2186572721157254	-1.012319565008971	0.5615895572227594						
