Isoform	Sample	cyclo_count	noncyclo_count	total_cyclo	total_noncyclo	Cyclo_TPM	Noncyclo_TPM	Cyclo_TPM_Rank	Noncyclo_TPM_Rank	Cyclo_TPM_Median	Noncyclo_TPM_Median	Cyclo_TPM_Mean	Noncyclo_TPM_Mean	associated_gene	gene_cyclo_count	gene_noncyclo_count	isoform_cyclo_proportion	isoform_noncyclo_proportion	CycloFraction	NoncycloFraction	NormalizedCycloFraction	NormalizedNoncycloFraction	NormalizedFractionDifference	test_statistic	z_score_of_test_stat	rank_top_99_9_percentile	rank_top_99_5_percentile	rank_top_99_percentile	rank_top_98_percentile	rank_top_95_percentile	Phenotypes
PB.161541.3	Patient10	2	1	1394	2180	1434.7202295552368	458.7155963302753	22.0	29.0	2822.8652081863092	3392.705682782019	3374.349287623454	4320.504916696668	novelGene_SRSF6_AS	3.0	2.0	0.6666666666666666	0.5	0.0014347202295552368	0.00045871559633027525	0.7577337504344803	0.24226624956551965	0.5154675008689606	17.232302040592508	1.4619427971836843						
PB.161541.3	Patient11	3	4	1367	2226	2194.5866861741038	1796.9451931716083	17.0	22.0	2822.8652081863092	3392.705682782019	3374.349287623454	4320.504916696668	novelGene_SRSF6_AS	6.0	5.0	0.5	0.8	0.0021945866861741038	0.0017969451931716084	0.5498106372468302	0.4501893627531698	0.09962127449366043	3.1999597334609113	0.4093048815513777						
PB.161541.3	Patient13	1	1	2218	2495	450.8566275924256	400.80160320641284	28.0	30.0	2822.8652081863092	3392.705682782019	3374.349287623454	4320.504916696668	novelGene_SRSF6_AS	2.0	3.0	0.5	0.3333333333333333	0.0004508566275924256	0.0004008016032064128	0.5293868024612773	0.4706131975387227	0.05877360492255462	1.4944401460440229	0.28136511609567255						
PB.161541.3	Patient14	5	6	1161	1708	4306.632213608958	3512.88056206089	10.0	14.0	2822.8652081863092	3392.705682782019	3374.349287623454	4320.504916696668	novelGene_SRSF6_AS	9.0	6.0	0.5555555555555556	1.0	0.004306632213608958	0.00351288056206089	0.5507545466271121	0.44924545337288785	0.10150909325422425	3.547412845281826	0.4353691202509458						
PB.161541.3	Patient16	3	2	1395	1271	2150.537634408602	1573.5641227380015	18.0	23.0	2822.8652081863092	3392.705682782019	3374.349287623454	4320.504916696668	novelGene_SRSF6_AS	3.0	3.0	1.0	0.6666666666666666	0.002150537634408602	0.0015735641227380016	0.5774647887323944	0.4225352112676056	0.15492957746478875	4.986921295381334	0.5433540269245618						
PB.161541.3	Patient18	9	10	988	1387	9109.311740890687	7209.805335255947	3.0	6.0	2822.8652081863092	3392.705682782019	3374.349287623454	4320.504916696668	novelGene_SRSF6_AS	21.0	12.0	0.42857142857142855	0.8333333333333334	0.009109311740890687	0.007209805335255948	0.5581988105352591	0.4418011894647409	0.11639762107051821	4.437182829522765	0.5021153270568877						
PB.161541.3	Patient22	5	5	1221	2106	4095.0040950040952	2374.1690408357076	11.0	19.0	2822.8652081863092	3392.705682782019	3374.349287623454	4320.504916696668	novelGene_SRSF6_AS	9.0	6.0	0.5555555555555556	0.8333333333333334	0.004095004095004095	0.0023741690408357074	0.6330027051397655	0.3669972948602344	0.2660054102795311	9.434521578352147	0.8769913191856469						
PB.161541.3	Patient25	6	3	1372	1946	4373.1778425655975	1541.623843782117	9.0	24.0	2822.8652081863092	3392.705682782019	3374.349287623454	4320.504916696668	novelGene_SRSF6_AS	9.0	6.0	0.6666666666666666	0.5	0.004373177842565598	0.001541623843782117	0.7393617021276596	0.26063829787234044	0.4787234042553192	18.186540551829264	1.5335251186164958						
PB.161541.3	Patient27	13	6	917	1439	14176.663031624863	4169.562195969423	1.0	13.0	2822.8652081863092	3392.705682782019	3374.349287623454	4320.504916696668	novelGene_SRSF6_AS	21.0	11.0	0.6190476190476191	0.5454545454545454	0.014176663031624863	0.004169562195969423	0.7727291503159983	0.22727084968400182	0.5454583006319965	24.34610053084829	1.995585281888848						
PB.161541.3	Patient29	4	4	1044	1857	3831.4176245210724	2154.0118470651587	12.0	20.0	2822.8652081863092	3392.705682782019	3374.349287623454	4320.504916696668	novelGene_SRSF6_AS	13.0	8.0	0.3076923076923077	0.5	0.0038314176245210726	0.002154011847065159	0.640124095139607	0.359875904860393	0.280248190279214	9.88731918701757	0.910957988509743						
PB.161541.3	Patient4	9	3	1554	1450	5791.505791505791	2068.9655172413795	6.0	21.0	2822.8652081863092	3392.705682782019	3374.349287623454	4320.504916696668	novelGene_SRSF6_AS	9.0	6.0	1.0	0.5	0.005791505791505791	0.0020689655172413794	0.7367886178861788	0.2632113821138211	0.47357723577235766	18.557588540778863	1.5613593299789825						
PB.161541.3	Patient5	7	7	1596	1993	4385.964912280701	3512.2930255895635	8.0	15.0	2822.8652081863092	3392.705682782019	3374.349287623454	4320.504916696668	novelGene_SRSF6_AS	7.0	9.0	1.0	0.7777777777777778	0.0043859649122807015	0.0035122930255895636	0.5553078852047925	0.44469211479520765	0.11061577040958481	3.8766183665635547	0.4600645136608207						
PB.161541.3	Patient6	2	1	1602	1714	1248.4394506866417	583.4305717619603	23.0	27.0	2822.8652081863092	3392.705682782019	3374.349287623454	4320.504916696668	novelGene_SRSF6_AS	2.0	1.0	1.0	1.0	0.0012484394506866417	0.0005834305717619603	0.6815109343936382	0.3184890656063618	0.3630218687872764	11.277714049105214	1.0152586332274802						
PB.161541.3	Patient8	5	4	1359	1179	3679.175864606328	3392.705682782019	13.0	16.0	2822.8652081863092	3392.705682782019	3374.349287623454	4320.504916696668	novelGene_SRSF6_AS	6.0	5.0	0.8333333333333334	0.8	0.003679175864606328	0.0033927056827820186	0.5202541699761716	0.4797458300238284	0.04050833995234315	1.3849487044828988	0.2731516018938488						
PB.161541.4	Patient10	1	1	1394	2180	717.3601147776184	458.7155963302753	19.0	23.0	944.2870632672333	848.1764206955047	2194.2860325263987	1465.670973255149	novelGene_SRSF6_AS	3.0	2.0	0.3333333333333333	0.5	0.0007173601147776184	0.00045871559633027525	0.6099608282036934	0.39003917179630665	0.2199216564073867	6.111601199211046	0.1675477224755051						
PB.161541.4	Patient11	3	1	1367	2226	2194.5866861741038	449.23629829290206	11.0	24.0	944.2870632672333	848.1764206955047	2194.2860325263987	1465.670973255149	novelGene_SRSF6_AS	6.0	5.0	0.5	0.2	0.0021945866861741038	0.0004492362982929021	0.8300807955251709	0.1699192044748291	0.6601615910503418	25.375354559532525	0.6956577703412553						
PB.161541.4	Patient14	4	0	1161	1708	3445.305770887166	0.0	6.0	28.0	944.2870632672333	848.1764206955047	2194.2860325263987	1465.670973255149	novelGene_SRSF6_AS	9.0	6.0	0.4444444444444444	0.0	0.0034453057708871662	0.0	1.0	0.0	1.0	138.08704148430022	3.785615021323997	1.0	1.0	1.0	1.0	1.0	
PB.161541.4	Patient15	4	2	1376	2573	2906.9767441860463	777.3027594247959	9.0	19.0	944.2870632672333	848.1764206955047	2194.2860325263987	1465.670973255149	novelGene_SRSF6_AS	6.0	15.0	0.6666666666666666	0.13333333333333333	0.0029069767441860465	0.000777302759424796	0.7890217724624348	0.21097822753756515	0.5780435449248696	21.88051471827488	0.5998477793531385						
PB.161541.4	Patient18	12	2	988	1387	12145.748987854251	1441.9610670511895	1.0	12.0	944.2870632672333	848.1764206955047	2194.2860325263987	1465.670973255149	novelGene_SRSF6_AS	21.0	12.0	0.5714285714285714	0.16666666666666666	0.012145748987854251	0.0014419610670511895	0.8938775510204082	0.10612244897959183	0.7877551020408164	41.702019729982624	1.1432484222447525						
PB.161541.4	Patient2	1	0	1277	1085	783.0853563038371	0.0	17.0	28.0	944.2870632672333	848.1764206955047	2194.2860325263987	1465.670973255149	novelGene_SRSF6_AS	3.0	9.0	0.3333333333333333	0.0	0.0007830853563038371	0.0	1.0	0.0	1.0	92.46334543091521	2.534855013349959						
PB.161541.4	Patient20	5	4	1888	1738	2648.3050847457625	2301.4959723820484	10.0	5.0	944.2870632672333	848.1764206955047	2194.2860325263987	1465.670973255149	novelGene_SRSF6_AS	8.0	13.0	0.625	0.3076923076923077	0.0026483050847457626	0.0023014959723820483	0.5350326314493289	0.46496736855067106	0.07006526289865783	2.3018558390225046	0.06310469068972469						
PB.161541.4	Patient22	4	1	1221	2106	3276.0032760032764	474.8338081671415	7.0	22.0	944.2870632672333	848.1764206955047	2194.2860325263987	1465.670973255149	novelGene_SRSF6_AS	9.0	6.0	0.4444444444444444	0.16666666666666666	0.003276003276003276	0.0004748338081671415	0.8734059097978226	0.1265940902021773	0.7468118195956454	32.51144500409432	0.8912915596532754						
PB.161541.4	Patient25	3	3	1372	1946	2186.5889212827988	1541.623843782117	12.0	10.0	944.2870632672333	848.1764206955047	2194.2860325263987	1465.670973255149	novelGene_SRSF6_AS	9.0	6.0	0.3333333333333333	0.5	0.002186588921282799	0.001541623843782117	0.5864978902953587	0.41350210970464135	0.17299578059071735	5.591780307524281	0.15329698790392557						
PB.161541.4	Patient27	8	5	917	1439	8724.100327153763	3474.6351633078525	2.0	4.0	944.2870632672333	848.1764206955047	2194.2860325263987	1465.670973255149	novelGene_SRSF6_AS	21.0	11.0	0.38095238095238093	0.45454545454545453	0.008724100327153763	0.0034746351633078527	0.7151643163322359	0.2848356836677642	0.4303286326644717	17.3836354931122	0.4765671777784344						
PB.161541.4	Patient29	9	4	1044	1857	8620.689655172413	2154.0118470651587	3.0	6.0	944.2870632672333	848.1764206955047	2194.2860325263987	1465.670973255149	novelGene_SRSF6_AS	13.0	8.0	0.6923076923076923	0.5	0.008620689655172414	0.002154011847065159	0.8000861697544163	0.19991383024558382	0.6001723395088324	26.151437613145042	0.716933855584088						
PB.161541.4	Patient30	6	2	1658	1808	3618.8178528347407	1106.1946902654868	5.0	14.0	944.2870632672333	848.1764206955047	2194.2860325263987	1465.670973255149	novelGene_SRSF6_AS	16.0	21.0	0.375	0.09523809523809523	0.0036188178528347406	0.0011061946902654867	0.7658853431234115	0.23411465687658856	0.531770686246823	20.20406534348188	0.5538884201874403						
PB.161541.4	Patient7	2	0	1726	1705	1158.7485515643104	0.0	14.0	28.0	944.2870632672333	848.1764206955047	2194.2860325263987	1465.670973255149	novelGene_SRSF6_AS	3.0	2.0	0.6666666666666666	0.0	0.0011587485515643105	0.0	1.0	0.0	1.0	103.63683910142653	2.8411730068784498	1.0	1.0	1.0	1.0	1.0	
PB.161551.113	Patient1	1	0	1902	1717	525.7623554153522	0.0	14.0	20.5	0.0	0.0	1593.7473141837554	932.8418843042037	SRSF6	191.0	95.0	0.005235602094240838	0.0	0.0005257623554153522	0.0	1.0	0.0	1.0	81.76457159034882	1.3880971276429253						
PB.161551.113	Patient14	4	0	1161	1708	3445.305770887166	0.0	4.0	20.5	0.0	0.0	1593.7473141837554	932.8418843042037	SRSF6	121.0	44.0	0.03305785123966942	0.0	0.0034453057708871662	0.0	1.0	0.0	1.0	138.08704148430022	2.3442699193655603						
PB.161551.113	Patient16	5	0	1395	1271	3584.2293906810037	0.0	3.0	20.5	0.0	0.0	1593.7473141837554	932.8418843042037	SRSF6	93.0	54.0	0.053763440860215055	0.0	0.0035842293906810036	0.0	1.0	0.0	1.0	139.43006566323675	2.367070112271565	1.0	1.0	1.0	1.0	1.0	
PB.161551.113	Patient19	5	0	1229	1548	4068.3482506102523	0.0	2.0	20.5	0.0	0.0	1593.7473141837554	932.8418843042037	SRSF6	74.0	31.0	0.06756756756756757	0.0	0.0040683482506102524	0.0	1.0	0.0	1.0	143.77830799740966	2.440889158552402					1.0	
PB.161551.113	Patient20	3	1	1888	1738	1588.9830508474577	575.3739930955121	9.0	9.0	0.0	0.0	1593.7473141837554	932.8418843042037	SRSF6	54.0	81.0	0.05555555555555555	0.012345679012345678	0.0015889830508474577	0.0005753739930955121	0.734159391720642	0.2658406082793579	0.46831878344128414	15.569969435440507	0.2643275618088627						
PB.161551.113	Patient23	1	0	665	1159	1503.7593984962407	0.0	10.0	20.5	0.0	0.0	1593.7473141837554	932.8418843042037	SRSF6	27.0	18.0	0.037037037037037035	0.0	0.0015037593984962407	0.0	1.0	0.0	1.0	111.42483593881268	1.891632178905791						
PB.161551.113	Patient24	1	0	1059	1661	944.2870632672333	0.0	12.0	20.5	0.0	0.0	1593.7473141837554	932.8418843042037	SRSF6	27.0	41.0	0.037037037037037035	0.0	0.0009442870632672333	0.0	1.0	0.0	1.0	97.72056706556404	1.6589781590852044						
PB.161551.113	Patient27	2	0	917	1439	2181.0250817884407	0.0	8.0	20.5	0.0	0.0	1593.7473141837554	932.8418843042037	SRSF6	92.0	45.0	0.021739130434782608	0.0	0.0021810250817884407	0.0	1.0	0.0	1.0	123.0276384820221	2.0886101189790205						
PB.161551.113	Patient28	32	3	1473	1202	21724.37202987101	2495.840266222962	1.0	5.0	0.0	0.0	1593.7473141837554	932.8418843042037	SRSF6	299.0	165.0	0.10702341137123746	0.01818181818181818	0.02172437202987101	0.0024958402662229617	0.8969521721894457	0.1030478278105543	0.7939043443788913	44.96770524693951	0.7634057303290293						
PB.161551.113	Patient29	1	0	1044	1857	957.8544061302681	0.0	11.0	20.5	0.0	0.0	1593.7473141837554	932.8418843042037	SRSF6	61.0	35.0	0.01639344262295082	0.0	0.0009578544061302681	0.0	1.0	0.0	1.0	98.1272479072872	1.665882280237965						
PB.161551.113	Patient3	5	0	1987	2019	2516.356316054353	0.0	6.0	20.5	0.0	0.0	1593.7473141837554	932.8418843042037	SRSF6	371.0	172.0	0.013477088948787063	0.0	0.0025163563160543532	0.0	1.0	0.0	1.0	127.64435680699731	2.1669870164712712						
PB.161551.113	Patient30	4	0	1658	1808	2412.5452352231605	0.0	7.0	20.5	0.0	0.0	1593.7473141837554	932.8418843042037	SRSF6	496.0	127.0	0.008064516129032258	0.0	0.0024125452352231603	0.0	1.0	0.0	1.0	126.27549449100898	2.14374817583401						
PB.161551.113	Patient4	5	1	1554	1450	3217.5032175032175	689.655172413793	5.0	7.0	0.0	0.0	1593.7473141837554	932.8418843042037	SRSF6	197.0	100.0	0.025380710659898477	0.01	0.0032175032175032173	0.000689655172413793	0.8234893230349841	0.1765106769650159	0.6469786460699682	25.872928277659803	0.4392383733857924						
PB.161551.121	Patient1	1	0	1902	1717	525.7623554153522	0.0	9.0	18.5	0.0	0.0	553.9135859123627	92.02115523982647	SRSF6	191.0	95.0	0.005235602094240838	0.0	0.0005257623554153522	0.0	1.0	0.0	1.0	81.76457159034882	1.5568439811289834						
PB.161551.121	Patient18	3	0	988	1387	3036.4372469635628	0.0	2.0	18.5	0.0	0.0	553.9135859123627	92.02115523982647	SRSF6	157.0	82.0	0.01910828025477707	0.0	0.003036437246963563	0.0	1.0	0.0	1.0	133.8388995818054	2.5483688253000634						
PB.161551.121	Patient23	1	0	665	1159	1503.7593984962407	0.0	4.0	18.5	0.0	0.0	553.9135859123627	92.02115523982647	SRSF6	27.0	18.0	0.037037037037037035	0.0	0.0015037593984962407	0.0	1.0	0.0	1.0	111.42483593881268	2.1215922960954012						
PB.161551.121	Patient25	1	0	1372	1946	728.862973760933	0.0	5.0	18.5	0.0	0.0	553.9135859123627	92.02115523982647	SRSF6	341.0	346.0	0.002932551319648094	0.0	0.0007288629737609329	0.0	1.0	0.0	1.0	90.48707464180796	1.7229254038272983	1.0	1.0	1.0	1.0	2.0	
PB.161551.121	Patient26	1	0	1690	1469	591.7159763313609	0.0	8.0	18.5	0.0	0.0	553.9135859123627	92.02115523982647	SRSF6	668.0	201.0	0.0014970059880239522	0.0	0.000591715976331361	0.0	1.0	0.0	1.0	84.86855419734911	1.6159455766641315						
PB.161551.121	Patient28	11	0	1473	1202	7467.75288526816	0.0	1.0	18.5	0.0	0.0	553.9135859123627	92.02115523982647	SRSF6	299.0	165.0	0.03678929765886288	0.0	0.00746775288526816	0.0	1.0	0.0	1.0	165.55320989076677	3.152227344458394						
PB.161551.121	Patient30	1	0	1658	1808	603.1363088057901	0.0	7.0	18.5	0.0	0.0	553.9135859123627	92.02115523982647	SRSF6	496.0	127.0	0.0020161290322580645	0.0	0.0006031363088057901	0.0	1.0	0.0	1.0	85.37618140383734	1.6256110876025118						
PB.161551.121	Patient31	2	0	966	1858	2070.393374741201	0.0	3.0	18.5	0.0	0.0	553.9135859123627	92.02115523982647	SRSF6	153.0	125.0	0.013071895424836602	0.0	0.002070393374741201	0.0	1.0	0.0	1.0	121.36842796245614	2.3109239478329218						
PB.161551.121	Patient4	1	0	1554	1450	643.5006435006435	0.0	6.0	18.5	0.0	0.0	553.9135859123627	92.02115523982647	SRSF6	197.0	100.0	0.005076142131979695	0.0	0.0006435006435006435	0.0	1.0	0.0	1.0	87.10780631808186	1.6585822115609574						
PB.161551.166	Patient1	1	0	1902	1717	525.7623554153522	0.0	3.0	16.5	0.0	0.0	284.10273841308265	27.36052969985499	SRSF6	191.0	95.0	0.005235602094240838	0.0	0.0005257623554153522	0.0	1.0	0.0	1.0	81.76457159034882	2.256238597420825						
PB.161551.166	Patient19	1	0	1229	1548	813.6696501220504	0.0	2.0	16.5	0.0	0.0	284.10273841308265	27.36052969985499	SRSF6	74.0	31.0	0.013513513513513514	0.0	0.0008136696501220504	0.0	1.0	0.0	1.0	93.52739414924416	2.580825808676081	1.0	1.0	1.0	1.0	2.0	
PB.161551.166	Patient28	11	0	1473	1202	7467.75288526816	0.0	1.0	16.5	0.0	0.0	284.10273841308265	27.36052969985499	SRSF6	299.0	165.0	0.03678929765886288	0.0	0.00746775288526816	0.0	1.0	0.0	1.0	165.55320989076677	4.568329960240981	1.0	1.0	1.0	1.0	1.0	
PB.161551.18	Patient1	79	71	1902	1717	41535.226077812826	41351.1939429237	18.0	16.0	50237.61031907671	41351.1939429237	66146.65887260679	45828.29338733267	SRSF6	191.0	95.0	0.41361256544502617	0.7473684210526316	0.04153522607781283	0.041351193942923706	0.501110146480226	0.4988898535197739	0.0022202929604521193	0.09828570306213723	-0.7438251470564744						
PB.161551.18	Patient10	161	119	1394	2180	115494.97847919655	54587.15596330276	8.0	12.0	50237.61031907671	41351.1939429237	66146.65887260679	45828.29338733267	SRSF6	248.0	345.0	0.6491935483870968	0.34492753623188405	0.11549497847919656	0.054587155963302755	0.6790541455619058	0.3209458544380942	0.3581082911238116	18.182786140567266	0.9849363299078218						
PB.161551.18	Patient11	122	132	1367	2226	89246.52523774689	59299.191374663074	13.0	11.0	50237.61031907671	41351.1939429237	66146.65887260679	45828.29338733267	SRSF6	299.0	1145.0	0.4080267558528428	0.11528384279475982	0.08924652523774688	0.05929919137466307	0.6008017415312732	0.3991982584687268	0.20160348306254638	9.699175420042774	0.19743799638223233						
PB.161551.18	Patient12	183	145	1791	2004	102177.55443886097	72355.28942115768	10.0	8.0	50237.61031907671	41351.1939429237	66146.65887260679	45828.29338733267	SRSF6	223.0	348.0	0.820627802690583	0.4166666666666667	0.10217755443886097	0.07235528942115768	0.5854345358677068	0.4145654641322931	0.17086907173541366	8.285462888938648	0.06620893613842216						
PB.161551.18	Patient13	265	226	2218	2495	119477.0063119928	90581.1623246493	6.0	2.0	50237.61031907671	41351.1939429237	66146.65887260679	45828.29338733267	SRSF6	387.0	696.0	0.6847545219638242	0.32471264367816094	0.11947700631199279	0.0905811623246493	0.5687805767680651	0.4312194232319348	0.13756115353613035	6.737218185510828	-0.1275606296772491						
PB.161551.18	Patient14	54	32	1161	1708	46511.62790697674	18735.362997658078	17.0	23.0	50237.61031907671	41351.1939429237	66146.65887260679	45828.29338733267	SRSF6	121.0	44.0	0.4462809917355372	0.7272727272727273	0.046511627906976744	0.01873536299765808	0.7128547579298832	0.2871452420701169	0.4257095158597663	20.339652393191095	1.185149262293979						
PB.161551.18	Patient15	186	204	1376	2573	135174.41860465115	79284.88146132919	2.0	5.0	50237.61031907671	41351.1939429237	66146.65887260679	45828.29338733267	SRSF6	324.0	294.0	0.5740740740740741	0.6938775510204082	0.13517441860465115	0.07928488146132918	0.6303033655479782	0.3696966344520218	0.2606067310959564	13.119087032800484	0.5148941815577119						
PB.161551.18	Patient17	31	17	975	1227	31794.871794871797	13854.930725346372	20.0	27.0	50237.61031907671	41351.1939429237	66146.65887260679	45828.29338733267	SRSF6	56.0	25.0	0.5535714285714286	0.68	0.031794871794871796	0.013854930725346373	0.6964952757635684	0.30350472423643154	0.39299055152713686	17.923026545929673	0.9608239260466341						
PB.161551.18	Patient18	67	50	988	1387	67813.76518218624	36049.02667627974	14.0	18.0	50237.61031907671	41351.1939429237	66146.65887260679	45828.29338733267	SRSF6	157.0	82.0	0.4267515923566879	0.6097560975609756	0.06781376518218624	0.03604902667627974	0.6529168335335737	0.34708316646642634	0.3058336670671473	14.63055752101071	0.6551977067723948						
PB.161551.18	Patient19	20	17	1229	1548	16273.39300244101	10981.912144702841	27.0	28.0	50237.61031907671	41351.1939429237	66146.65887260679	45828.29338733267	SRSF6	74.0	31.0	0.2702702702702703	0.5483870967741935	0.01627339300244101	0.010981912144702842	0.5970724933947891	0.4029275066052108	0.19414498678957826	7.937359553205027	0.01773945672412325						
PB.161551.18	Patient21	175	81	1417	1328	123500.35285815103	60993.97590361446	4.0	10.0	50237.61031907671	41351.1939429237	66146.65887260679	45828.29338733267	SRSF6	334.0	122.0	0.5239520958083832	0.6639344262295082	0.12350035285815103	0.06099397590361446	0.6693991825495352	0.3306008174504647	0.3387983650990705	17.21465137675742	0.8950684024127576						
PB.161551.18	Patient22	25	32	1221	2106	20475.020475020476	15194.681861348528	25.0	26.0	50237.61031907671	41351.1939429237	66146.65887260679	45828.29338733267	SRSF6	58.0	43.0	0.43103448275862066	0.7441860465116279	0.020475020475020474	0.015194681861348529	0.5740171387453392	0.4259828612546609	0.14803427749067832	6.162262128440576	-0.18093141149516767						
PB.161551.18	Patient23	13	11	665	1159	19548.87218045113	9490.940465918895	26.0	30.0	50237.61031907671	41351.1939429237	66146.65887260679	45828.29338733267	SRSF6	27.0	18.0	0.48148148148148145	0.6111111111111112	0.019548872180451128	0.009490940465918895	0.6731748726655348	0.32682512733446517	0.3463497453310696	14.859130060207324	0.6764151458601607						
PB.161551.18	Patient26	172	114	1690	1469	101775.14792899409	77603.81211708646	11.0	7.0	50237.61031907671	41351.1939429237	66146.65887260679	45828.29338733267	SRSF6	668.0	201.0	0.25748502994011974	0.5671641791044776	0.10177514792899409	0.07760381211708646	0.5673750583839327	0.43262494161606724	0.1347501167678654	6.507325012689234	-0.14890065769714897						
PB.161551.18	Patient27	22	26	917	1439	23991.275899672844	18068.102849200834	24.0	24.0	50237.61031907671	41351.1939429237	66146.65887260679	45828.29338733267	SRSF6	92.0	45.0	0.2391304347826087	0.5777777777777777	0.023991275899672846	0.018068102849200834	0.5704144144144144	0.42958558558558557	0.14082882882882886	5.9517469126937925	-0.20047266427581417						
PB.161551.18	Patient29	26	18	1044	1857	24904.21455938697	9693.053311793215	22.0	29.0	50237.61031907671	41351.1939429237	66146.65887260679	45828.29338733267	SRSF6	61.0	35.0	0.4262295081967213	0.5142857142857142	0.02490421455938697	0.009693053311793215	0.7198318275337687	0.2801681724662313	0.4396636550675374	19.880370467335318	1.142516029447165						
PB.161551.18	Patient3	192	131	1987	2019	96628.08253648717	64883.60574541853	12.0	9.0	50237.61031907671	41351.1939429237	66146.65887260679	45828.29338733267	SRSF6	371.0	172.0	0.5175202156334232	0.7616279069767442	0.09662808253648716	0.06488360574541853	0.5982730015664909	0.401726998433509	0.19654600313298187	9.515171379541016	0.1803576658448416						
PB.161551.18	Patient30	191	72	1658	1808	115199.0349819059	39823.00884955752	9.0	17.0	50237.61031907671	41351.1939429237	66146.65887260679	45828.29338733267	SRSF6	496.0	127.0	0.3850806451612903	0.5669291338582677	0.11519903498190591	0.03982300884955752	0.7431138961575541	0.256886103842446	0.4862277923151081	25.76597591907337	1.6888523286622579						
PB.161551.18	Patient4	82	74	1554	1450	52767.05276705277	51034.482758620696	15.0	14.0	50237.61031907671	41351.1939429237	66146.65887260679	45828.29338733267	SRSF6	197.0	100.0	0.41624365482233505	0.74	0.05276705276705277	0.05103448275862069	0.508345589492766	0.49165441050723396	0.016691178985532018	0.7555698320853191	-0.6828121923948096						
PB.161551.18	Patient5	270	156	1596	1993	169172.93233082705	78273.95885599598	1.0	6.0	50237.61031907671	41351.1939429237	66146.65887260679	45828.29338733267	SRSF6	354.0	682.0	0.7627118644067796	0.2287390029325513	0.16917293233082706	0.07827395885599599	0.6836737027465867	0.3163262972534132	0.36734740549317346	19.31138434927585	1.0896994122623394						
PB.161551.18	Patient6	61	47	1602	1714	38077.40324594257	27421.236872812136	19.0	20.0	50237.61031907671	41351.1939429237	66146.65887260679	45828.29338733267	SRSF6	77.0	89.0	0.7922077922077922	0.5280898876404494	0.038077403245942575	0.027421236872812137	0.5813464703527423	0.41865352964725766	0.16269294070548468	7.207046785821449	-0.08394839286254532						
PB.161551.18	Patient7	202	139	1726	1705	117033.60370799537	81524.926686217	7.0	4.0	50237.61031907671	41351.1939429237	66146.65887260679	45828.29338733267	SRSF6	262.0	375.0	0.7709923664122137	0.37066666666666664	0.11703360370799537	0.08152492668621701	0.5894161458368987	0.4105838541631013	0.17883229167379744	8.78203693898451	0.11230384192389084						
PB.161551.18	Patient8	169	97	1359	1179	124356.1442236939	82273.11280746396	3.0	3.0	50237.61031907671	41351.1939429237	66146.65887260679	45828.29338733267	SRSF6	217.0	262.0	0.7788018433179723	0.3702290076335878	0.1243561442236939	0.08227311280746395	0.6018322187788833	0.3981677812211167	0.2036644375577666	10.086431591622498	0.233385377728801						
PB.161551.19	Patient11	123	81	1367	2226	89978.05413313826	36388.14016172507	2.0	1.0	7078.507078507078	5507.474429583005	16450.57042214269	9691.84586219	SRSF6	299.0	1145.0	0.411371237458194	0.07074235807860262	0.08997805413313825	0.03638814016172507	0.7120421299005266	0.28795787009947343	0.4240842598010532	21.494593782153448	0.5763323131757081						
PB.161551.19	Patient12	19	16	1791	2004	10608.59854829704	7984.031936127743	12.0	11.0	7078.507078507078	5507.474429583005	16450.57042214269	9691.84586219	SRSF6	223.0	348.0	0.08520179372197309	0.04597701149425287	0.01060859854829704	0.007984031936127744	0.5705808307858299	0.4294191692141701	0.14116166157165977	5.483019352003508	0.06085788669837661						
PB.161551.19	Patient13	94	62	2218	2495	42380.52299368801	24849.699398797595	4.0	4.0	7078.507078507078	5507.474429583005	16450.57042214269	9691.84586219	SRSF6	387.0	696.0	0.24289405684754523	0.08908045977011494	0.04238052299368801	0.024849699398797595	0.6303790391510727	0.36962096084892726	0.2607580783021455	11.838099974776823	0.265452478787507						
PB.161551.19	Patient14	9	4	1161	1708	7751.937984496124	2341.9203747072597	15.0	24.0	7078.507078507078	5507.474429583005	16450.57042214269	9691.84586219	SRSF6	121.0	44.0	0.0743801652892562	0.09090909090909091	0.007751937984496124	0.00234192037470726	0.7679856115107915	0.23201438848920866	0.5359712230215828	22.306774570282805	0.6024795498377411						
PB.161551.19	Patient15	32	51	1376	2573	23255.81395348837	19821.220365332298	6.0	7.0	7078.507078507078	5507.474429583005	16450.57042214269	9691.84586219	SRSF6	324.0	294.0	0.09876543209876543	0.17346938775510204	0.023255813953488372	0.019821220365332296	0.5398657154846832	0.46013428451531685	0.07973143096936636	3.3440073090111855	-0.0424367028717804						
PB.161551.19	Patient16	12	7	1395	1271	8602.150537634408	5507.474429583005	14.0	16.0	7078.507078507078	5507.474429583005	16450.57042214269	9691.84586219	SRSF6	93.0	54.0	0.12903225806451613	0.12962962962962962	0.008602150537634409	0.0055074744295830055	0.6096654275092936	0.3903345724907063	0.21933085501858735	8.407309802593552	0.15500209153263692						
PB.161551.19	Patient17	4	5	975	1227	4102.5641025641025	4074.9796251018743	18.0	20.0	7078.507078507078	5507.474429583005	16450.57042214269	9691.84586219	SRSF6	56.0	25.0	0.07142857142857142	0.2	0.0041025641025641026	0.004074979625101874	0.5016865992026985	0.4983134007973014	0.0033731984053971265	0.11679712468474014	-0.1463330639788436						
PB.161551.19	Patient18	13	11	988	1387	13157.894736842105	7930.785868781542	10.0	12.0	7078.507078507078	5507.474429583005	16450.57042214269	9691.84586219	SRSF6	157.0	82.0	0.08280254777070063	0.13414634146341464	0.013157894736842105	0.007930785868781542	0.6239316239316239	0.37606837606837606	0.24786324786324787	9.993606202813615	0.20607109981122096						
PB.161551.19	Patient22	2	1	1221	2106	1638.0016380016382	474.8338081671415	23.0	26.0	7078.507078507078	5507.474429583005	16450.57042214269	9691.84586219	SRSF6	58.0	43.0	0.034482758620689655	0.023255813953488372	0.001638001638001638	0.0004748338081671415	0.7752622860298178	0.22473771397018225	0.5505245720596356	19.055266612225353	0.4978009495428138						
PB.161551.19	Patient25	38	45	1372	1946	27696.793002915452	23124.357656731758	5.0	6.0	7078.507078507078	5507.474429583005	16450.57042214269	9691.84586219	SRSF6	341.0	346.0	0.11143695014662756	0.13005780346820808	0.027696793002915453	0.023124357656731757	0.5449855550969872	0.4550144449030128	0.08997111019397441	3.8413178135606096	-0.018421183826596216						
PB.161551.19	Patient26	180	45	1690	1469	106508.87573964498	30633.08373042886	1.0	2.0	7078.507078507078	5507.474429583005	16450.57042214269	9691.84586219	SRSF6	668.0	201.0	0.2694610778443114	0.22388059701492538	0.10650887573964497	0.03063308373042886	0.7766323024054982	0.22336769759450167	0.5532646048109965	30.02403868991454	0.8509280901980538						
PB.161551.19	Patient29	3	0	1044	1857	2873.5632183908046	0.0	21.0	29.0	7078.507078507078	5507.474429583005	16450.57042214269	9691.84586219	SRSF6	61.0	35.0	0.04918032786885246	0.0	0.0028735632183908046	0.0	1.0	0.0	1.0	132.00580543077047	4.134115071666898	1.0	1.0	1.0	1.0	1.0	
PB.161551.19	Patient3	23	23	1987	2019	11575.239053850024	11391.778107974244	11.0	9.0	7078.507078507078	5507.474429583005	16450.57042214269	9691.84586219	SRSF6	371.0	172.0	0.06199460916442048	0.13372093023255813	0.011575239053850024	0.011391778107974244	0.5039940089865202	0.4960059910134798	0.00798801797304044	0.3111119552686169	-0.14007731903082316						
PB.161551.19	Patient30	2	0	1658	1808	1206.2726176115802	0.0	25.0	29.0	7078.507078507078	5507.474429583005	16450.57042214269	9691.84586219	SRSF6	496.0	127.0	0.004032258064516129	0.0	0.0012062726176115801	0.0	1.0	0.0	1.0	104.81936760362261	3.25887862892693	1.0	1.0	1.0	1.0	1.0	
PB.161551.19	Patient31	72	53	966	1858	74534.16149068323	28525.29601722282	3.0	3.0	7078.507078507078	5507.474429583005	16450.57042214269	9691.84586219	SRSF6	153.0	125.0	0.47058823529411764	0.424	0.07453416149068323	0.02852529601722282	0.7232151545622628	0.2767848454377372	0.44643030912452564	22.427305763850548	0.6063599145169302						
PB.161551.19	Patient4	11	7	1554	1450	7078.507078507078	4827.586206896552	16.0	18.0	7078.507078507078	5507.474429583005	16450.57042214269	9691.84586219	SRSF6	197.0	100.0	0.05583756345177665	0.07	0.007078507078507079	0.004827586206896552	0.594528104964962	0.405471895035038	0.189056209929924	7.060494521283602	0.11164290548052229						
PB.161551.19	Patient5	29	22	1596	1993	18170.426065162905	11038.635223281484	8.0	10.0	7078.507078507078	5507.474429583005	16450.57042214269	9691.84586219	SRSF6	354.0	682.0	0.08192090395480225	0.03225806451612903	0.018170426065162906	0.011038635223281485	0.6220818219978689	0.3779181780021311	0.24416364399573776	10.173169062824778	0.21185192184622287						
PB.161551.19	Patient6	5	2	1602	1714	3121.098626716604	1166.8611435239206	20.0	25.0	7078.507078507078	5507.474429583005	16450.57042214269	9691.84586219	SRSF6	77.0	89.0	0.06493506493506493	0.02247191011235955	0.003121098626716604	0.0011668611435239206	0.7278749787667742	0.27212502123322574	0.45574995753354847	16.46874017440755	0.41453067291142937						
PB.161551.19	Patient8	12	6	1359	1179	8830.022075055187	5089.058524173029	13.0	17.0	7078.507078507078	5507.474429583005	16450.57042214269	9691.84586219	SRSF6	217.0	262.0	0.055299539170506916	0.022900763358778626	0.008830022075055188	0.005089058524173028	0.6343825665859564	0.3656174334140436	0.26876513317191275	10.419945052966117	0.2197965941544595						
PB.161551.22	Patient1	5	0	1902	1717	2628.8117770767612	0.0	5.0	19.5	813.6696501220504	0.0	1372.4935552085096	1686.99992983565	SRSF6	191.0	95.0	0.02617801047120419	0.0	0.0026288117770767614	0.0	1.0	0.0	1.0	129.07273160948398	1.29139367587309						
PB.161551.22	Patient14	3	0	1161	1708	2583.9793281653747	0.0	6.0	19.5	813.6696501220504	0.0	1372.4935552085096	1686.99992983565	SRSF6	121.0	44.0	0.024793388429752067	0.0	0.002583979328165375	0.0	1.0	0.0	1.0	128.50979374856092	1.2829781243830576						
PB.161551.22	Patient15	2	0	1376	2573	1453.4883720930231	0.0	9.0	19.5	813.6696501220504	0.0	1372.4935552085096	1686.99992983565	SRSF6	324.0	294.0	0.006172839506172839	0.0	0.0014534883720930232	0.0	1.0	0.0	1.0	110.39267416595138	1.0121390792910787						
PB.161551.22	Patient16	1	0	1395	1271	716.8458781362007	0.0	18.0	19.5	813.6696501220504	0.0	1372.4935552085096	1686.99992983565	SRSF6	93.0	54.0	0.010752688172043012	0.0	0.0007168458781362007	0.0	1.0	0.0	1.0	90.03228591976931	0.7077646402333871						
PB.161551.22	Patient17	1	0	975	1227	1025.6410256410256	0.0	15.0	19.5	813.6696501220504	0.0	1372.4935552085096	1686.99992983565	SRSF6	56.0	25.0	0.017857142857142856	0.0	0.0010256410256410256	0.0	1.0	0.0	1.0	100.08838682616285	0.8580967476314391						
PB.161551.22	Patient19	1	0	1229	1548	813.6696501220504	0.0	16.0	19.5	813.6696501220504	0.0	1372.4935552085096	1686.99992983565	SRSF6	74.0	31.0	0.013513513513513514	0.0	0.0008136696501220504	0.0	1.0	0.0	1.0	93.52739414924416	0.7600142139610303						
PB.161551.22	Patient2	3	0	1277	1085	2349.2560689115116	0.0	7.0	19.5	813.6696501220504	0.0	1372.4935552085096	1686.99992983565	SRSF6	88.0	62.0	0.03409090909090909	0.0	0.0023492560689115116	0.0	1.0	0.0	1.0	125.41556481353788	1.2367214329572287						
PB.161551.22	Patient21	5	0	1417	1328	3528.5815102328866	0.0	4.0	19.5	813.6696501220504	0.0	1372.4935552085096	1686.99992983565	SRSF6	334.0	122.0	0.014970059880239521	0.0	0.0035285815102328866	0.0	1.0	0.0	1.0	138.89767470274677	1.4382701257043629						
PB.161551.22	Patient23	1	0	665	1159	1503.7593984962407	0.0	8.0	19.5	813.6696501220504	0.0	1372.4935552085096	1686.99992983565	SRSF6	27.0	18.0	0.037037037037037035	0.0	0.0015037593984962407	0.0	1.0	0.0	1.0	111.42483593881268	1.027569220250712						
PB.161551.22	Patient26	10	0	1690	1469	5917.159763313609	0.0	2.0	19.5	813.6696501220504	0.0	1372.4935552085096	1686.99992983565	SRSF6	668.0	201.0	0.014970059880239521	0.0	0.005917159763313609	0.0	1.0	0.0	1.0	157.02733450452547	1.709296638841112						
PB.161551.22	Patient27	1	0	917	1439	1090.5125408942204	0.0	13.0	19.5	813.6696501220504	0.0	1372.4935552085096	1686.99992983565	SRSF6	92.0	45.0	0.010869565217391304	0.0	0.0010905125408942203	0.0	1.0	0.0	1.0	101.86407765654133	0.8846421599242369						
PB.161551.22	Patient28	2	0	1473	1202	1357.7732518669382	0.0	11.0	19.5	813.6696501220504	0.0	1372.4935552085096	1686.99992983565	SRSF6	299.0	165.0	0.006688963210702341	0.0	0.0013577732518669382	0.0	1.0	0.0	1.0	108.339363658796	0.9814434350690746						
PB.161551.22	Patient3	11	0	1987	2019	5535.983895319578	0.0	3.0	19.5	813.6696501220504	0.0	1372.4935552085096	1686.99992983565	SRSF6	371.0	172.0	0.029649595687331536	0.0	0.0055359838953195776	0.0	1.0	0.0	1.0	154.62959496580044	1.6734520066915883						
PB.161551.22	Patient30	1	0	1658	1808	603.1363088057901	0.0	19.0	19.5	813.6696501220504	0.0	1372.4935552085096	1686.99992983565	SRSF6	496.0	127.0	0.0020161290322580645	0.0	0.0006031363088057901	0.0	1.0	0.0	1.0	85.37618140383734	0.6033560810918495						
PB.161551.22	Patient31	1	0	966	1858	1035.1966873706006	0.0	14.0	19.5	813.6696501220504	0.0	1372.4935552085096	1686.99992983565	SRSF6	153.0	125.0	0.006535947712418301	0.0	0.0010351966873706005	0.0	1.0	0.0	1.0	100.35587506675486	0.8620955212402867						
PB.161551.22	Patient4	11	0	1554	1450	7078.507078507078	0.0	1.0	19.5	813.6696501220504	0.0	1372.4935552085096	1686.99992983565	SRSF6	197.0	100.0	0.05583756345177665	0.0	0.007078507078507079	0.0	1.0	0.0	1.0	163.57220764841972	1.8071381960741923						
PB.161551.263	Patient24	1	0	1059	1661	944.2870632672333	0.0	2.0	16.5	0.0	0.0	1541.5311049250517	2173.7963609038698	SRSF6	27.0	41.0	0.037037037037037035	0.0	0.0009442870632672333	0.0	1.0	0.0	1.0	97.72056706556404	5.533310373668673	1.0	1.0	1.0	1.0	1.0	
PB.161551.31	Patient10	12	0	1394	2180	8608.32137733142	0.0	5.0	26.5	3036.4372469635628	1843.3179723502303	3514.1734442160996	2625.086178446902	SRSF6	248.0	345.0	0.04838709677419355	0.0	0.00860832137733142	0.0	1.0	0.0	1.0	170.87110790571364	3.829838145598637	1.0	1.0	1.0	1.0	1.0	
PB.161551.31	Patient11	12	19	1367	2226	8778.346744696415	8535.489667565138	4.0	2.0	3036.4372469635628	1843.3179723502303	3514.1734442160996	2625.086178446902	SRSF6	299.0	1145.0	0.04013377926421405	0.016593886462882096	0.008778346744696415	0.008535489667565139	0.5070133814178609	0.49298661858213916	0.01402676283572174	0.5301681822306535	-0.005724084779824129						
PB.161551.31	Patient12	6	5	1791	2004	3350.0837520938026	2495.0099800399203	14.0	12.0	3036.4372469635628	1843.3179723502303	3514.1734442160996	2625.086178446902	SRSF6	223.0	348.0	0.026905829596412557	0.014367816091954023	0.0033500837520938024	0.00249500998003992	0.5731445731445731	0.4268554268554269	0.14628914628914624	4.977155376653266	0.10577862346610188						
PB.161551.31	Patient14	4	3	1161	1708	3445.305770887166	1756.440281030445	13.0	17.0	3036.4372469635628	1843.3179723502303	3514.1734442160996	2625.086178446902	SRSF6	121.0	44.0	0.03305785123966942	0.06818181818181818	0.0034453057708871662	0.001756440281030445	0.6623364032961706	0.3376635967038294	0.3246728065923412	11.417224675376053	0.25034809709354316						
PB.161551.31	Patient15	10	10	1376	2573	7267.441860465116	3886.51379712398	6.0	7.0	3036.4372469635628	1843.3179723502303	3514.1734442160996	2625.086178446902	SRSF6	324.0	294.0	0.030864197530864196	0.034013605442176874	0.007267441860465116	0.00388651379712398	0.6515573562927324	0.3484426437072677	0.3031147125854647	11.580761941592607	0.2540192526974257						
PB.161551.31	Patient17	1	0	975	1227	1025.6410256410256	0.0	20.0	26.5	3036.4372469635628	1843.3179723502303	3514.1734442160996	2625.086178446902	SRSF6	56.0	25.0	0.017857142857142856	0.0	0.0010256410256410256	0.0	1.0	0.0	1.0	100.08838682616285	2.240876869915145						
PB.161551.31	Patient21	6	3	1417	1328	4234.297812279464	2259.0361445783133	9.0	14.0	3036.4372469635628	1843.3179723502303	3514.1734442160996	2625.086178446902	SRSF6	334.0	122.0	0.017964071856287425	0.02459016393442623	0.004234297812279464	0.002259036144578313	0.6520991897863982	0.3479008102136017	0.30419837957279655	10.917437587575256	0.2391286594046533						
PB.161551.31	Patient22	1	0	1221	2106	819.0008190008191	0.0	21.0	26.5	3036.4372469635628	1843.3179723502303	3514.1734442160996	2625.086178446902	SRSF6	58.0	43.0	0.017241379310344827	0.0	0.000819000819000819	0.0	1.0	0.0	1.0	93.7093824259482	2.0976782076602127	1.0	1.0	1.0	1.0	2.0	
PB.161551.31	Patient26	15	12	1690	1469	8875.739644970414	8168.822328114363	3.0	3.0	3036.4372469635628	1843.3179723502303	3514.1734442160996	2625.086178446902	SRSF6	668.0	201.0	0.02245508982035928	0.05970149253731343	0.008875739644970414	0.008168822328114363	0.5207373271889401	0.47926267281105983	0.04147465437788023	1.5703126648361678	0.029300338104085423						
PB.161551.31	Patient29	3	0	1044	1857	2873.5632183908046	0.0	17.0	26.5	3036.4372469635628	1843.3179723502303	3514.1734442160996	2625.086178446902	SRSF6	61.0	35.0	0.04918032786885246	0.0	0.0028735632183908046	0.0	1.0	0.0	1.0	132.00580543077047	2.9573729498765737						
PB.161551.31	Patient3	12	7	1987	2019	6039.255158530448	3467.0629024269438	7.0	8.0	3036.4372469635628	1843.3179723502303	3514.1734442160996	2625.086178446902	SRSF6	371.0	172.0	0.03234501347708895	0.040697674418604654	0.006039255158530448	0.003467062902426944	0.6352885649107166	0.3647114350892834	0.2705771298214332	10.054528013383274	0.21975769037583323						
PB.161551.31	Patient30	7	4	1658	1808	4221.95416164053	2212.3893805309735	10.0	15.0	3036.4372469635628	1843.3179723502303	3514.1734442160996	2625.086178446902	SRSF6	496.0	127.0	0.014112903225806451	0.031496062992125984	0.004221954161640531	0.0022123893805309734	0.656159270012443	0.34384072998755705	0.31231854002488596	11.225304291603985	0.24603978493519313						
PB.161551.31	Patient31	4	2	966	1858	4140.786749482402	1076.426264800861	11.0	20.0	3036.4372469635628	1843.3179723502303	3514.1734442160996	2625.086178446902	SRSF6	153.0	125.0	0.026143790849673203	0.016	0.004140786749482402	0.001076426264800861	0.7936779154207604	0.20632208457923962	0.5873558308415208	23.343801809104555	0.5180810823181213						
PB.161551.31	Patient5	25	12	1596	1993	15664.160401002506	6021.073758153538	1.0	5.0	3036.4372469635628	1843.3179723502303	3514.1734442160996	2625.086178446902	SRSF6	354.0	682.0	0.07062146892655367	0.017595307917888565	0.015664160401002505	0.006021073758153537	0.7223422300187018	0.2776577699812981	0.4446844600374037	19.220033908258607	0.4255089488310994						
PB.161551.31	Patient6	7	3	1602	1714	4369.5380774032465	1750.291715285881	8.0	18.0	3036.4372469635628	1843.3179723502303	3514.1734442160996	2625.086178446902	SRSF6	77.0	89.0	0.09090909090909091	0.033707865168539325	0.004369538077403246	0.001750291715285881	0.7139966674601286	0.2860033325398715	0.4279933349202571	15.956622079008676	0.352250462237206						
PB.161551.31	Patient8	14	4	1359	1179	10301.69242089772	3392.705682782019	2.0	10.0	3036.4372469635628	1843.3179723502303	3514.1734442160996	2625.086178446902	SRSF6	217.0	262.0	0.06451612903225806	0.015267175572519083	0.010301692420897719	0.0033927056827820186	0.7522559474979491	0.24774405250205084	0.5045118949958982	21.35723363398532	0.47348573682098943						
PB.161551.35	Patient1	2	0	1902	1717	1051.5247108307044	0.0	2.0	17.5	0.0	0.0	1437.072684758524	111.6836721251508	SRSF6	191.0	95.0	0.010471204188481676	0.0	0.0010515247108307045	0.0	1.0	0.0	1.0	100.80809378503749	2.8644117754369858					1.0	
PB.161551.35	Patient15	1	0	1376	2573	726.7441860465116	0.0	5.0	17.5	0.0	0.0	1437.072684758524	111.6836721251508	SRSF6	324.0	294.0	0.0030864197530864196	0.0	0.0007267441860465116	0.0	1.0	0.0	1.0	90.40735198506631	2.5688798774859603	1.0	1.0	1.0	1.0	2.0	
PB.161551.35	Patient17	1	0	975	1227	1025.6410256410256	0.0	3.0	17.5	0.0	0.0	1437.072684758524	111.6836721251508	SRSF6	56.0	25.0	0.017857142857142856	0.0	0.0010256410256410256	0.0	1.0	0.0	1.0	100.08838682616285	2.843961660664848					1.0	
PB.161551.35	Patient18	1	0	988	1387	1012.1457489878543	0.0	4.0	17.5	0.0	0.0	1437.072684758524	111.6836721251508	SRSF6	157.0	82.0	0.006369426751592357	0.0	0.0010121457489878543	0.0	1.0	0.0	1.0	99.70696754850943	2.8331238218637407					2.0	
PB.161551.35	Patient28	60	2	1473	1202	40733.19755600815	1663.8935108153078	1.0	1.0	0.0	0.0	1437.072684758524	111.6836721251508	SRSF6	299.0	165.0	0.20066889632107024	0.012121212121212121	0.04073319755600815	0.0016638935108153079	0.9607545360083127	0.03924546399168732	0.9215090720166255	70.63942610092448	2.0071841092945193						
PB.161551.38	Patient1	73	6	1902	1717	38380.651945320715	3494.4670937682004	8.0	10.0	12307.692307692309	1843.3179723502303	24056.45237058164	27881.244818305102	SRSF6	191.0	95.0	0.38219895287958117	0.06315789473684211	0.03838065194532071	0.0034944670937682005	0.9165502767763778	0.08344972322362215	0.8331005535527556	52.64163522917805	-0.04480794733201984						
PB.161551.38	Patient14	39	2	1161	1708	33591.73126614987	1170.9601873536299	9.0	19.0	12307.692307692309	1843.3179723502303	24056.45237058164	27881.244818305102	SRSF6	121.0	44.0	0.32231404958677684	0.045454545454545456	0.03359173126614987	0.00117096018735363	0.966315606232048	0.03368439376795195	0.9326312124640961	72.79112333251544	0.2627652983426326						
PB.161551.38	Patient15	65	2	1376	2573	47238.37209302326	777.3027594247959	5.0	22.0	12307.692307692309	1843.3179723502303	24056.45237058164	27881.244818305102	SRSF6	324.0	294.0	0.2006172839506173	0.006802721088435374	0.047238372093023256	0.000777302759424796	0.9838114790261004	0.01618852097389954	0.9676229580522009	91.97874994297352	0.5276039837507561						
PB.161551.38	Patient16	41	2	1395	1271	29390.681003584228	1573.5641227380015	11.0	18.0	12307.692307692309	1843.3179723502303	24056.45237058164	27881.244818305102	SRSF6	93.0	54.0	0.44086021505376344	0.037037037037037035	0.02939068100358423	0.0015735641227380016	0.9491812535290796	0.050818746470920384	0.8983625070581591	62.67355266603201	0.12311675455792045						
PB.161551.38	Patient17	12	0	975	1227	12307.692307692309	0.0	16.0	29.0	12307.692307692309	1843.3179723502303	24056.45237058164	27881.244818305102	SRSF6	56.0	25.0	0.21428571428571427	0.0	0.012307692307692308	0.0	1.0	0.0	1.0	184.61875613785324	1.8062747623180186						
PB.161551.38	Patient18	31	1	988	1387	31376.518218623478	720.9805335255948	10.0	23.0	12307.692307692309	1843.3179723502303	24056.45237058164	27881.244818305102	SRSF6	157.0	82.0	0.19745222929936307	0.012195121951219513	0.03137651821862348	0.0007209805335255948	0.9775377969762419	0.0224622030237581	0.9550755939524838	81.28425420085455	0.37999238743681546						
PB.161551.38	Patient19	25	0	1229	1548	20341.74125305126	0.0	12.0	29.0	12307.692307692309	1843.3179723502303	24056.45237058164	27881.244818305102	SRSF6	74.0	31.0	0.33783783783783783	0.0	0.02034174125305126	0.0	1.0	0.0	1.0	204.84084180072045	2.085391648001274						
PB.161551.38	Patient2	24	2	1277	1085	18794.048551292093	1843.3179723502303	13.0	16.0	12307.692307692309	1843.3179723502303	24056.45237058164	27881.244818305102	SRSF6	88.0	62.0	0.2727272727272727	0.03225806451612903	0.018794048551292093	0.0018433179723502304	0.910680562355739	0.08931943764426103	0.821361124711478	47.55232174264326	-0.11505358639761815						
PB.161551.38	Patient20	19	1	1888	1738	10063.559322033898	575.3739930955121	19.0	26.0	12307.692307692309	1843.3179723502303	24056.45237058164	27881.244818305102	SRSF6	54.0	81.0	0.35185185185185186	0.012345679012345678	0.010063559322033898	0.0005753739930955121	0.9459180750501288	0.0540819249498711	0.8918361501002577	54.865793000514046	0.0012407145681314542						
PB.161551.38	Patient21	101	4	1417	1328	71277.34650670431	3012.0481927710844	2.0	13.0	12307.692307692309	1843.3179723502303	24056.45237058164	27881.244818305102	SRSF6	334.0	122.0	0.3023952095808383	0.03278688524590164	0.07127734650670431	0.0030120481927710845	0.9594552061575439	0.040544793842456156	0.9189104123150877	73.5798526282421	0.2736517948366425						
PB.161551.38	Patient22	9	0	1221	2106	7371.007371007371	0.0	25.0	29.0	12307.692307692309	1843.3179723502303	24056.45237058164	27881.244818305102	SRSF6	58.0	43.0	0.15517241379310345	0.0	0.007371007371007371	0.0	1.0	0.0	1.0	165.06955301006687	1.5364453893450518						
PB.161551.38	Patient23	8	1	665	1159	12030.075187969926	862.8127696289905	17.0	20.0	12307.692307692309	1843.3179723502303	24056.45237058164	27881.244818305102	SRSF6	27.0	18.0	0.2962962962962963	0.05555555555555555	0.012030075187969926	0.0008628127696289905	0.9330783938814532	0.06692160611854685	0.8661567877629064	51.506158784058975	-0.060480447904514865						
PB.161551.38	Patient24	7	1	1059	1661	6610.0094428706325	602.0469596628537	26.0	25.0	12307.692307692309	1843.3179723502303	24056.45237058164	27881.244818305102	SRSF6	27.0	41.0	0.25925925925925924	0.024390243902439025	0.0066100094428706326	0.0006020469596628537	0.916522150402018	0.08347784959798203	0.833044300804036	43.840980426532816	-0.16627965907529982						
PB.161551.38	Patient25	91	7	1372	1946	66326.5306122449	3597.1223021582737	4.0	9.0	12307.692307692309	1843.3179723502303	24056.45237058164	27881.244818305102	SRSF6	341.0	346.0	0.2668621700879765	0.02023121387283237	0.0663265306122449	0.0035971223021582736	0.9485564304461942	0.05144356955380577	0.8971128608923884	67.34157754932446	0.18754752542093892						
PB.161551.38	Patient26	143	3	1690	1469	84615.38461538462	2042.2055820285907	1.0	15.0	12307.692307692309	1843.3179723502303	24056.45237058164	27881.244818305102	SRSF6	668.0	201.0	0.21407185628742514	0.014925373134328358	0.08461538461538462	0.0020422055820285907	0.9764336213668499	0.023566378633150035	0.9528672427336998	87.93297994259423	0.4717619335526313						
PB.161551.38	Patient27	14	1	917	1439	15267.175572519083	694.9270326615705	14.0	24.0	12307.692307692309	1843.3179723502303	24056.45237058164	27881.244818305102	SRSF6	92.0	45.0	0.15217391304347827	0.022222222222222223	0.015267175572519083	0.0006949270326615705	0.9564639415088069	0.04353605849119309	0.9129278830176137	61.92330440374991	0.11276139547436277						
PB.161551.38	Patient28	13	1	1473	1202	8825.526137135099	831.9467554076539	22.0	21.0	12307.692307692309	1843.3179723502303	24056.45237058164	27881.244818305102	SRSF6	299.0	165.0	0.043478260869565216	0.006060606060606061	0.008825526137135099	0.0008319467554076539	0.9138546113807826	0.0861453886192175	0.8277092227615651	44.63924035677551	-0.15526161526866103						
PB.161551.38	Patient29	10	0	1044	1857	9578.544061302682	0.0	21.0	29.0	12307.692307692309	1843.3179723502303	24056.45237058164	27881.244818305102	SRSF6	61.0	35.0	0.16393442622950818	0.0	0.009578544061302681	0.0	1.0	0.0	1.0	174.92222404426863	1.672437635672926						
PB.161551.38	Patient3	93	7	1987	2019	46804.22747861098	3467.0629024269438	6.0	11.0	12307.692307692309	1843.3179723502303	24056.45237058164	27881.244818305102	SRSF6	371.0	172.0	0.25067385444743934	0.040697674418604654	0.046804227478610974	0.003467062902426944	0.9310329439298677	0.06896705607013229	0.8620658878597354	58.2483619482122	0.06203772085664657						
PB.161551.38	Patient30	112	3	1658	1808	67551.26658624849	1659.2920353982302	3.0	17.0	12307.692307692309	1843.3179723502303	24056.45237058164	27881.244818305102	SRSF6	496.0	127.0	0.22580645161290322	0.023622047244094488	0.06755126658624849	0.00165929203539823	0.9760254494625729	0.023974550537427097	0.9520508989251457	85.77776849483742	0.44201446252933385						
PB.161551.38	Patient31	14	4	966	1858	14492.753623188406	2152.852529601722	15.0	14.0	12307.692307692309	1843.3179723502303	24056.45237058164	27881.244818305102	SRSF6	153.0	125.0	0.0915032679738562	0.032	0.014492753623188406	0.002152852529601722	0.8706654170571696	0.12933458294283035	0.7413308341143392	38.01999956210672	-0.24662419314499034						
PB.161551.38	Patient4	69	5	1554	1450	44401.5444015444	3448.2758620689656	7.0	12.0	12307.692307692309	1843.3179723502303	24056.45237058164	27881.244818305102	SRSF6	197.0	100.0	0.350253807106599	0.05	0.0444015444015444	0.0034482758620689655	0.927935447968837	0.07206455203116305	0.855870895937674	56.91017063265493	0.04356723276388849						
PB.161551.51	Patient10	14	0	1394	2180	10043.041606886656	0.0	2.0	23.5	0.0	0.0	1473.3934869156656	889.2655802983257	SRSF6	248.0	345.0	0.056451612903225805	0.0	0.010043041606886656	0.0	1.0	0.0	1.0	176.73373569923797	3.327470845251361						
PB.161551.51	Patient11	5	3	1367	2226	3657.6444769568398	1347.7088948787064	4.0	9.0	0.0	0.0	1473.3934869156656	889.2655802983257	SRSF6	299.0	1145.0	0.016722408026755852	0.0026200873362445414	0.0036576444769568397	0.0013477088948787063	0.7307465038408509	0.2692534961591491	0.4614930076817018	17.042789132653436	0.32087469738758856						
PB.161551.51	Patient12	5	4	1791	2004	2791.736460078169	1996.0079840319358	5.0	5.0	0.0	0.0	1473.3934869156656	889.2655802983257	SRSF6	223.0	348.0	0.02242152466367713	0.011494252873563218	0.0027917364600781687	0.001996007984031936	0.583100558659218	0.4168994413407821	0.16620111731843584	5.538983167250491	0.10428572071112238						
PB.161551.51	Patient18	2	2	988	1387	2024.2914979757086	1441.9610670511895	8.0	8.0	0.0	0.0	1473.3934869156656	889.2655802983257	SRSF6	157.0	82.0	0.012738853503184714	0.024390243902439025	0.0020242914979757085	0.0014419610670511895	0.584	0.416	0.16799999999999998	5.372549760484932	0.10115218026680842						
PB.161551.51	Patient2	1	0	1277	1085	783.0853563038371	0.0	14.0	23.5	0.0	0.0	1473.3934869156656	889.2655802983257	SRSF6	88.0	62.0	0.011363636363636364	0.0	0.0007830853563038371	0.0	1.0	0.0	1.0	92.46334543091521	1.7408622352631151						
PB.161551.51	Patient21	2	1	1417	1328	1411.4326040931546	753.0120481927711	11.0	12.0	0.0	0.0	1473.3934869156656	889.2655802983257	SRSF6	334.0	122.0	0.005988023952095809	0.00819672131147541	0.0014114326040931546	0.0007530120481927711	0.6520991897863982	0.3479008102136018	0.30419837957279644	9.476282035103731	0.1784155813174658						
PB.161551.51	Patient24	1	0	1059	1661	944.2870632672333	0.0	13.0	23.5	0.0	0.0	1473.3934869156656	889.2655802983257	SRSF6	27.0	41.0	0.037037037037037035	0.0	0.0009442870632672333	0.0	1.0	0.0	1.0	97.72056706556404	1.8398430645151393						
PB.161551.51	Patient26	17	8	1690	1469	10059.171597633136	5445.881552076242	1.0	1.0	0.0	0.0	1473.3934869156656	889.2655802983257	SRSF6	668.0	201.0	0.025449101796407185	0.03980099502487562	0.010059171597633136	0.005445881552076242	0.6487673083417764	0.3512326916582236	0.29753461668355285	11.769439864484987	0.22159022361559114						
PB.161551.51	Patient27	2	0	917	1439	2181.0250817884407	0.0	7.0	23.5	0.0	0.0	1473.3934869156656	889.2655802983257	SRSF6	92.0	45.0	0.021739130434782608	0.0	0.0021810250817884407	0.0	1.0	0.0	1.0	123.0276384820221	2.3163143051856965					1.0	
PB.161551.51	Patient3	3	1	1987	2019	1509.813789632612	495.2947003467063	10.0	15.0	0.0	0.0	1473.3934869156656	889.2655802983257	SRSF6	371.0	172.0	0.008086253369272238	0.005813953488372093	0.001509813789632612	0.0004952947003467063	0.7529835902536052	0.24701640974639483	0.5059671805072103	16.96327697998808	0.31937767493858993						
PB.161551.51	Patient30	4	0	1658	1808	2412.5452352231605	0.0	6.0	23.5	0.0	0.0	1473.3934869156656	889.2655802983257	SRSF6	496.0	127.0	0.008064516129032258	0.0	0.0024125452352231603	0.0	1.0	0.0	1.0	126.27549449100898	2.377463616248015						
PB.161551.51	Patient5	2	0	1596	1993	1253.1328320802004	0.0	12.0	23.5	0.0	0.0	1473.3934869156656	889.2655802983257	SRSF6	354.0	682.0	0.005649717514124294	0.0	0.0012531328320802004	0.0	1.0	0.0	1.0	105.9468654508889	1.9947244624169482						
PB.161551.51	Patient7	3	0	1726	1705	1738.1228273464658	0.0	9.0	23.5	0.0	0.0	1473.3934869156656	889.2655802983257	SRSF6	262.0	375.0	0.011450381679389313	0.0	0.0017381228273464658	0.0	1.0	0.0	1.0	115.87572534446315	2.1816609954548585						
PB.161551.51	Patient8	6	1	1359	1179	4415.0110375275935	848.1764206955047	3.0	11.0	0.0	0.0	1473.3934869156656	889.2655802983257	SRSF6	217.0	262.0	0.027649769585253458	0.003816793893129771	0.004415011037527594	0.0008481764206955047	0.8388473852721452	0.16115261472785486	0.6776947705442904	28.802213394988456	0.5422763513222424						
PB.161551.53	Patient10	29	20	1394	2180	20803.44332855093	9174.311926605506	2.0	2.0	0.0	0.0	2860.4608273231834	1015.3048038106307	SRSF6	248.0	345.0	0.11693548387096774	0.057971014492753624	0.02080344332855093	0.009174311926605505	0.6939626783754116	0.3060373216245884	0.3879253567508232	16.941956929601947	0.6529640580341319						
PB.161551.53	Patient13	1	0	2218	2495	450.8566275924256	0.0	5.0	18.0	0.0	0.0	2860.4608273231834	1015.3048038106307	SRSF6	387.0	696.0	0.002583979328165375	0.0	0.0004508566275924256	0.0	1.0	0.0	1.0	77.81561197144534	2.9991103142580195	1.0	1.0	1.0	1.0	1.0	
PB.161551.53	Patient30	99	30	1658	1808	59710.49457177322	16592.920353982303	1.0	1.0	0.0	0.0	2860.4608273231834	1015.3048038106307	SRSF6	496.0	127.0	0.19959677419354838	0.23622047244094488	0.05971049457177322	0.016592920353982302	0.7825402654635119	0.21745973453648812	0.5650805309270237	29.30964651319285	1.1296301723776134						
PB.161551.53	Patient31	2	0	966	1858	2070.393374741201	0.0	4.0	18.0	0.0	0.0	2860.4608273231834	1015.3048038106307	SRSF6	153.0	125.0	0.013071895424836602	0.0	0.002070393374741201	0.0	1.0	0.0	1.0	121.36842796245614	4.677689925012136	1.0	1.0	1.0	1.0	1.0	
PB.161551.53	Patient5	9	10	1596	1993	5639.097744360902	5017.5614651279475	3.0	3.0	0.0	0.0	2860.4608273231834	1015.3048038106307	SRSF6	354.0	682.0	0.025423728813559324	0.01466275659824047	0.005639097744360902	0.005017561465127948	0.5291618727321002	0.47083812726789986	0.05832374546420038	2.0991371504758862	0.08090335241910822						
PB.161551.569	Patient15	2	3	1376	2573	1453.4883720930231	1165.954139137194	6.0	5.0	0.0	0.0	1084.2824272136497	368.18156622775007	SRSF6	324.0	294.0	0.006172839506172839	0.01020408163265306	0.0014534883720930232	0.001165954139137194	0.5548846236791029	0.4451153763208971	0.10976924735820576	3.3388366655083592	0.1322734821189016						
PB.161551.569	Patient16	2	1	1395	1271	1433.6917562724013	786.7820613690008	7.0	6.0	0.0	0.0	1084.2824272136497	368.18156622775007	SRSF6	93.0	54.0	0.021505376344086023	0.018518518518518517	0.0014336917562724014	0.0007867820613690008	0.6456692913385826	0.3543307086614173	0.29133858267716534	9.070374848736677	0.35933775310432353						
PB.161551.569	Patient17	1	0	975	1227	1025.6410256410256	0.0	8.0	21.0	0.0	0.0	1084.2824272136497	368.18156622775007	SRSF6	56.0	25.0	0.017857142857142856	0.0	0.0010256410256410256	0.0	1.0	0.0	1.0	100.08838682616285	3.9651653469381167	1.0	1.0	1.0	1.0	2.0	
PB.161551.569	Patient19	1	1	1229	1548	813.6696501220504	645.9948320413437	9.0	7.0	0.0	0.0	1084.2824272136497	368.18156622775007	SRSF6	74.0	31.0	0.013513513513513514	0.03225806451612903	0.0008136696501220504	0.0006459948320413437	0.5574360821029888	0.44256391789701116	0.11487216420597762	3.2155097349144413	0.12738768380561097						
PB.161551.569	Patient2	1	0	1277	1085	783.0853563038371	0.0	10.0	21.0	0.0	0.0	1084.2824272136497	368.18156622775007	SRSF6	88.0	62.0	0.011363636363636364	0.0	0.0007830853563038371	0.0	1.0	0.0	1.0	92.46334543091521	3.6630868454440617						
PB.161551.569	Patient22	4	6	1221	2106	3276.0032760032764	2849.002849002849	3.0	1.0	0.0	0.0	1084.2824272136497	368.18156622775007	SRSF6	58.0	43.0	0.06896551724137931	0.13953488372093023	0.003276003276003276	0.002849002849002849	0.5348571428571428	0.4651428571428571	0.06971428571428573	2.352230982019769	0.09318748232098546						
PB.161551.569	Patient25	4	1	1372	1946	2915.451895043732	513.874614594039	4.0	9.0	0.0	0.0	1084.2824272136497	368.18156622775007	SRSF6	341.0	346.0	0.011730205278592375	0.002890173410404624	0.0029154518950437317	0.0005138746145940391	0.8501529051987767	0.14984709480122324	0.7003058103975535	28.798347206564667	1.1408936842082593						
PB.161551.569	Patient26	9	2	1690	1469	5325.443786982249	1361.4703880190605	2.0	4.0	0.0	0.0	1084.2824272136497	368.18156622775007	SRSF6	668.0	201.0	0.01347305389221557	0.009950248756218905	0.0053254437869822485	0.0013614703880190605	0.7963978073610024	0.20360219263899765	0.5927956147220048	24.349294304917986	0.9646371678259558						
PB.161551.569	Patient27	12	2	917	1439	13086.150490730643	1389.854065323141	1.0	3.0	0.0	0.0	1084.2824272136497	368.18156622775007	SRSF6	92.0	45.0	0.13043478260869565	0.044444444444444446	0.013086150490730643	0.001389854065323141	0.9039891110878443	0.0960108889121558	0.8079782221756885	44.2295763776743	1.7522270977062404						
PB.161551.569	Patient29	3	3	1044	1857	2873.5632183908046	1615.5088852988692	5.0	2.0	0.0	0.0	1084.2824272136497	368.18156622775007	SRSF6	61.0	35.0	0.04918032786885246	0.08571428571428572	0.0028735632183908046	0.0016155088852988692	0.6401240951396071	0.359875904860393	0.2802481902792141	9.54169235514139	0.3780097679410412						
PB.161551.569	Patient5	1	1	1596	1993	626.5664160401002	501.75614651279477	11.0	10.0	0.0	0.0	1084.2824272136497	368.18156622775007	SRSF6	354.0	682.0	0.002824858757062147	0.001466275659824047	0.0006265664160401002	0.0005017561465127947	0.5553078852047924	0.44469211479520754	0.11061577040958481	2.9738520240107027	0.11781401785413398						
PB.161551.572	Patient19	7	2	1229	1548	5695.6875508543535	1291.9896640826873	2.0	8.0	0.0	831.9467554076539	982.1561990253622	802.0300453852691	SRSF6	74.0	31.0	0.0945945945945946	0.06451612903225806	0.005695687550854353	0.0012919896640826874	0.8151045584474198	0.18489544155258011	0.6302091168948397	26.69165482389617	1.1724821220131871						
PB.161551.572	Patient25	2	2	1372	1946	1457.725947521866	1027.749229188078	5.0	13.0	0.0	831.9467554076539	982.1561990253622	802.0300453852691	SRSF6	341.0	346.0	0.005865102639296188	0.005780346820809248	0.0014577259475218659	0.0010277492291880781	0.5864978902953586	0.41350210970464135	0.17299578059071724	5.2958686863063145	0.23263118739511882						
PB.161551.572	Patient27	10	2	917	1439	10905.125408942204	1389.854065323141	1.0	5.0	0.0	831.9467554076539	982.1561990253622	802.0300453852691	SRSF6	92.0	45.0	0.10869565217391304	0.044444444444444446	0.010905125408942203	0.001389854065323141	0.886957593688363	0.11304240631163709	0.7739151873767259	39.851256909381426	1.75054287844952						
PB.161551.572	Patient28	3	1	1473	1202	2036.6598778004072	831.9467554076539	4.0	16.0	0.0	831.9467554076539	982.1561990253622	802.0300453852691	SRSF6	299.0	165.0	0.010033444816053512	0.006060606060606061	0.002036659877800407	0.0008319467554076539	0.7099822799763732	0.2900177200236267	0.4199645599527465	14.188276734266172	0.6232472629688554						
PB.161551.572	Patient31	2	2	966	1858	2070.393374741201	1076.426264800861	3.0	12.0	0.0	831.9467554076539	982.1561990253622	802.0300453852691	SRSF6	153.0	125.0	0.013071895424836602	0.016	0.002070393374741201	0.001076426264800861	0.6579320113314447	0.3420679886685552	0.31586402266288954	10.389245304637813	0.4563675224059861						
PB.161551.572	Patient4	2	0	1554	1450	1287.001287001287	0.0	6.0	25.0	0.0	831.9467554076539	982.1561990253622	802.0300453852691	SRSF6	197.0	100.0	0.01015228426395939	0.0	0.001287001287001287	0.0	1.0	0.0	1.0	106.73944053842546	4.688734609026589	1.0	1.0	1.0	1.0	2.0	
PB.161551.582	Patient1	3	1	1902	1717	1577.2870662460568	582.4111822947001	10.0	12.0	0.0	0.0	1579.6408362637187	696.1926290120907	SRSF6	191.0	95.0	0.015706806282722512	0.010526315789473684	0.0015772870662460567	0.0005824111822947001	0.7303275202041685	0.2696724797958316	0.4606550404083369	15.25518894521391	0.4610517680817646						
PB.161551.582	Patient12	1	0	1791	2004	558.3472920156337	0.0	14.0	22.0	0.0	0.0	1579.6408362637187	696.1926290120907	SRSF6	223.0	348.0	0.004484304932735426	0.0	0.0005583472920156337	0.0	1.0	0.0	1.0	83.33661226382472	2.518650707517808	1.0	1.0	1.0	1.0	1.0	
PB.161551.582	Patient13	1	0	2218	2495	450.8566275924256	0.0	15.0	22.0	0.0	0.0	1579.6408362637187	696.1926290120907	SRSF6	387.0	696.0	0.002583979328165375	0.0	0.0004508566275924256	0.0	1.0	0.0	1.0	77.81561197144534	2.3517916174388183						
PB.161551.582	Patient15	4	3	1376	2573	2906.9767441860463	1165.954139137194	6.0	9.0	0.0	0.0	1579.6408362637187	696.1926290120907	SRSF6	324.0	294.0	0.012345679012345678	0.01020408163265306	0.0029069767441860465	0.001165954139137194	0.7137309292649098	0.28626907073509017	0.4274618585298196	15.156874050788101	0.4580804344544606						
PB.161551.582	Patient16	9	5	1395	1271	6451.612903225807	3933.910306845004	2.0	1.0	0.0	0.0	1579.6408362637187	696.1926290120907	SRSF6	93.0	54.0	0.0967741935483871	0.09259259259259259	0.0064516129032258064	0.003933910306845004	0.6212121212121212	0.3787878787878788	0.24242424242424243	9.03064579369222	0.2729297699985692						
PB.161551.582	Patient17	3	1	975	1227	3076.923076923077	814.9959250203749	5.0	10.0	0.0	0.0	1579.6408362637187	696.1926290120907	SRSF6	56.0	25.0	0.05357142857142857	0.04	0.003076923076923077	0.0008149959250203749	0.7905927835051547	0.20940721649484537	0.5811855670103093	22.195169101607394	0.6707961464076347						
PB.161551.582	Patient18	5	0	988	1387	5060.728744939272	0.0	3.0	22.0	0.0	0.0	1579.6408362637187	696.1926290120907	SRSF6	157.0	82.0	0.03184713375796178	0.0	0.005060728744939271	0.0	1.0	0.0	1.0	151.4267324948669	4.576512490427488	1.0	1.0	1.0	1.0	1.0	
PB.161551.582	Patient26	6	3	1690	1469	3550.2958579881656	2042.2055820285907	4.0	4.0	0.0	0.0	1579.6408362637187	696.1926290120907	SRSF6	668.0	201.0	0.008982035928143712	0.014925373134328358	0.0035502958579881655	0.0020422055820285907	0.6348314606741573	0.3651685393258427	0.2696629213483146	9.406274398562049	0.2842822503276743						
PB.161551.582	Patient27	14	4	917	1439	15267.175572519083	2779.708130646282	1.0	3.0	0.0	0.0	1579.6408362637187	696.1926290120907	SRSF6	92.0	45.0	0.15217391304347827	0.08888888888888889	0.015267175572519083	0.002779708130646282	0.8459729570840682	0.1540270429159318	0.6919459141681363	34.14825596854807	1.0320497404358433						
PB.161551.582	Patient30	3	3	1658	1808	1809.4089264173704	1659.2920353982302	9.0	7.0	0.0	0.0	1579.6408362637187	696.1926290120907	SRSF6	496.0	127.0	0.006048387096774193	0.023622047244094488	0.0018094089264173703	0.00165929203539823	0.5216387766878247	0.47836122331217545	0.0432775533756492	1.3515479298324247	0.04084731857037976						
PB.161551.582	Patient4	2	1	1554	1450	1287.001287001287	689.655172413793	12.0	11.0	0.0	0.0	1579.6408362637187	696.1926290120907	SRSF6	197.0	100.0	0.01015228426395939	0.01	0.001287001287001287	0.000689655172413793	0.6511001347103728	0.3488998652896273	0.30220026942074546	9.289499634046031	0.28075301107401474						
PB.161551.582	Patient6	3	2	1602	1714	1872.6591760299625	1166.8611435239206	8.0	8.0	0.0	0.0	1579.6408362637187	696.1926290120907	SRSF6	77.0	89.0	0.03896103896103896	0.02247191011235955	0.0018726591760299626	0.0011668611435239206	0.6161035226455788	0.3838964773544213	0.2322070452911575	7.414874458230415	0.22409692802552914						
PB.161551.598	Patient20	4	2	1888	1738	2118.64406779661	1150.7479861910242	3.0	3.0	0.0	0.0	696.8469069485643	329.5465345074112	SRSF6	54.0	81.0	0.07407407407407407	0.024691358024691357	0.00211864406779661	0.0011507479861910242	0.6480238627889635	0.35197613721103654	0.29604772557792697	9.72421867869504	0.8704332628316934						
PB.161551.598	Patient22	1	1	1221	2106	819.0008190008191	474.8338081671415	5.0	9.0	0.0	0.0	696.8469069485643	329.5465345074112	SRSF6	58.0	43.0	0.017241379310344827	0.023255813953488372	0.000819000819000819	0.0004748338081671415	0.6330027051397655	0.36699729486023447	0.26600541027953106	7.6013955804560585	0.6804153398634486						
PB.161551.598	Patient27	11	1	917	1439	11995.637949836422	694.9270326615705	1.0	6.0	0.0	0.0	696.8469069485643	329.5465345074112	SRSF6	92.0	45.0	0.11956521739130435	0.022222222222222223	0.011995637949836423	0.0006949270326615705	0.945240654484653	0.05475934551534695	0.890481308969306	55.65920731443527	4.9821612440158605	1.0	1.0	1.0	1.0	2.0	
PB.161551.598	Patient29	5	5	1044	1857	4789.272030651341	2692.5148088314486	2.0	1.0	0.0	0.0	696.8469069485643	329.5465345074112	SRSF6	61.0	35.0	0.08196721311475409	0.14285714285714285	0.004789272030651341	0.0026925148088314485	0.640124095139607	0.35987590486039295	0.28024819027921405	10.1552909639685	0.909019360921915						
PB.161551.598	Patient5	3	2	1596	1993	1879.6992481203006	1003.5122930255895	4.0	5.0	0.0	0.0	696.8469069485643	329.5465345074112	SRSF6	354.0	682.0	0.00847457627118644	0.002932551319648094	0.0018796992481203006	0.0010035122930255895	0.6519463526333006	0.34805364736669936	0.3038927052666012	9.841968364115647	0.8809732605697759						
PB.161551.604	Patient1	2	0	1902	1717	1051.5247108307044	0.0	12.0	25.0	0.0	645.9948320413437	1393.892593594069	1060.6167864373883	SRSF6	191.0	95.0	0.010471204188481676	0.0	0.0010515247108307045	0.0	1.0	0.0	1.0	100.80809378503749	4.56717276509249	1.0	1.0	1.0	1.0	2.0	
PB.161551.604	Patient11	2	3	1367	2226	1463.057790782736	1347.7088948787064	11.0	11.0	0.0	645.9948320413437	1393.892593594069	1060.6167864373883	SRSF6	299.0	1145.0	0.006688963210702341	0.0026200873362445414	0.001463057790782736	0.0013477088948787063	0.5205191160996142	0.47948088390038585	0.041038232199228364	1.2451139978837351	0.056410656397255156						
PB.161551.604	Patient15	4	6	1376	2573	2906.9767441860463	2331.908278274388	3.0	5.0	0.0	645.9948320413437	1393.892593594069	1060.6167864373883	SRSF6	324.0	294.0	0.012345679012345678	0.02040816326530612	0.0029069767441860465	0.002331908278274388	0.5548846236791029	0.4451153763208971	0.10976924735820576	3.657692093267929	0.16571399263921924						
PB.161551.604	Patient18	16	2	988	1387	16194.331983805669	1441.9610670511895	1.0	9.0	0.0	645.9948320413437	1393.892593594069	1060.6167864373883	SRSF6	157.0	82.0	0.10191082802547771	0.024390243902439025	0.016194331983805668	0.0014419610670511895	0.9182389937106918	0.08176100628930817	0.8364779874213837	48.780652490632505	2.2100374995060728						
PB.161551.604	Patient19	5	1	1229	1548	4068.3482506102523	645.9948320413437	2.0	16.0	0.0	645.9948320413437	1393.892593594069	1060.6167864373883	SRSF6	74.0	31.0	0.06756756756756757	0.03225806451612903	0.0040683482506102524	0.0006459948320413437	0.8629724606979597	0.13702753930204037	0.7259449213959194	31.811614716994985	1.4412447938841948						
PB.161551.604	Patient21	4	3	1417	1328	2822.8652081863092	2259.0361445783133	4.0	6.0	0.0	645.9948320413437	1393.892593594069	1060.6167864373883	SRSF6	334.0	122.0	0.011976047904191617	0.02459016393442623	0.0028228652081863093	0.002259036144578313	0.5554742235700094	0.4445257764299905	0.11094844714001889	3.6836633347352814	0.16689063572661128						
PB.161551.604	Patient24	2	1	1059	1661	1888.5741265344666	602.0469596628537	10.0	17.0	0.0	645.9948320413437	1393.892593594069	1060.6167864373883	SRSF6	27.0	41.0	0.07407407407407407	0.024390243902439025	0.0018885741265344666	0.0006020469596628537	0.758274366582972	0.24172563341702807	0.516548733165944	17.934775043558137	0.8125460273226288						
PB.161551.604	Patient25	3	2	1372	1946	2186.5889212827988	1027.749229188078	7.0	13.0	0.0	645.9948320413437	1393.892593594069	1060.6167864373883	SRSF6	341.0	346.0	0.008797653958944282	0.005780346820809248	0.002186588921282799	0.0010277492291880781	0.6802610114192497	0.31973898858075045	0.3605220228384992	12.077210947775258	0.5471654789602121						
PB.161551.604	Patient28	3	2	1473	1202	2036.6598778004072	1663.8935108153078	9.0	7.0	0.0	645.9948320413437	1393.892593594069	1060.6167864373883	SRSF6	299.0	165.0	0.010033444816053512	0.012121212121212121	0.002036659877800407	0.0016638935108153079	0.5503663003663004	0.4496336996336997	0.10073260073260071	3.2043947018584764	0.14517707518745798						
PB.161551.61	Patient1	2	0	1902	1717	1051.5247108307044	0.0	8.0	20.5	0.0	0.0	4137.538206592386	5096.228719210569	SRSF6	191.0	95.0	0.010471204188481676	0.0	0.0010515247108307045	0.0	1.0	0.0	1.0	100.80809378503749	1.7046192675946423						
PB.161551.61	Patient15	6	0	1376	2573	4360.46511627907	0.0	5.0	20.5	0.0	0.0	4137.538206592386	5096.228719210569	SRSF6	324.0	294.0	0.018518518518518517	0.0	0.00436046511627907	0.0	1.0	0.0	1.0	146.18653798825895	2.4719482331361067					1.0	
PB.161551.61	Patient17	1	0	975	1227	1025.6410256410256	0.0	9.0	20.5	0.0	0.0	4137.538206592386	5096.228719210569	SRSF6	56.0	25.0	0.017857142857142856	0.0	0.0010256410256410256	0.0	1.0	0.0	1.0	100.08838682616285	1.692449348463588						
PB.161551.61	Patient18	1	0	988	1387	1012.1457489878543	0.0	10.0	20.5	0.0	0.0	4137.538206592386	5096.228719210569	SRSF6	157.0	82.0	0.006369426751592357	0.0	0.0010121457489878543	0.0	1.0	0.0	1.0	99.70696754850943	1.6859997210050381						
PB.161551.61	Patient21	6	1	1417	1328	4234.297812279464	753.0120481927711	6.0	8.0	0.0	0.0	4137.538206592386	5096.228719210569	SRSF6	334.0	122.0	0.017964071856287425	0.00819672131147541	0.004234297812279464	0.0007530120481927711	0.8490143846563666	0.15098561534363347	0.6980287693127332	29.998622587707487	0.5072631387450753						
PB.161551.61	Patient25	22	2	1372	1946	16034.985422740525	1027.749229188078	4.0	7.0	0.0	0.0	4137.538206592386	5096.228719210569	SRSF6	341.0	346.0	0.06451612903225806	0.005780346820809248	0.016034985422740525	0.0010277492291880781	0.9397664413030116	0.06023355869698832	0.8795328826060232	55.350520819321765	0.935952270471545						
PB.161551.61	Patient26	82	1	1690	1469	48520.7100591716	680.7351940095302	1.0	9.0	0.0	0.0	4137.538206592386	5096.228719210569	SRSF6	668.0	201.0	0.12275449101796407	0.004975124378109453	0.0485207100591716	0.0006807351940095302	0.9861643252447849	0.013835674755214983	0.97232865048957	95.78417271945987	1.6196670348352398						
PB.161551.61	Patient30	38	3	1658	1808	22919.179734620022	1659.2920353982302	3.0	6.0	0.0	0.0	4137.538206592386	5096.228719210569	SRSF6	496.0	127.0	0.07661290322580645	0.023622047244094488	0.022919179734620022	0.00165929203539823	0.9324900241591791	0.06750997584082087	0.8649800483183583	54.85398384973771	0.9275560549133883						
PB.161551.61	Patient31	25	0	966	1858	25879.91718426501	0.0	2.0	20.5	0.0	0.0	4137.538206592386	5096.228719210569	SRSF6	153.0	125.0	0.16339869281045752	0.0	0.025879917184265012	0.0	1.0	0.0	1.0	214.90472230472687	3.6339416467776364						
PB.161551.620	Patient10	10	15	1394	2180	7173.601147776184	6880.733944954129	3.0	3.0	2181.0250817884407	553.0973451327434	2725.4634912048077	2540.9791757663725	SRSF6	248.0	345.0	0.04032258064516129	0.043478260869565216	0.007173601147776184	0.006880733944954129	0.5104191055958792	0.48958089440412084	0.020838211191758382	0.7701535461644128	-0.03838680444544328						
PB.161551.620	Patient14	3	0	1161	1708	2583.9793281653747	0.0	15.0	25.0	2181.0250817884407	553.0973451327434	2725.4634912048077	2540.9791757663725	SRSF6	121.0	44.0	0.024793388429752067	0.0	0.002583979328165375	0.0	1.0	0.0	1.0	128.50979374856092	2.304477476246592						
PB.161551.620	Patient15	3	1	1376	2573	2180.232558139535	388.65137971239795	17.0	18.0	2181.0250817884407	553.0973451327434	2725.4634912048077	2540.9791757663725	SRSF6	324.0	294.0	0.009259259259259259	0.003401360544217687	0.002180232558139535	0.000388651379712398	0.8487080813633865	0.1512919186366135	0.697416162726773	27.561354153116913	0.4887981069453264						
PB.161551.620	Patient18	9	3	988	1387	9109.311740890687	2162.9416005767844	2.0	12.0	2181.0250817884407	553.0973451327434	2725.4634912048077	2540.9791757663725	SRSF6	157.0	82.0	0.05732484076433121	0.036585365853658534	0.009109311740890687	0.0021629416005767843	0.8081180811808119	0.1918819188191882	0.6162361623616237	27.278121309948062	0.48370382285226715						
PB.161551.620	Patient21	4	0	1417	1328	2822.8652081863092	0.0	13.0	25.0	2181.0250817884407	553.0973451327434	2725.4634912048077	2540.9791757663725	SRSF6	334.0	122.0	0.011976047904191617	0.0	0.0028228652081863093	0.0	1.0	0.0	1.0	131.4166678148543	2.356761110272808						
PB.161551.620	Patient22	5	1	1221	2106	4095.0040950040952	474.8338081671415	10.0	17.0	2181.0250817884407	553.0973451327434	2725.4634912048077	2540.9791757663725	SRSF6	58.0	43.0	0.08620689655172414	0.023255813953488372	0.004095004095004095	0.0004748338081671415	0.8960939494511105	0.10390605054888946	0.7921878989022211	37.26934790937178	0.6634080766603312						
PB.161551.620	Patient23	3	2	665	1159	4511.278195488722	1725.625539257981	7.0	13.0	2181.0250817884407	553.0973451327434	2725.4634912048077	2540.9791757663725	SRSF6	27.0	18.0	0.1111111111111111	0.1111111111111111	0.004511278195488722	0.001725625539257981	0.7233201581027668	0.2766798418972332	0.4466403162055336	16.82478006768857	0.29568788016014036						
PB.161551.620	Patient25	1	0	1372	1946	728.862973760933	0.0	20.0	25.0	2181.0250817884407	553.0973451327434	2725.4634912048077	2540.9791757663725	SRSF6	341.0	346.0	0.002932551319648094	0.0	0.0007288629737609329	0.0	1.0	0.0	1.0	90.48707464180796	1.620593040553104						
PB.161551.620	Patient26	8	5	1690	1469	4733.7278106508875	3403.6759700476514	6.0	9.0	2181.0250817884407	553.0973451327434	2725.4634912048077	2540.9791757663725	SRSF6	668.0	201.0	0.011976047904191617	0.024875621890547265	0.004733727810650888	0.0034036759700476512	0.5817245817245817	0.41827541827541825	0.1634491634491635	5.808778800870866	0.09755181869634123						
PB.161551.620	Patient27	2	0	917	1439	2181.0250817884407	0.0	16.0	25.0	2181.0250817884407	553.0973451327434	2725.4634912048077	2540.9791757663725	SRSF6	92.0	45.0	0.021739130434782608	0.0	0.0021810250817884407	0.0	1.0	0.0	1.0	123.0276384820221	2.2058743055918364						
PB.161551.620	Patient29	5	0	1044	1857	4789.272030651341	0.0	5.0	25.0	2181.0250817884407	553.0973451327434	2725.4634912048077	2540.9791757663725	SRSF6	61.0	35.0	0.08196721311475409	0.0	0.004789272030651341	0.0	1.0	0.0	1.0	149.4761137495401	2.681582014251402						
PB.161551.620	Patient3	1	0	1987	2019	503.27126321087064	0.0	24.0	25.0	2181.0250817884407	553.0973451327434	2725.4634912048077	2540.9791757663725	SRSF6	371.0	172.0	0.0026954177897574125	0.0	0.0005032712632108706	0.0	1.0	0.0	1.0	80.63115352051496	1.4433224188663478						
PB.161551.620	Patient30	10	1	1658	1808	6031.363088057901	553.0973451327434	4.0	16.0	2181.0250817884407	553.0973451327434	2725.4634912048077	2540.9791757663725	SRSF6	496.0	127.0	0.020161290322580645	0.007874015748031496	0.006031363088057901	0.0005530973451327434	0.9159995946904448	0.08400040530955517	0.8319991893808896	43.25875251862633	0.7711347381818253						
PB.161551.620	Patient31	4	0	966	1858	4140.786749482402	0.0	9.0	25.0	2181.0250817884407	553.0973451327434	2725.4634912048077	2540.9791757663725	SRSF6	153.0	125.0	0.026143790849673203	0.0	0.004140786749482402	0.0	1.0	0.0	1.0	144.38934362784568	2.590090322023645						
PB.161551.620	Patient6	1	0	1602	1714	624.2197253433209	0.0	22.0	25.0	2181.0250817884407	553.0973451327434	2725.4634912048077	2540.9791757663725	SRSF6	77.0	89.0	0.012987012987012988	0.0	0.0006242197253433209	0.0	1.0	0.0	1.0	86.29243665543326	1.545147420154513						
PB.161551.620	Patient9	1	0	1722	1493	580.7200929152149	0.0	23.0	25.0	2181.0250817884407	553.0973451327434	2725.4634912048077	2540.9791757663725	SRSF6	3.0	7.0	0.3333333333333333	0.0	0.0005807200929152149	0.0	1.0	0.0	1.0	84.37194430904054	1.5106050503445332						
PB.161551.68	Patient1	9	0	1902	1717	4731.86119873817	0.0	5.0	21.0	957.8544061302681	0.0	2086.813695866513	2040.7351218753147	SRSF6	191.0	95.0	0.04712041884816754	0.0	0.00473186119873817	0.0	1.0	0.0	1.0	149.05111755364564	2.0727631094208907						
PB.161551.68	Patient15	6	1	1376	2573	4360.46511627907	388.65137971239795	7.0	10.0	957.8544061302681	0.0	2086.813695866513	2040.7351218753147	SRSF6	324.0	294.0	0.018518518518518517	0.003401360544217687	0.00436046511627907	0.000388651379712398	0.9181634352325443	0.0818365647674557	0.8363268704650886	42.131527632918015	0.5212389697327225						
PB.161551.68	Patient17	1	0	975	1227	1025.6410256410256	0.0	15.0	21.0	957.8544061302681	0.0	2086.813695866513	2040.7351218753147	SRSF6	56.0	25.0	0.017857142857142856	0.0	0.0010256410256410256	0.0	1.0	0.0	1.0	100.08838682616285	1.3622585262564344						
PB.161551.68	Patient18	3	2	988	1387	3036.4372469635628	1441.9610670511895	9.0	8.0	957.8544061302681	0.0	2086.813695866513	2040.7351218753147	SRSF6	157.0	82.0	0.01910828025477707	0.024390243902439025	0.003036437246963563	0.0014419610670511895	0.6780185758513932	0.3219814241486068	0.35603715170278644	12.423171542562176	-0.12541378574660864						
PB.161551.68	Patient19	3	0	1229	1548	2441.0089503661516	0.0	11.0	21.0	957.8544061302681	0.0	2086.813695866513	2040.7351218753147	SRSF6	74.0	31.0	0.04054054054054054	0.0	0.0024410089503661514	0.0	1.0	0.0	1.0	126.65584944312502	1.7477824476541988						
PB.161551.68	Patient2	6	0	1277	1085	4698.512137823023	0.0	6.0	21.0	957.8544061302681	0.0	2086.813695866513	2040.7351218753147	SRSF6	88.0	62.0	0.06818181818181818	0.0	0.004698512137823023	0.0	1.0	0.0	1.0	148.8021521040087	2.069150339250837						
PB.161551.68	Patient20	2	0	1888	1738	1059.322033898305	0.0	14.0	21.0	957.8544061302681	0.0	2086.813695866513	2040.7351218753147	SRSF6	54.0	81.0	0.037037037037037035	0.0	0.001059322033898305	0.0	1.0	0.0	1.0	101.02193256757982	1.3758053304892734						
PB.161551.68	Patient21	7	0	1417	1328	4940.014114326042	0.0	4.0	21.0	957.8544061302681	0.0	2086.813695866513	2040.7351218753147	SRSF6	334.0	122.0	0.020958083832335328	0.0	0.004940014114326041	0.0	1.0	0.0	1.0	150.57099726645413	2.094818282524277						
PB.161551.68	Patient22	2	0	1221	2106	1638.0016380016382	0.0	13.0	21.0	957.8544061302681	0.0	2086.813695866513	2040.7351218753147	SRSF6	58.0	43.0	0.034482758620689655	0.0	0.001638001638001638	0.0	1.0	0.0	1.0	114.04192846111454	1.5647401921216202						
PB.161551.68	Patient24	1	0	1059	1661	944.2870632672333	0.0	17.0	21.0	957.8544061302681	0.0	2086.813695866513	2040.7351218753147	SRSF6	27.0	41.0	0.037037037037037035	0.0	0.0009442870632672333	0.0	1.0	0.0	1.0	97.72056706556404	1.3278987843258538						
PB.161551.68	Patient25	3	0	1372	1946	2186.5889212827988	0.0	12.0	21.0	957.8544061302681	0.0	2086.813695866513	2040.7351218753147	SRSF6	341.0	346.0	0.008797653958944282	0.0	0.002186588921282799	0.0	1.0	0.0	1.0	123.10913521119826	1.696315614013237					1.0	
PB.161551.68	Patient26	11	0	1690	1469	6508.87573964497	0.0	3.0	21.0	957.8544061302681	0.0	2086.813695866513	2040.7351218753147	SRSF6	668.0	201.0	0.016467065868263474	0.0	0.00650887573964497	0.0	1.0	0.0	1.0	160.49152794020398	2.238776399369391	1.0	1.0	1.0	1.0	1.0	
PB.161551.68	Patient29	1	0	1044	1857	957.8544061302681	0.0	16.0	21.0	957.8544061302681	0.0	2086.813695866513	2040.7351218753147	SRSF6	61.0	35.0	0.01639344262295082	0.0	0.0009578544061302681	0.0	1.0	0.0	1.0	98.1272479072872	1.3338001831579107						
PB.161551.68	Patient3	24	1	1987	2019	12078.510317060896	495.2947003467063	1.0	9.0	957.8544061302681	0.0	2086.813695866513	2040.7351218753147	SRSF6	371.0	172.0	0.0646900269541779	0.005813953488372093	0.012078510317060896	0.0004952947003467063	0.9606090042225879	0.039390995777412126	0.9212180084451758	62.448611722317594	0.8160628316288375						
PB.161551.68	Patient30	11	0	1658	1808	6634.499396863692	0.0	2.0	21.0	957.8544061302681	0.0	2086.813695866513	2040.7351218753147	SRSF6	496.0	127.0	0.02217741935483871	0.0	0.0066344993968636915	0.0	1.0	0.0	1.0	161.19090532120973	2.2489251559273504						
PB.161551.68	Patient4	5	0	1554	1450	3217.5032175032175	0.0	8.0	21.0	957.8544061302681	0.0	2086.813695866513	2040.7351218753147	SRSF6	197.0	100.0	0.025380710659898477	0.0	0.0032175032175032173	0.0	1.0	0.0	1.0	135.7783857676306	1.880160764229735						
PB.161551.77	Patient18	1	0	988	1387	1012.1457489878543	0.0	5.0	18.0	0.0	0.0	908.8868852412488	130.2783965527929	SRSF6	157.0	82.0	0.006369426751592357	0.0	0.0010121457489878543	0.0	1.0	0.0	1.0	99.70696754850943	2.392135509745862						
PB.161551.77	Patient19	1	0	1229	1548	813.6696501220504	0.0	6.0	18.0	0.0	0.0	908.8868852412488	130.2783965527929	SRSF6	74.0	31.0	0.013513513513513514	0.0	0.0008136696501220504	0.0	1.0	0.0	1.0	93.52739414924416	2.243877295431286						
PB.161551.77	Patient2	10	0	1277	1085	7830.853563038371	0.0	2.0	18.0	0.0	0.0	908.8868852412488	130.2783965527929	SRSF6	88.0	62.0	0.11363636363636363	0.0	0.007830853563038372	0.0	1.0	0.0	1.0	167.3201796288123	4.014288600166355						
PB.161551.77	Patient22	7	2	1221	2106	5733.0057330057325	949.667616334283	3.0	2.0	0.0	0.0	908.8868852412488	130.2783965527929	SRSF6	58.0	43.0	0.1206896551724138	0.046511627906976744	0.005733005733005733	0.000949667616334283	0.857891061452514	0.14210893854748605	0.715782122905028	32.36924398099848	0.7765918456290626						
PB.161551.77	Patient28	16	1	1473	1202	10862.186014935505	831.9467554076539	1.0	4.0	0.0	0.0	908.8868852412488	130.2783965527929	SRSF6	299.0	165.0	0.05351170568561873	0.006060606060606061	0.010862186014935505	0.0008319467554076539	0.928857763825163	0.071142236174837	0.8577155276503261	49.675080439040194	1.1917875629894892						
PB.161551.77	Patient30	2	0	1658	1808	1206.2726176115802	0.0	4.0	18.0	0.0	0.0	908.8868852412488	130.2783965527929	SRSF6	496.0	127.0	0.004032258064516129	0.0	0.0012062726176115801	0.0	1.0	0.0	1.0	104.81936760362261	2.514790465688766					2.0	
PB.161551.94	Patient1	1	0	1902	1717	525.7623554153522	0.0	16.0	20.5	525.7623554153522	0.0	1359.7199546965242	2157.6092254285127	SRSF6	191.0	95.0	0.005235602094240838	0.0	0.0005257623554153522	0.0	1.0	0.0	1.0	81.76457159034882	1.3245662881508449						
PB.161551.94	Patient14	4	0	1161	1708	3445.305770887166	0.0	5.0	20.5	525.7623554153522	0.0	1359.7199546965242	2157.6092254285127	SRSF6	121.0	44.0	0.03305785123966942	0.0	0.0034453057708871662	0.0	1.0	0.0	1.0	138.08704148430022	2.2369766810125467						
PB.161551.94	Patient15	2	0	1376	2573	1453.4883720930231	0.0	14.0	20.5	525.7623554153522	0.0	1359.7199546965242	2157.6092254285127	SRSF6	324.0	294.0	0.006172839506172839	0.0	0.0014534883720930232	0.0	1.0	0.0	1.0	110.39267416595138	1.7883346272714944						
PB.161551.94	Patient16	2	0	1395	1271	1433.6917562724013	0.0	15.0	20.5	525.7623554153522	0.0	1359.7199546965242	2157.6092254285127	SRSF6	93.0	54.0	0.021505376344086023	0.0	0.0014336917562724014	0.0	1.0	0.0	1.0	109.97774984702825	1.781612953638407						
PB.161551.94	Patient18	2	0	988	1387	2024.2914979757086	0.0	9.0	20.5	525.7623554153522	0.0	1359.7199546965242	2157.6092254285127	SRSF6	157.0	82.0	0.012738853503184714	0.0	0.0020242914979757085	0.0	1.0	0.0	1.0	120.65418587680149	1.9545686356358396						
PB.161551.94	Patient19	2	0	1229	1548	1627.3393002441007	0.0	12.0	20.5	525.7623554153522	0.0	1359.7199546965242	2157.6092254285127	SRSF6	74.0	31.0	0.02702702702702703	0.0	0.0016273393002441008	0.0	1.0	0.0	1.0	113.84097197475832	1.844196217936139						
PB.161551.94	Patient22	2	0	1221	2106	1638.0016380016382	0.0	11.0	20.5	525.7623554153522	0.0	1359.7199546965242	2157.6092254285127	SRSF6	58.0	43.0	0.034482758620689655	0.0	0.001638001638001638	0.0	1.0	0.0	1.0	114.04192846111454	1.8474516644215226						
PB.161551.94	Patient25	7	1	1372	1946	5102.04081632653	513.874614594039	2.0	9.0	525.7623554153522	0.0	1359.7199546965242	2157.6092254285127	SRSF6	341.0	346.0	0.020527859237536656	0.002890173410404624	0.00510204081632653	0.0005138746145940391	0.9084967320261438	0.09150326797385622	0.8169934640522876	40.75914649045184	0.6602883171154154						
PB.161551.94	Patient26	10	1	1690	1469	5917.159763313609	680.7351940095302	1.0	7.0	525.7623554153522	0.0	1359.7199546965242	2157.6092254285127	SRSF6	668.0	201.0	0.014970059880239521	0.004975124378109453	0.005917159763313609	0.0006807351940095302	0.8968253968253969	0.10317460317460318	0.7936507936507937	39.07052063335255	0.6329329865595398						
PB.161551.94	Patient27	2	0	917	1439	2181.0250817884407	0.0	8.0	20.5	525.7623554153522	0.0	1359.7199546965242	2157.6092254285127	SRSF6	92.0	45.0	0.021739130434782608	0.0	0.0021810250817884407	0.0	1.0	0.0	1.0	123.0276384820221	1.993017993912305						
PB.161551.94	Patient29	2	0	1044	1857	1915.7088122605362	0.0	10.0	20.5	525.7623554153522	0.0	1359.7199546965242	2157.6092254285127	SRSF6	61.0	35.0	0.03278688524590164	0.0	0.0019157088122605363	0.0	1.0	0.0	1.0	118.91448213813601	1.9263858557498104						
PB.161551.94	Patient3	7	0	1987	2019	3522.8988424760946	0.0	4.0	20.5	525.7623554153522	0.0	1359.7199546965242	2157.6092254285127	SRSF6	371.0	172.0	0.018867924528301886	0.0	0.0035228988424760945	0.0	1.0	0.0	1.0	138.84289413468207	2.249221311174878						
PB.161551.94	Patient30	7	1	1658	1808	4221.95416164053	553.0973451327434	3.0	8.0	525.7623554153522	0.0	1359.7199546965242	2157.6092254285127	SRSF6	496.0	127.0	0.014112903225806451	0.007874015748031496	0.004221954161640531	0.0005530973451327434	0.884169344697499	0.11583065530250104	0.7683386893949979	35.29052545898926	0.5716979787811162						
PB.161551.94	Patient31	3	0	966	1858	3105.590062111801	0.0	6.0	20.5	525.7623554153522	0.0	1359.7199546965242	2157.6092254285127	SRSF6	153.0	125.0	0.0196078431372549	0.0	0.003105590062111801	0.0	1.0	0.0	1.0	134.5912829274239	2.180346237705732						
PB.161551.94	Patient4	4	0	1554	1450	2574.002574002574	0.0	7.0	20.5	525.7623554153522	0.0	1359.7199546965242	2157.6092254285127	SRSF6	197.0	100.0	0.02030456852791878	0.0	0.002574002574002574	0.0	1.0	0.0	1.0	128.383362833524	2.0797794333309554						
PB.59138.287	Patient1	3	0	1902	1717	1577.2870662460568	0.0	16.0	23.0	1577.2870662460568	0.0	2022.8745626685459	1336.468100913653	DND1_HARS1	5.0	0.0	0.6		0.0015772870662460567	0.0	1.0	0.0	1.0	112.8821423297895	1.4074415564108487						
PB.59138.287	Patient15	1	1	1376	2573	726.7441860465116	388.65137971239795	18.0	14.0	1577.2870662460568	0.0	2022.8745626685459	1336.468100913653	DND1_HARS1	6.0	1.0	0.16666666666666666	1.0	0.0007267441860465116	0.000388651379712398	0.6515573562927323	0.34844264370726763	0.30311471258546463	8.57020445215898	-0.24928087047685518						
PB.59138.287	Patient16	3	0	1395	1271	2150.537634408602	0.0	12.0	23.0	1577.2870662460568	0.0	2022.8745626685459	1336.468100913653	DND1_HARS1	5.0	0.0	0.6		0.002150537634408602	0.0	1.0	0.0	1.0	122.57783653282151	1.550517416089594						
PB.59138.287	Patient17	2	0	975	1227	2051.2820512820513	0.0	13.0	23.0	1577.2870662460568	0.0	2022.8745626685459	1336.468100913653	DND1_HARS1	6.0	0.0	0.3333333333333333		0.0020512820512820513	0.0	1.0	0.0	1.0	121.07403466604474	1.5283263547411137						
PB.59138.287	Patient18	2	0	988	1387	2024.2914979757086	0.0	14.0	23.0	1577.2870662460568	0.0	2022.8745626685459	1336.468100913653	DND1_HARS1	2.0	0.0	1.0		0.0020242914979757085	0.0	1.0	0.0	1.0	120.65418587680149	1.5221307977033027						
PB.59138.287	Patient19	2	1	1229	1548	1627.3393002441007	645.9948320413437	15.0	12.0	1577.2870662460568	0.0	2022.8745626685459	1336.468100913653	DND1_HARS1	5.0	1.0	0.4	1.0	0.0016273393002441008	0.0006459948320413437	0.7158381502890173	0.2841618497109827	0.43167630057803463	14.208002976311613	-0.1660859126277873						
PB.59138.287	Patient2	19	2	1277	1085	14878.621769772904	1843.3179723502303	1.0	8.0	1577.2870662460568	0.0	2022.8745626685459	1336.468100913653	DND1_HARS1	32.0	6.0	0.59375	0.3333333333333333	0.014878621769772905	0.0018433179723502304	0.8897664983382969	0.11023350166170313	0.7795329966765938	41.75225013277414	0.35780341170100954						
PB.59138.287	Patient21	4	0	1417	1328	2822.8652081863092	0.0	8.0	23.0	1577.2870662460568	0.0	2022.8745626685459	1336.468100913653	DND1_HARS1	7.0	0.0	0.5714285714285714		0.0028228652081863093	0.0	1.0	0.0	1.0	131.4166678148543	1.6809488589291133						
PB.59138.287	Patient22	5	0	1221	2106	4095.0040950040952	0.0	4.0	23.0	1577.2870662460568	0.0	2022.8745626685459	1336.468100913653	DND1_HARS1	6.0	0.0	0.8333333333333334		0.004095004095004095	0.0	1.0	0.0	1.0	144.00426074229406	1.8666994242487522					1.0	
PB.59138.287	Patient23	2	1	665	1159	3007.5187969924814	862.8127696289905	7.0	11.0	1577.2870662460568	0.0	2022.8745626685459	1336.468100913653	DND1_HARS1	9.0	1.0	0.2222222222222222	1.0	0.0030075187969924814	0.0008628127696289905	0.7770700636942676	0.2229299363057325	0.5541401273885351	20.802607789722273	-0.020114608279317013						
PB.59138.287	Patient26	2	0	1690	1469	1183.4319526627219	0.0	17.0	23.0	1577.2870662460568	0.0	2022.8745626685459	1336.468100913653	DND1_HARS1	8.0	0.0	0.25		0.001183431952662722	0.0	1.0	0.0	1.0	104.25611444549705	1.280150376500077						
PB.59138.287	Patient27	2	0	917	1439	2181.0250817884407	0.0	11.0	23.0	1577.2870662460568	0.0	2022.8745626685459	1336.468100913653	DND1_HARS1	4.0	2.0	0.5	0.0	0.0021810250817884407	0.0	1.0	0.0	1.0	123.0276384820221	1.5571549810972574						
PB.59138.287	Patient28	10	0	1473	1202	6788.866259334691	0.0	2.0	23.0	1577.2870662460568	0.0	2022.8745626685459	1336.468100913653	DND1_HARS1	15.0	0.0	0.6666666666666666		0.006788866259334691	0.0	1.0	0.0	1.0	162.03440824417777	2.1327638029252047						
PB.59138.287	Patient29	4	0	1044	1857	3831.4176245210724	0.0	5.0	23.0	1577.2870662460568	0.0	2022.8745626685459	1336.468100913653	DND1_HARS1	9.0	0.0	0.4444444444444444		0.0038314176245210726	0.0	1.0	0.0	1.0	141.7106267426359	1.8328530952064368						
PB.59138.287	Patient3	6	1	1987	2019	3019.627579265224	495.2947003467063	6.0	13.0	1577.2870662460568	0.0	2022.8745626685459	1336.468100913653	DND1_HARS1	7.0	2.0	0.8571428571428571	0.5	0.003019627579265224	0.0004952947003467063	0.8590880079426991	0.1409119920573009	0.7181760158853983	30.12339004953	0.1862005209071043						
PB.59138.287	Patient30	4	0	1658	1808	2412.5452352231605	0.0	10.0	23.0	1577.2870662460568	0.0	2022.8745626685459	1336.468100913653	DND1_HARS1	12.0	0.0	0.3333333333333333		0.0024125452352231603	0.0	1.0	0.0	1.0	126.27549449100898	1.605082419903368						
PB.59138.287	Patient31	5	0	966	1858	5175.983436853002	0.0	3.0	23.0	1577.2870662460568	0.0	2022.8745626685459	1336.468100913653	DND1_HARS1	10.0	0.0	0.5		0.005175983436853002	0.0	1.0	0.0	1.0	152.22711531856984	1.9880411211791333						
PB.59138.287	Patient4	4	0	1554	1450	2574.002574002574	0.0	9.0	23.0	1577.2870662460568	0.0	2022.8745626685459	1336.468100913653	DND1_HARS1	8.0	0.0	0.5		0.002574002574002574	0.0	1.0	0.0	1.0	128.383362833524	1.636187472195615						
PB.59138.305	Patient1	2	0	1902	1717	1051.5247108307044	0.0	17.0	22.5	1433.6917562724013	0.0	2366.2445740742455	885.6734207513038	DND1_HARS1	5.0	0.0	0.4		0.0010515247108307045	0.0	1.0	0.0	1.0	100.80809378503749	0.6042019584038287						
PB.59138.305	Patient15	5	0	1376	2573	3633.720930232558	0.0	8.0	22.5	1433.6917562724013	0.0	2366.2445740742455	885.6734207513038	DND1_HARS1	6.0	1.0	0.8333333333333334	0.0	0.003633720930232558	0.0	1.0	0.0	1.0	139.89749901296804	1.1385405977122622						
PB.59138.305	Patient16	2	0	1395	1271	1433.6917562724013	0.0	16.0	22.5	1433.6917562724013	0.0	2366.2445740742455	885.6734207513038	DND1_HARS1	5.0	0.0	0.4		0.0014336917562724014	0.0	1.0	0.0	1.0	109.97774984702825	0.7295479828449857						
PB.59138.305	Patient17	4	0	975	1227	4102.5641025641025	0.0	7.0	22.5	1433.6917562724013	0.0	2366.2445740742455	885.6734207513038	DND1_HARS1	6.0	0.0	0.6666666666666666		0.0041025641025641026	0.0	1.0	0.0	1.0	144.06810895547156	1.195551392037964						
PB.59138.305	Patient19	3	0	1229	1548	2441.0089503661516	0.0	13.0	22.5	1433.6917562724013	0.0	2366.2445740742455	885.6734207513038	DND1_HARS1	5.0	1.0	0.6	0.0	0.0024410089503661514	0.0	1.0	0.0	1.0	126.65584944312502	0.9575318314726228						
PB.59138.305	Patient2	13	4	1277	1085	10180.109631949883	3686.6359447004606	2.0	3.0	1433.6917562724013	0.0	2366.2445740742455	885.6734207513038	DND1_HARS1	32.0	6.0	0.40625	0.6666666666666666	0.010180109631949883	0.003686635944700461	0.7341383438296987	0.26586165617030133	0.46827668765939734	19.50632853953794	-1.0628485260435334						
PB.59138.305	Patient21	3	0	1417	1328	2117.148906139732	0.0	15.0	22.5	1433.6917562724013	0.0	2366.2445740742455	885.6734207513038	DND1_HARS1	7.0	0.0	0.42857142857142855		0.002117148906139732	0.0	1.0	0.0	1.0	122.07882694721745	0.8949655182149365						
PB.59138.305	Patient22	1	0	1221	2106	819.0008190008191	0.0	18.0	22.5	1433.6917562724013	0.0	2366.2445740742455	885.6734207513038	DND1_HARS1	6.0	0.0	0.16666666666666666		0.000819000819000819	0.0	1.0	0.0	1.0	93.7093824259482	0.4586465676397046						
PB.59138.305	Patient23	7	0	665	1159	10526.315789473683	0.0	1.0	22.5	1433.6917562724013	0.0	2366.2445740742455	885.6734207513038	DND1_HARS1	9.0	1.0	0.7777777777777778	0.0	0.010526315789473684	0.0	1.0	0.0	1.0	178.54086676460534	1.6667820591083338						
PB.59138.305	Patient24	7	0	1059	1661	6610.0094428706325	0.0	3.0	22.5	1433.6917562724013	0.0	2366.2445740742455	885.6734207513038	DND1_HARS1	7.0	0.0	1.0		0.0066100094428706326	0.0	1.0	0.0	1.0	161.0554899995605	1.4277630110069464						
PB.59138.305	Patient25	4	0	1372	1946	2915.451895043732	0.0	11.0	22.5	1433.6917562724013	0.0	2366.2445740742455	885.6734207513038	DND1_HARS1	4.0	0.0	1.0		0.0029154518950437317	0.0	1.0	0.0	1.0	132.48575964291555	1.0372246859758314						
PB.59138.305	Patient26	6	0	1690	1469	3550.2958579881656	0.0	9.0	22.5	1433.6917562724013	0.0	2366.2445740742455	885.6734207513038	DND1_HARS1	8.0	0.0	0.75		0.0035502958579881655	0.0	1.0	0.0	1.0	139.10628932874073	1.1277250351931478						
PB.59138.305	Patient27	2	2	917	1439	2181.0250817884407	1389.854065323141	14.0	9.0	1433.6917562724013	0.0	2366.2445740742455	885.6734207513038	DND1_HARS1	4.0	2.0	0.5	1.0	0.0021810250817884407	0.001389854065323141	0.6107809847198642	0.3892190152801358	0.2215619694397284	7.2065084451818695	-1.2309828093521131						
PB.59138.305	Patient28	5	0	1473	1202	3394.4331296673454	0.0	10.0	22.5	1433.6917562724013	0.0	2366.2445740742455	885.6734207513038	DND1_HARS1	15.0	0.0	0.3333333333333333		0.0033944331296673455	0.0	1.0	0.0	1.0	137.58333594022926	1.1069067895175673						
PB.59138.305	Patient29	5	0	1044	1857	4789.272030651341	0.0	6.0	22.5	1433.6917562724013	0.0	2366.2445740742455	885.6734207513038	DND1_HARS1	9.0	0.0	0.5555555555555556		0.004789272030651341	0.0	1.0	0.0	1.0	149.4761137495401	1.2694769456805988						
PB.59138.305	Patient3	1	1	1987	2019	503.27126321087064	495.2947003467063	20.0	13.0	1433.6917562724013	0.0	2366.2445740742455	885.6734207513038	DND1_HARS1	7.0	2.0	0.14285714285714285	0.5	0.0005032712632108706	0.0004952947003467063	0.5039940089865202	0.49600599101347975	0.007988017973040495	0.20658764993300538	-1.326669303715233						
PB.59138.305	Patient30	8	0	1658	1808	4825.090470446321	0.0	5.0	22.5	1433.6917562724013	0.0	2366.2445740742455	885.6734207513038	DND1_HARS1	12.0	0.0	0.6666666666666666		0.0048250904704463205	0.0	1.0	0.0	1.0	149.73899762228444	1.273070477228067						
PB.59138.305	Patient31	5	0	966	1858	5175.983436853002	0.0	4.0	22.5	1433.6917562724013	0.0	2366.2445740742455	885.6734207513038	DND1_HARS1	10.0	0.0	0.5		0.005175983436853002	0.0	1.0	0.0	1.0	152.22711531856984	1.3070821849151006						
PB.59138.305	Patient4	4	0	1554	1450	2574.002574002574	0.0	12.0	22.5	1433.6917562724013	0.0	2366.2445740742455	885.6734207513038	DND1_HARS1	8.0	0.0	0.5		0.002574002574002574	0.0	1.0	0.0	1.0	128.383362833524	0.9811463415689113						
PB.59138.479	Patient10	372	532	1394	2180	266857.962697274	244036.69724770644	21.0	23.0	292151.1627906977	320030.1204819277	297745.67270134075	310354.51345884235	HARS1	402.0	561.0	0.9253731343283582	0.948306595365419	0.266857962697274	0.24403669724770644	0.5223346094985856	0.4776653905014145	0.04466921899717108	2.324839617720417	0.564795506855293						Charcot-Marie-Tooth disease, axonal, type 2W, 616625 (3), Autosomal dominant; Usher syndrome type 3B, 614504 (3), Autosomal recessive
PB.59138.479	Patient12	476	417	1791	2004	265773.3109994416	208083.83233532935	22.0	26.0	292151.1627906977	320030.1204819277	297745.67270134075	310354.51345884235	HARS1	520.0	462.0	0.9153846153846154	0.9025974025974026	0.2657733109994416	0.20808383233532934	0.5608722264458466	0.43912777355415344	0.12174445289169311	6.361544194149513	1.0564744330607456						Charcot-Marie-Tooth disease, axonal, type 2W, 616625 (3), Autosomal dominant; Usher syndrome type 3B, 614504 (3), Autosomal recessive
PB.59138.479	Patient13	515	453	2218	2495	232191.16321009918	181563.126252505	26.0	29.0	292151.1627906977	320030.1204819277	297745.67270134075	310354.51345884235	HARS1	548.0	488.0	0.9397810218978102	0.9282786885245902	0.2321911632100992	0.181563126252505	0.5611812834899566	0.43881871651004356	0.12236256697991299	6.32501269800995	1.05202482163774						Charcot-Marie-Tooth disease, axonal, type 2W, 616625 (3), Autosomal dominant; Usher syndrome type 3B, 614504 (3), Autosomal recessive
PB.59138.479	Patient14	331	457	1161	1708	285099.052540913	267564.4028103045	20.0	22.0	292151.1627906977	320030.1204819277	297745.67270134075	310354.51345884235	HARS1	338.0	464.0	0.9792899408284024	0.9849137931034483	0.285099052540913	0.26756440281030447	0.5158637680498208	0.4841362319501791	0.03172753609964174	1.6594722203937171	0.4837523883273809						Charcot-Marie-Tooth disease, axonal, type 2W, 616625 (3), Autosomal dominant; Usher syndrome type 3B, 614504 (3), Autosomal recessive
PB.59138.479	Patient23	464	523	665	1159	697744.3609022556	451251.078515962	1.0	3.0	292151.1627906977	320030.1204819277	297745.67270134075	310354.51345884235	HARS1	495.0	545.0	0.9373737373737374	0.9596330275229358	0.6977443609022557	0.451251078515962	0.6072646913686198	0.39273530863138023	0.2145293827372396	12.20584174927346	1.7683219046610663						Charcot-Marie-Tooth disease, axonal, type 2W, 616625 (3), Autosomal dominant; Usher syndrome type 3B, 614504 (3), Autosomal recessive
PB.59138.479	Patient28	295	235	1473	1202	200271.55465037338	195507.48752079866	27.0	28.0	292151.1627906977	320030.1204819277	297745.67270134075	310354.51345884235	HARS1	307.0	246.0	0.9609120521172638	0.9552845528455285	0.20027155465037338	0.19550748752079866	0.506018594495858	0.493981405504142	0.012037188991715964	0.6117127250419945	0.3561331251778793						Charcot-Marie-Tooth disease, axonal, type 2W, 616625 (3), Autosomal dominant; Usher syndrome type 3B, 614504 (3), Autosomal recessive
PB.59138.479	Patient29	366	505	1044	1857	350574.7126436782	271943.9956919763	7.0	20.0	292151.1627906977	320030.1204819277	297745.67270134075	310354.51345884235	HARS1	392.0	544.0	0.9336734693877551	0.9283088235294118	0.3505747126436782	0.2719439956919763	0.5631553043296693	0.43684469567033063	0.12631060865933869	6.749063223377583	1.1036750484556888						Charcot-Marie-Tooth disease, axonal, type 2W, 616625 (3), Autosomal dominant; Usher syndrome type 3B, 614504 (3), Autosomal recessive
PB.59138.479	Patient5	547	419	1596	1993	342731.82957393484	210235.825388861	8.0	25.0	292151.1627906977	320030.1204819277	297745.67270134075	310354.51345884235	HARS1	559.0	435.0	0.9785330948121646	0.9632183908045977	0.34273182957393483	0.21023582538886101	0.6198044795169694	0.3801955204830305	0.23960895903393886	12.963912587236075	1.8606564930710126						Charcot-Marie-Tooth disease, axonal, type 2W, 616625 (3), Autosomal dominant; Usher syndrome type 3B, 614504 (3), Autosomal recessive
PB.59138.479	Patient6	637	508	1602	1714	397627.9650436954	296382.73045507586	4.0	18.0	292151.1627906977	320030.1204819277	297745.67270134075	310354.51345884235	HARS1	657.0	531.0	0.969558599695586	0.9566854990583804	0.3976279650436954	0.29638273045507585	0.5729421284464908	0.4270578715535092	0.14588425689298162	7.886045061399792	1.2421617765898505						Charcot-Marie-Tooth disease, axonal, type 2W, 616625 (3), Autosomal dominant; Usher syndrome type 3B, 614504 (3), Autosomal recessive
PB.59138.479	Patient7	583	414	1726	1705	337775.20278099657	242815.24926686217	9.0	24.0	292151.1627906977	320030.1204819277	297745.67270134075	310354.51345884235	HARS1	605.0	431.0	0.9636363636363636	0.9605568445475638	0.33777520278099654	0.24281524926686218	0.5817787763983989	0.4182212236016011	0.16355755279679784	8.745802217974765	1.3468819679089243						Charcot-Marie-Tooth disease, axonal, type 2W, 616625 (3), Autosomal dominant; Usher syndrome type 3B, 614504 (3), Autosomal recessive
PB.59138.479	Patient8	394	239	1359	1179	289919.05813097866	202714.16454622563	17.0	27.0	292151.1627906977	320030.1204819277	297745.67270134075	310354.51345884235	HARS1	410.0	257.0	0.9609756097560975	0.9299610894941635	0.2899190581309787	0.20271416454622562	0.5885089449619739	0.411491055038026	0.1770178899239479	9.366624728599545	1.4224994275492797						Charcot-Marie-Tooth disease, axonal, type 2W, 616625 (3), Autosomal dominant; Usher syndrome type 3B, 614504 (3), Autosomal recessive
PB.59138.482	Patient23	1	0	665	1159	1503.7593984962407	0.0	5.0	21.5	0.0	0.0	541.314056630287	756.8068499073898	HARS1	495.0	545.0	0.00202020202020202	0.0	0.0015037593984962407	0.0	1.0	0.0	1.0	111.42483593881268	3.352913838762689	1.0	1.0	1.0	1.0	1.0	Charcot-Marie-Tooth disease, axonal, type 2W, 616625 (3), Autosomal dominant; Usher syndrome type 3B, 614504 (3), Autosomal recessive
PB.59138.482	Patient24	4	4	1059	1661	3777.148253068933	2408.187838651415	1.0	5.0	0.0	0.0	541.314056630287	756.8068499073898	HARS1	475.0	805.0	0.008421052631578947	0.004968944099378882	0.003777148253068933	0.002408187838651415	0.6106617647058824	0.38933823529411765	0.22132352941176475	7.714189468076866	0.23212968997823524						Charcot-Marie-Tooth disease, axonal, type 2W, 616625 (3), Autosomal dominant; Usher syndrome type 3B, 614504 (3), Autosomal recessive
PB.59138.482	Patient29	1	0	1044	1857	957.8544061302681	0.0	8.0	21.5	0.0	0.0	541.314056630287	756.8068499073898	HARS1	392.0	544.0	0.002551020408163265	0.0	0.0009578544061302681	0.0	1.0	0.0	1.0	98.1272479072872	2.9527726444103775						Charcot-Marie-Tooth disease, axonal, type 2W, 616625 (3), Autosomal dominant; Usher syndrome type 3B, 614504 (3), Autosomal recessive
PB.59138.482	Patient6	2	0	1602	1714	1248.4394506866417	0.0	6.0	21.5	0.0	0.0	541.314056630287	756.8068499073898	HARS1	657.0	531.0	0.0030441400304414	0.0	0.0012484394506866417	0.0	1.0	0.0	1.0	105.83558538668355	3.184726240668879	1.0	1.0	1.0	1.0	1.0	Charcot-Marie-Tooth disease, axonal, type 2W, 616625 (3), Autosomal dominant; Usher syndrome type 3B, 614504 (3), Autosomal recessive
PB.59138.483	Patient10	6	8	1394	2180	4304.16068866571	3669.724770642202	21.0	24.0	5150.84621044886	5943.536404160475	6586.796792979133	7155.277762937373	HARS1	402.0	561.0	0.014925373134328358	0.0142602495543672	0.00430416068866571	0.003669724770642202	0.5397821063057114	0.4602178936942886	0.07956421261142282	2.7766287265959395	0.2512326596874121						Charcot-Marie-Tooth disease, axonal, type 2W, 616625 (3), Autosomal dominant; Usher syndrome type 3B, 614504 (3), Autosomal recessive
PB.59138.483	Patient11	8	11	1367	2226	5852.231163130944	4941.599281221923	12.0	20.0	5150.84621044886	5943.536404160475	6586.796792979133	7155.277762937373	HARS1	252.0	431.0	0.031746031746031744	0.025522041763341066	0.005852231163130944	0.004941599281221923	0.5421829806667681	0.4578170193332318	0.08436596133353624	3.0532652440605554	0.2741472258039397						Charcot-Marie-Tooth disease, axonal, type 2W, 616625 (3), Autosomal dominant; Usher syndrome type 3B, 614504 (3), Autosomal recessive
PB.59138.483	Patient12	6	5	1791	2004	3350.0837520938026	2495.0099800399203	24.0	28.0	5150.84621044886	5943.536404160475	6586.796792979133	7155.277762937373	HARS1	520.0	462.0	0.011538461538461539	0.010822510822510822	0.0033500837520938024	0.00249500998003992	0.5731445731445731	0.4268554268554269	0.14628914628914624	4.977155376653266	0.43350835443681995						Charcot-Marie-Tooth disease, axonal, type 2W, 616625 (3), Autosomal dominant; Usher syndrome type 3B, 614504 (3), Autosomal recessive
PB.59138.483	Patient13	10	3	2218	2495	4508.566275924256	1202.4048096192384	20.0	30.0	5150.84621044886	5943.536404160475	6586.796792979133	7155.277762937373	HARS1	548.0	488.0	0.01824817518248175	0.006147540983606557	0.004508566275924256	0.0012024048096192384	0.7894570307556005	0.21054296924439944	0.5789140615112011	23.135492297519722	1.9376135092907874						Charcot-Marie-Tooth disease, axonal, type 2W, 616625 (3), Autosomal dominant; Usher syndrome type 3B, 614504 (3), Autosomal recessive
PB.59138.483	Patient16	22	13	1395	1271	15770.609318996418	10228.166797797012	2.0	8.0	5150.84621044886	5943.536404160475	6586.796792979133	7155.277762937373	HARS1	653.0	647.0	0.033690658499234305	0.02009273570324575	0.015770609318996417	0.010228166797797011	0.6065904505716206	0.39340954942837925	0.2131809011432414	8.71070564680214	0.7427686259974923						Charcot-Marie-Tooth disease, axonal, type 2W, 616625 (3), Autosomal dominant; Usher syndrome type 3B, 614504 (3), Autosomal recessive
PB.59138.483	Patient17	14	11	975	1227	14358.97435897436	8964.955175224124	3.0	12.0	5150.84621044886	5943.536404160475	6586.796792979133	7155.277762937373	HARS1	401.0	543.0	0.034912718204488775	0.020257826887661142	0.014358974358974359	0.008964955175224124	0.615632727663692	0.3843672723363079	0.23126545532738413	9.384135135463307	0.7985506488633617						Charcot-Marie-Tooth disease, axonal, type 2W, 616625 (3), Autosomal dominant; Usher syndrome type 3B, 614504 (3), Autosomal recessive
PB.59138.483	Patient22	7	7	1221	2106	5733.0057330057325	3323.8366571699903	15.0	25.0	5150.84621044886	5943.536404160475	6586.796792979133	7155.277762937373	HARS1	394.0	738.0	0.017766497461928935	0.009485094850948509	0.005733005733005733	0.0033238366571699905	0.6330027051397655	0.3669972948602344	0.2660054102795311	9.816910032551306	0.8343985878259567						Charcot-Marie-Tooth disease, axonal, type 2W, 616625 (3), Autosomal dominant; Usher syndrome type 3B, 614504 (3), Autosomal recessive
PB.59138.483	Patient23	13	11	665	1159	19548.87218045113	9490.940465918895	1.0	9.0	5150.84621044886	5943.536404160475	6586.796792979133	7155.277762937373	HARS1	495.0	545.0	0.026262626262626262	0.02018348623853211	0.019548872180451128	0.009490940465918895	0.6731748726655348	0.32682512733446517	0.3463497453310696	14.859130060207324	1.2520595866584117						Charcot-Marie-Tooth disease, axonal, type 2W, 616625 (3), Autosomal dominant; Usher syndrome type 3B, 614504 (3), Autosomal recessive
PB.59138.483	Patient29	14	16	1044	1857	13409.961685823755	8616.047388260635	4.0	13.0	5150.84621044886	5943.536404160475	6586.796792979133	7155.277762937373	HARS1	392.0	544.0	0.03571428571428571	0.029411764705882353	0.013409961685823755	0.008616047388260635	0.6088239426724744	0.39117605732752564	0.21764788534494878	8.749784340217138	0.7460056220102115						Charcot-Marie-Tooth disease, axonal, type 2W, 616625 (3), Autosomal dominant; Usher syndrome type 3B, 614504 (3), Autosomal recessive
PB.59138.483	Patient4	9	6	1554	1450	5791.505791505791	4137.931034482759	14.0	21.0	5150.84621044886	5943.536404160475	6586.796792979133	7155.277762937373	HARS1	420.0	453.0	0.02142857142857143	0.013245033112582781	0.005791505791505791	0.004137931034482759	0.583266291230893	0.41673370876910704	0.16653258246178598	6.061724272765637	0.5233461889558114						Charcot-Marie-Tooth disease, axonal, type 2W, 616625 (3), Autosomal dominant; Usher syndrome type 3B, 614504 (3), Autosomal recessive
PB.59138.483	Patient5	5	6	1596	1993	3132.832080200501	3010.536879076769	26.0	26.0	5150.84621044886	5943.536404160475	6586.796792979133	7155.277762937373	HARS1	559.0	435.0	0.008944543828264758	0.013793103448275862	0.003132832080200501	0.0030105368790767687	0.5099534312471213	0.49004656875287855	0.019906862494242783	0.6669781371762712	0.07648447981194902						Charcot-Marie-Tooth disease, axonal, type 2W, 616625 (3), Autosomal dominant; Usher syndrome type 3B, 614504 (3), Autosomal recessive
PB.59138.483	Patient6	11	7	1602	1714	6866.4169787765295	4084.014002333722	9.0	23.0	5150.84621044886	5943.536404160475	6586.796792979133	7155.277762937373	HARS1	657.0	531.0	0.0167427701674277	0.013182674199623353	0.00686641697877653	0.004084014002333722	0.6270453638419582	0.37295463615804175	0.25409072768391644	9.552012260914259	0.8124563744192456						Charcot-Marie-Tooth disease, axonal, type 2W, 616625 (3), Autosomal dominant; Usher syndrome type 3B, 614504 (3), Autosomal recessive
PB.59138.483	Patient8	7	3	1359	1179	5150.84621044886	2544.5292620865143	16.0	27.0	5150.84621044886	5943.536404160475	6586.796792979133	7155.277762937373	HARS1	410.0	257.0	0.01707317073170732	0.011673151750972763	0.0051508462104488595	0.002544529262086514	0.6693430656934306	0.33065693430656934	0.33868613138686127	12.54231098760131	1.0601510696418426						Charcot-Marie-Tooth disease, axonal, type 2W, 616625 (3), Autosomal dominant; Usher syndrome type 3B, 614504 (3), Autosomal recessive
PB.59138.483	Patient9	18	8	1722	1493	10452.961672473868	5358.338914936369	7.0	18.0	5150.84621044886	5943.536404160475	6586.796792979133	7155.277762937373	HARS1	592.0	547.0	0.030405405405405407	0.014625228519195612	0.010452961672473868	0.0053583389149363695	0.6611070110701107	0.3388929889298892	0.3222140221402215	12.870201214926979	1.0873111219801184						Charcot-Marie-Tooth disease, axonal, type 2W, 616625 (3), Autosomal dominant; Usher syndrome type 3B, 614504 (3), Autosomal recessive
PB.59138.484	Patient12	3	1	1791	2004	1675.0418760469013	499.00199600798396	8.0	18.0	0.0	538.2131324004305	1615.341774683844	1397.475271755191	HARS1	520.0	462.0	0.0057692307692307696	0.0021645021645021645	0.0016750418760469012	0.000499001996007984	0.770472895040369	0.22952710495963088	0.5409457900807381	18.692483412034118	0.7845705721304289						Charcot-Marie-Tooth disease, axonal, type 2W, 616625 (3), Autosomal dominant; Usher syndrome type 3B, 614504 (3), Autosomal recessive
PB.59138.484	Patient15	2	2	1376	2573	1453.4883720930231	777.3027594247959	9.0	14.0	0.0	538.2131324004305	1615.341774683844	1397.475271755191	HARS1	427.0	988.0	0.00468384074941452	0.0020242914979757085	0.0014534883720930232	0.000777302759424796	0.6515573562927323	0.34844264370726763	0.30311471258546463	9.478712252774978	0.39784540830094584						Charcot-Marie-Tooth disease, axonal, type 2W, 616625 (3), Autosomal dominant; Usher syndrome type 3B, 614504 (3), Autosomal recessive
PB.59138.484	Patient17	5	3	975	1227	5128.205128205128	2444.9877750611245	5.0	7.0	0.0	538.2131324004305	1615.341774683844	1397.475271755191	HARS1	401.0	543.0	0.012468827930174564	0.0055248618784530384	0.005128205128205128	0.0024449877750611247	0.6771523178807947	0.3228476821192053	0.3543046357615894	13.166807470324176	0.5526440464017136						Charcot-Marie-Tooth disease, axonal, type 2W, 616625 (3), Autosomal dominant; Usher syndrome type 3B, 614504 (3), Autosomal recessive
PB.59138.484	Patient20	6	3	1888	1738	3177.9661016949153	1726.121979286536	6.0	11.0	0.0	538.2131324004305	1615.341774683844	1397.475271755191	HARS1	715.0	781.0	0.008391608391608392	0.0038412291933418692	0.0031779661016949155	0.0017261219792865361	0.6480238627889635	0.3519761372110365	0.296047725577927	10.240803515502812	0.429832296550853						Charcot-Marie-Tooth disease, axonal, type 2W, 616625 (3), Autosomal dominant; Usher syndrome type 3B, 614504 (3), Autosomal recessive
PB.59138.484	Patient23	7	3	665	1159	10526.315789473683	2588.4383088869713	1.0	6.0	0.0	538.2131324004305	1615.341774683844	1397.475271755191	HARS1	495.0	545.0	0.014141414141414142	0.005504587155963303	0.010526315789473684	0.0025884383088869713	0.8026315789473684	0.19736842105263155	0.6052631578947368	27.036999190340904	1.1348108999684472						Charcot-Marie-Tooth disease, axonal, type 2W, 616625 (3), Autosomal dominant; Usher syndrome type 3B, 614504 (3), Autosomal recessive
PB.59138.484	Patient24	7	5	1059	1661	6610.0094428706325	3010.2347983142686	3.0	4.0	0.0	538.2131324004305	1615.341774683844	1397.475271755191	HARS1	475.0	805.0	0.014736842105263158	0.006211180124223602	0.0066100094428706326	0.0030102347983142685	0.6870937241460819	0.31290627585391795	0.374187448292164	14.397990557234131	0.6043198990747928						Charcot-Marie-Tooth disease, axonal, type 2W, 616625 (3), Autosomal dominant; Usher syndrome type 3B, 614504 (3), Autosomal recessive
PB.59138.484	Patient27	8	3	917	1439	8724.100327153763	2084.7810979847113	2.0	9.0	0.0	538.2131324004305	1615.341774683844	1397.475271755191	HARS1	324.0	534.0	0.024691358024691357	0.0056179775280898875	0.008724100327153763	0.0020847810979847115	0.8071233260884807	0.1928766739115193	0.6142466521769614	27.027719214903023	1.1344213960444278						Charcot-Marie-Tooth disease, axonal, type 2W, 616625 (3), Autosomal dominant; Usher syndrome type 3B, 614504 (3), Autosomal recessive
PB.59138.484	Patient3	1	0	1987	2019	503.27126321087064	0.0	15.0	25.5	0.0	538.2131324004305	1615.341774683844	1397.475271755191	HARS1	609.0	838.0	0.0016420361247947454	0.0	0.0005032712632108706	0.0	1.0	0.0	1.0	80.63115352051496	3.3842924374831806	1.0	1.0	1.0	1.0	2.0	Charcot-Marie-Tooth disease, axonal, type 2W, 616625 (3), Autosomal dominant; Usher syndrome type 3B, 614504 (3), Autosomal recessive
PB.59138.484	Patient9	1	0	1722	1493	580.7200929152149	0.0	13.0	25.5	0.0	538.2131324004305	1615.341774683844	1397.475271755191	HARS1	592.0	547.0	0.0016891891891891893	0.0	0.0005807200929152149	0.0	1.0	0.0	1.0	84.37194430904054	3.5413028413166425	1.0	1.0	1.0	1.0	1.0	Charcot-Marie-Tooth disease, axonal, type 2W, 616625 (3), Autosomal dominant; Usher syndrome type 3B, 614504 (3), Autosomal recessive
PB.59138.485	Patient1	1	0	1902	1717	525.7623554153522	0.0	18.0	19.5	813.6696501220504	0.0	1516.8430885559874	200.43402914662158	HARS1	573.0	643.0	0.0017452006980802793	0.0	0.0005257623554153522	0.0	1.0	0.0	1.0	81.76457159034882	0.896161996336654						Charcot-Marie-Tooth disease, axonal, type 2W, 616625 (3), Autosomal dominant; Usher syndrome type 3B, 614504 (3), Autosomal recessive
PB.59138.485	Patient15	5	0	1376	2573	3633.720930232558	0.0	5.0	19.5	813.6696501220504	0.0	1516.8430885559874	200.43402914662158	HARS1	427.0	988.0	0.0117096018735363	0.0	0.003633720930232558	0.0	1.0	0.0	1.0	139.89749901296804	1.7904072794596158						Charcot-Marie-Tooth disease, axonal, type 2W, 616625 (3), Autosomal dominant; Usher syndrome type 3B, 614504 (3), Autosomal recessive
PB.59138.485	Patient16	11	0	1395	1271	7885.304659498209	0.0	1.0	19.5	813.6696501220504	0.0	1516.8430885559874	200.43402914662158	HARS1	653.0	647.0	0.016845329249617153	0.0	0.007885304659498209	0.0	1.0	0.0	1.0	167.57885526812007	2.2162231356207553						Charcot-Marie-Tooth disease, axonal, type 2W, 616625 (3), Autosomal dominant; Usher syndrome type 3B, 614504 (3), Autosomal recessive
PB.59138.485	Patient17	5	0	975	1227	5128.205128205128	0.0	2.0	19.5	813.6696501220504	0.0	1516.8430885559874	200.43402914662158	HARS1	401.0	543.0	0.012468827930174564	0.0	0.005128205128205128	0.0	1.0	0.0	1.0	151.8972484172696	1.9749966297506						Charcot-Marie-Tooth disease, axonal, type 2W, 616625 (3), Autosomal dominant; Usher syndrome type 3B, 614504 (3), Autosomal recessive
PB.59138.485	Patient19	1	1	1229	1548	813.6696501220504	645.9948320413437	16.0	4.0	813.6696501220504	0.0	1516.8430885559874	200.43402914662158	HARS1	419.0	582.0	0.002386634844868735	0.001718213058419244	0.0008136696501220504	0.0006459948320413437	0.5574360821029888	0.44256391789701116	0.11487216420597762	3.2155097349144413	-0.7629098300019462						Charcot-Marie-Tooth disease, axonal, type 2W, 616625 (3), Autosomal dominant; Usher syndrome type 3B, 614504 (3), Autosomal recessive
PB.59138.485	Patient2	1	0	1277	1085	783.0853563038371	0.0	17.0	19.5	813.6696501220504	0.0	1516.8430885559874	200.43402914662158	HARS1	145.0	71.0	0.006896551724137931	0.0	0.0007830853563038371	0.0	1.0	0.0	1.0	92.46334543091521	1.0607387425337367						Charcot-Marie-Tooth disease, axonal, type 2W, 616625 (3), Autosomal dominant; Usher syndrome type 3B, 614504 (3), Autosomal recessive
PB.59138.485	Patient20	6	0	1888	1738	3177.9661016949153	0.0	7.0	19.5	813.6696501220504	0.0	1516.8430885559874	200.43402914662158	HARS1	715.0	781.0	0.008391608391608392	0.0	0.0031779661016949155	0.0	1.0	0.0	1.0	135.36319097664926	1.720657074997576						Charcot-Marie-Tooth disease, axonal, type 2W, 616625 (3), Autosomal dominant; Usher syndrome type 3B, 614504 (3), Autosomal recessive
PB.59138.485	Patient21	5	0	1417	1328	3528.5815102328866	0.0	6.0	19.5	813.6696501220504	0.0	1516.8430885559874	200.43402914662158	HARS1	446.0	461.0	0.011210762331838564	0.0	0.0035285815102328866	0.0	1.0	0.0	1.0	138.89767470274677	1.7750272149590423						Charcot-Marie-Tooth disease, axonal, type 2W, 616625 (3), Autosomal dominant; Usher syndrome type 3B, 614504 (3), Autosomal recessive
PB.59138.485	Patient22	5	0	1221	2106	4095.0040950040952	0.0	4.0	19.5	813.6696501220504	0.0	1516.8430885559874	200.43402914662158	HARS1	394.0	738.0	0.012690355329949238	0.0	0.004095004095004095	0.0	1.0	0.0	1.0	144.00426074229406	1.853580638658636						Charcot-Marie-Tooth disease, axonal, type 2W, 616625 (3), Autosomal dominant; Usher syndrome type 3B, 614504 (3), Autosomal recessive
PB.59138.485	Patient23	1	0	665	1159	1503.7593984962407	0.0	12.0	19.5	813.6696501220504	0.0	1516.8430885559874	200.43402914662158	HARS1	495.0	545.0	0.00202020202020202	0.0	0.0015037593984962407	0.0	1.0	0.0	1.0	111.42483593881268	1.3524189348006503						Charcot-Marie-Tooth disease, axonal, type 2W, 616625 (3), Autosomal dominant; Usher syndrome type 3B, 614504 (3), Autosomal recessive
PB.59138.485	Patient24	2	0	1059	1661	1888.5741265344666	0.0	10.0	19.5	813.6696501220504	0.0	1516.8430885559874	200.43402914662158	HARS1	475.0	805.0	0.004210526315789474	0.0	0.0018885741265344666	0.0	1.0	0.0	1.0	118.4663983428796	1.460737649250987						Charcot-Marie-Tooth disease, axonal, type 2W, 616625 (3), Autosomal dominant; Usher syndrome type 3B, 614504 (3), Autosomal recessive
PB.59138.485	Patient25	3	1	1372	1946	2186.5889212827988	513.874614594039	9.0	7.0	813.6696501220504	0.0	1516.8430885559874	200.43402914662158	HARS1	354.0	738.0	0.00847457627118644	0.0013550135501355014	0.002186588921282799	0.0005138746145940391	0.8097087378640777	0.19029126213592235	0.6194174757281554	23.15744330897994	-0.45614771039775137						Charcot-Marie-Tooth disease, axonal, type 2W, 616625 (3), Autosomal dominant; Usher syndrome type 3B, 614504 (3), Autosomal recessive
PB.59138.485	Patient26	3	0	1690	1469	1775.1479289940828	0.0	11.0	19.5	813.6696501220504	0.0	1516.8430885559874	200.43402914662158	HARS1	221.0	547.0	0.013574660633484163	0.0	0.0017751479289940828	0.0	1.0	0.0	1.0	116.530773574576	1.4309623842558512						Charcot-Marie-Tooth disease, axonal, type 2W, 616625 (3), Autosomal dominant; Usher syndrome type 3B, 614504 (3), Autosomal recessive
PB.59138.485	Patient27	4	0	917	1439	4362.0501635768815	0.0	3.0	19.5	813.6696501220504	0.0	1516.8430885559874	200.43402914662158	HARS1	324.0	534.0	0.012345679012345678	0.0	0.004362050163576881	0.0	1.0	0.0	1.0	146.1992130121998	1.8873450782123804						Charcot-Marie-Tooth disease, axonal, type 2W, 616625 (3), Autosomal dominant; Usher syndrome type 3B, 614504 (3), Autosomal recessive
PB.59138.485	Patient28	2	0	1473	1202	1357.7732518669382	0.0	13.0	19.5	813.6696501220504	0.0	1516.8430885559874	200.43402914662158	HARS1	307.0	246.0	0.006514657980456026	0.0	0.0013577732518669382	0.0	1.0	0.0	1.0	108.339363658796	1.3049558333374687						Charcot-Marie-Tooth disease, axonal, type 2W, 616625 (3), Autosomal dominant; Usher syndrome type 3B, 614504 (3), Autosomal recessive
PB.59138.485	Patient29	1	0	1044	1857	957.8544061302681	0.0	15.0	19.5	813.6696501220504	0.0	1516.8430885559874	200.43402914662158	HARS1	392.0	544.0	0.002551020408163265	0.0	0.0009578544061302681	0.0	1.0	0.0	1.0	98.1272479072872	1.1478652351795102						Charcot-Marie-Tooth disease, axonal, type 2W, 616625 (3), Autosomal dominant; Usher syndrome type 3B, 614504 (3), Autosomal recessive
PB.59138.485	Patient3	2	0	1987	2019	1006.5425264217413	0.0	14.0	19.5	813.6696501220504	0.0	1516.8430885559874	200.43402914662158	HARS1	609.0	838.0	0.003284072249589491	0.0	0.0010065425264217413	0.0	1.0	0.0	1.0	99.54732514540355	1.169709952591104						Charcot-Marie-Tooth disease, axonal, type 2W, 616625 (3), Autosomal dominant; Usher syndrome type 3B, 614504 (3), Autosomal recessive
PB.59138.485	Patient30	4	1	1658	1808	2412.5452352231605	553.0973451327434	8.0	6.0	813.6696501220504	0.0	1516.8430885559874	200.43402914662158	HARS1	429.0	512.0	0.009324009324009324	0.001953125	0.0024125452352231603	0.0005530973451327434	0.8134983127109111	0.18650168728908886	0.6269966254218222	23.856642369793327	-0.4400142859389026						Charcot-Marie-Tooth disease, axonal, type 2W, 616625 (3), Autosomal dominant; Usher syndrome type 3B, 614504 (3), Autosomal recessive
PB.59138.487	Patient1	9	7	1902	1717	4731.86119873817	4076.8782760629006	10.0	14.0	3759.398496240601	3765.0602409638554	3911.0175811724725	4131.14083226183	HARS1	573.0	643.0	0.015706806282722512	0.01088646967340591	0.00473186119873817	0.004076878276062901	0.5371780164772134	0.46282198352278653	0.07435603295442689	2.623597018995546	0.08473980416620215						Charcot-Marie-Tooth disease, axonal, type 2W, 616625 (3), Autosomal dominant; Usher syndrome type 3B, 614504 (3), Autosomal recessive
PB.59138.487	Patient12	14	7	1791	2004	7816.8620882188725	3493.013972055888	5.0	17.0	3759.398496240601	3765.0602409638554	3911.0175811724725	4131.14083226183	HARS1	520.0	462.0	0.026923076923076925	0.015151515151515152	0.007816862088218872	0.003493013972055888	0.6911536471805484	0.3088463528194516	0.3823072943610968	15.026408631966559	1.1053948754192364						Charcot-Marie-Tooth disease, axonal, type 2W, 616625 (3), Autosomal dominant; Usher syndrome type 3B, 614504 (3), Autosomal recessive
PB.59138.487	Patient13	10	8	2218	2495	4508.566275924256	3206.4128256513027	11.0	21.0	3759.398496240601	3765.0602409638554	3911.0175811724725	4131.14083226183	HARS1	548.0	488.0	0.01824817518248175	0.01639344262295082	0.004508566275924256	0.0032064128256513026	0.5843912493558814	0.4156087506441186	0.16878249871176276	5.967318619635933	0.3599021234086221						Charcot-Marie-Tooth disease, axonal, type 2W, 616625 (3), Autosomal dominant; Usher syndrome type 3B, 614504 (3), Autosomal recessive
PB.59138.487	Patient15	8	13	1376	2573	5813.953488372093	5052.467936261173	7.0	10.0	3759.398496240601	3765.0602409638554	3911.0175811724725	4131.14083226183	HARS1	427.0	988.0	0.01873536299765808	0.013157894736842105	0.005813953488372093	0.005052467936261173	0.5350384695362861	0.4649615304637138	0.07007693907257229	2.532347926703147	0.07723071254232608						Charcot-Marie-Tooth disease, axonal, type 2W, 616625 (3), Autosomal dominant; Usher syndrome type 3B, 614504 (3), Autosomal recessive
PB.59138.487	Patient16	11	9	1395	1271	7885.304659498209	7081.038552321007	4.0	4.0	3759.398496240601	3765.0602409638554	3911.0175811724725	4131.14083226183	HARS1	653.0	647.0	0.016845329249617153	0.013910355486862442	0.007885304659498209	0.007081038552321007	0.5268691588785047	0.47313084112149534	0.05373831775700938	2.008915698066146	0.03283125154992191						Charcot-Marie-Tooth disease, axonal, type 2W, 616625 (3), Autosomal dominant; Usher syndrome type 3B, 614504 (3), Autosomal recessive
PB.59138.487	Patient19	4	2	1229	1548	3254.6786004882015	1291.9896640826873	18.0	30.0	3759.398496240601	3765.0602409638554	3911.0175811724725	4131.14083226183	HARS1	419.0	582.0	0.00954653937947494	0.003436426116838488	0.0032546786004882017	0.0012919896640826874	0.7158381502890173	0.2841618497109827	0.43167630057803463	15.546243872878806	1.1481732785273064						Charcot-Marie-Tooth disease, axonal, type 2W, 616625 (3), Autosomal dominant; Usher syndrome type 3B, 614504 (3), Autosomal recessive
PB.59138.487	Patient20	10	8	1888	1738	5296.610169491525	4602.991944764097	8.0	12.0	3759.398496240601	3765.0602409638554	3911.0175811724725	4131.14083226183	HARS1	715.0	781.0	0.013986013986013986	0.010243277848911651	0.005296610169491525	0.004602991944764097	0.5350326314493289	0.46496736855067106	0.07006526289865783	2.504668460508234	0.07495290744272516						Charcot-Marie-Tooth disease, axonal, type 2W, 616625 (3), Autosomal dominant; Usher syndrome type 3B, 614504 (3), Autosomal recessive
PB.59138.487	Patient21	6	5	1417	1328	4234.297812279464	3765.0602409638554	14.0	16.0	3759.398496240601	3765.0602409638554	3911.0175811724725	4131.14083226183	HARS1	446.0	461.0	0.013452914798206279	0.010845986984815618	0.004234297812279464	0.0037650602409638554	0.5293297017205872	0.4706702982794127	0.05865940344117454	2.0411193136724153	0.03680641274000816						Charcot-Marie-Tooth disease, axonal, type 2W, 616625 (3), Autosomal dominant; Usher syndrome type 3B, 614504 (3), Autosomal recessive
PB.59138.487	Patient22	4	5	1221	2106	3276.0032760032764	2374.1690408357076	17.0	25.0	3759.398496240601	3765.0602409638554	3911.0175811724725	4131.14083226183	HARS1	394.0	738.0	0.01015228426395939	0.006775067750677507	0.003276003276003276	0.0023741690408357074	0.5798059054305182	0.42019409456948165	0.1596118108610366	5.4229226903453265	0.3151025663937538						Charcot-Marie-Tooth disease, axonal, type 2W, 616625 (3), Autosomal dominant; Usher syndrome type 3B, 614504 (3), Autosomal recessive
PB.59138.487	Patient23	7	8	665	1159	10526.315789473683	6902.502157031924	1.0	5.0	3759.398496240601	3765.0602409638554	3911.0175811724725	4131.14083226183	HARS1	495.0	545.0	0.014141414141414142	0.014678899082568808	0.010526315789473684	0.006902502157031924	0.6039603960396039	0.39603960396039606	0.20792079207920788	8.133939876069492	0.5381982260883444						Charcot-Marie-Tooth disease, axonal, type 2W, 616625 (3), Autosomal dominant; Usher syndrome type 3B, 614504 (3), Autosomal recessive
PB.59138.487	Patient27	4	4	917	1439	4362.0501635768815	2779.708130646282	13.0	22.0	3759.398496240601	3765.0602409638554	3911.0175811724725	4131.14083226183	HARS1	324.0	534.0	0.012345679012345678	0.00749063670411985	0.004362050163576881	0.002779708130646282	0.6107809847198642	0.3892190152801358	0.2215619694397284	7.858050081797346	0.5154946386746379						Charcot-Marie-Tooth disease, axonal, type 2W, 616625 (3), Autosomal dominant; Usher syndrome type 3B, 614504 (3), Autosomal recessive
PB.59138.487	Patient3	16	8	1987	2019	8052.34021137393	3962.3576027736503	3.0	15.0	3759.398496240601	3765.0602409638554	3911.0175811724725	4131.14083226183	HARS1	609.0	838.0	0.026272577996715927	0.00954653937947494	0.00805234021137393	0.00396235760277365	0.6702074688796681	0.32979253112033197	0.3404149377593361	13.272225471254245	0.9610392248814775						Charcot-Marie-Tooth disease, axonal, type 2W, 616625 (3), Autosomal dominant; Usher syndrome type 3B, 614504 (3), Autosomal recessive
PB.59138.487	Patient4	5	3	1554	1450	3217.5032175032175	2068.9655172413795	19.0	27.0	3759.398496240601	3765.0602409638554	3911.0175811724725	4131.14083226183	HARS1	420.0	453.0	0.011904761904761904	0.006622516556291391	0.0032175032175032173	0.0020689655172413794	0.6086299529885829	0.3913700470114171	0.21725990597716582	7.4201938910921434	0.47946247472114956						Charcot-Marie-Tooth disease, axonal, type 2W, 616625 (3), Autosomal dominant; Usher syndrome type 3B, 614504 (3), Autosomal recessive
PB.59138.487	Patient5	6	5	1596	1993	3759.398496240601	2508.7807325639737	16.0	23.0	3759.398496240601	3765.0602409638554	3911.0175811724725	4131.14083226183	HARS1	559.0	435.0	0.01073345259391771	0.011494252873563218	0.0037593984962406013	0.002508780732563974	0.5997592536864279	0.4002407463135721	0.1995185073728558	6.928173014644719	0.4389729777926276						Charcot-Marie-Tooth disease, axonal, type 2W, 616625 (3), Autosomal dominant; Usher syndrome type 3B, 614504 (3), Autosomal recessive
PB.59138.487	Patient6	7	7	1602	1714	4369.5380774032465	4084.014002333722	12.0	13.0	3759.398496240601	3765.0602409638554	3911.0175811724725	4131.14083226183	HARS1	657.0	531.0	0.0106544901065449	0.013182674199623353	0.004369538077403246	0.004084014002333722	0.5168878166465621	0.48311218335343786	0.033775633293124274	1.178793491820172	-0.0696376642899301						Charcot-Marie-Tooth disease, axonal, type 2W, 616625 (3), Autosomal dominant; Usher syndrome type 3B, 614504 (3), Autosomal recessive
PB.59138.487	Patient7	9	4	1726	1705	5214.368482039397	2346.041055718475	9.0	26.0	3759.398496240601	3765.0602409638554	3911.0175811724725	4131.14083226183	HARS1	605.0	431.0	0.01487603305785124	0.009280742459396751	0.005214368482039398	0.002346041055718475	0.6896939188278125	0.3103060811721875	0.379387837655625	14.224939769336773	1.0394402125072404						Charcot-Marie-Tooth disease, axonal, type 2W, 616625 (3), Autosomal dominant; Usher syndrome type 3B, 614504 (3), Autosomal recessive
PB.59138.487	Patient9	11	8	1722	1493	6387.921022067364	5358.338914936369	6.0	9.0	3759.398496240601	3765.0602409638554	3911.0175811724725	4131.14083226183	HARS1	592.0	547.0	0.018581081081081082	0.014625228519195612	0.006387921022067364	0.0053583389149363695	0.5438259545018047	0.4561740454981953	0.08765190900360942	3.204859242347812	0.13257317086604437						Charcot-Marie-Tooth disease, axonal, type 2W, 616625 (3), Autosomal dominant; Usher syndrome type 3B, 614504 (3), Autosomal recessive
PB.59138.488	Patient1	3	1	1902	1717	1577.2870662460568	582.4111822947001	8.0	14.0	726.7441860465116	0.0	1231.04416041569	865.7269389952993	HARS1	573.0	643.0	0.005235602094240838	0.0015552099533437014	0.0015772870662460567	0.0005824111822947001	0.7303275202041685	0.2696724797958316	0.4606550404083369	15.25518894521391	0.26514700482138154						Charcot-Marie-Tooth disease, axonal, type 2W, 616625 (3), Autosomal dominant; Usher syndrome type 3B, 614504 (3), Autosomal recessive
PB.59138.488	Patient14	3	0	1161	1708	2583.9793281653747	0.0	5.0	23.5	726.7441860465116	0.0	1231.04416041569	865.7269389952993	HARS1	338.0	464.0	0.008875739644970414	0.0	0.002583979328165375	0.0	1.0	0.0	1.0	128.50979374856092	2.2335997951264077						Charcot-Marie-Tooth disease, axonal, type 2W, 616625 (3), Autosomal dominant; Usher syndrome type 3B, 614504 (3), Autosomal recessive
PB.59138.488	Patient15	1	0	1376	2573	726.7441860465116	0.0	16.0	23.5	726.7441860465116	0.0	1231.04416041569	865.7269389952993	HARS1	427.0	988.0	0.00234192037470726	0.0	0.0007267441860465116	0.0	1.0	0.0	1.0	90.40735198506631	1.5713498324249426						Charcot-Marie-Tooth disease, axonal, type 2W, 616625 (3), Autosomal dominant; Usher syndrome type 3B, 614504 (3), Autosomal recessive
PB.59138.488	Patient16	2	0	1395	1271	1433.6917562724013	0.0	10.0	23.5	726.7441860465116	0.0	1231.04416041569	865.7269389952993	HARS1	653.0	647.0	0.0030627871362940277	0.0	0.0014336917562724014	0.0	1.0	0.0	1.0	109.97774984702825	1.911498511992098						Charcot-Marie-Tooth disease, axonal, type 2W, 616625 (3), Autosomal dominant; Usher syndrome type 3B, 614504 (3), Autosomal recessive
PB.59138.488	Patient17	1	0	975	1227	1025.6410256410256	0.0	13.0	23.5	726.7441860465116	0.0	1231.04416041569	865.7269389952993	HARS1	401.0	543.0	0.0024937655860349127	0.0	0.0010256410256410256	0.0	1.0	0.0	1.0	100.08838682616285	1.7396137196115717						Charcot-Marie-Tooth disease, axonal, type 2W, 616625 (3), Autosomal dominant; Usher syndrome type 3B, 614504 (3), Autosomal recessive
PB.59138.488	Patient19	7	1	1229	1548	5695.6875508543535	645.9948320413437	2.0	13.0	726.7441860465116	0.0	1231.04416041569	865.7269389952993	HARS1	419.0	582.0	0.016706443914081145	0.001718213058419244	0.005695687550854353	0.0006459948320413437	0.898135101533361	0.10186489846663904	0.7962702030667219	39.15390031844294	0.6805251271415512						Charcot-Marie-Tooth disease, axonal, type 2W, 616625 (3), Autosomal dominant; Usher syndrome type 3B, 614504 (3), Autosomal recessive
PB.59138.488	Patient20	6	0	1888	1738	3177.9661016949153	0.0	3.0	23.5	726.7441860465116	0.0	1231.04416041569	865.7269389952993	HARS1	715.0	781.0	0.008391608391608392	0.0	0.0031779661016949155	0.0	1.0	0.0	1.0	135.36319097664926	2.352717149516757	1.0	1.0	1.0	1.0	1.0	Charcot-Marie-Tooth disease, axonal, type 2W, 616625 (3), Autosomal dominant; Usher syndrome type 3B, 614504 (3), Autosomal recessive
PB.59138.488	Patient21	1	0	1417	1328	705.7163020465773	0.0	17.0	23.5	726.7441860465116	0.0	1231.04416041569	865.7269389952993	HARS1	446.0	461.0	0.002242152466367713	0.0	0.0007057163020465773	0.0	1.0	0.0	1.0	89.6052942972416	1.5574094483114174						Charcot-Marie-Tooth disease, axonal, type 2W, 616625 (3), Autosomal dominant; Usher syndrome type 3B, 614504 (3), Autosomal recessive
PB.59138.488	Patient23	1	0	665	1159	1503.7593984962407	0.0	9.0	23.5	726.7441860465116	0.0	1231.04416041569	865.7269389952993	HARS1	495.0	545.0	0.00202020202020202	0.0	0.0015037593984962407	0.0	1.0	0.0	1.0	111.42483593881268	1.936649989586592						Charcot-Marie-Tooth disease, axonal, type 2W, 616625 (3), Autosomal dominant; Usher syndrome type 3B, 614504 (3), Autosomal recessive
PB.59138.488	Patient26	2	0	1690	1469	1183.4319526627219	0.0	12.0	23.5	726.7441860465116	0.0	1231.04416041569	865.7269389952993	HARS1	221.0	547.0	0.00904977375565611	0.0	0.001183431952662722	0.0	1.0	0.0	1.0	104.25611444549705	1.8120520551278623						Charcot-Marie-Tooth disease, axonal, type 2W, 616625 (3), Autosomal dominant; Usher syndrome type 3B, 614504 (3), Autosomal recessive
PB.59138.488	Patient27	2	0	917	1439	2181.0250817884407	0.0	7.0	23.5	726.7441860465116	0.0	1231.04416041569	865.7269389952993	HARS1	324.0	534.0	0.006172839506172839	0.0	0.0021810250817884407	0.0	1.0	0.0	1.0	123.0276384820221	2.1383156885769066						Charcot-Marie-Tooth disease, axonal, type 2W, 616625 (3), Autosomal dominant; Usher syndrome type 3B, 614504 (3), Autosomal recessive
PB.59138.488	Patient28	2	0	1473	1202	1357.7732518669382	0.0	11.0	23.5	726.7441860465116	0.0	1231.04416041569	865.7269389952993	HARS1	307.0	246.0	0.006514657980456026	0.0	0.0013577732518669382	0.0	1.0	0.0	1.0	108.339363658796	1.8830220904865622						Charcot-Marie-Tooth disease, axonal, type 2W, 616625 (3), Autosomal dominant; Usher syndrome type 3B, 614504 (3), Autosomal recessive
PB.59138.488	Patient3	6	0	1987	2019	3019.627579265224	0.0	4.0	23.5	726.7441860465116	0.0	1231.04416041569	865.7269389952993	HARS1	609.0	838.0	0.009852216748768473	0.0	0.003019627579265224	0.0	1.0	0.0	1.0	133.6537468658764	2.323005686256043					1.0	Charcot-Marie-Tooth disease, axonal, type 2W, 616625 (3), Autosomal dominant; Usher syndrome type 3B, 614504 (3), Autosomal recessive
PB.59138.488	Patient4	10	1	1554	1450	6435.006435006435	689.655172413793	1.0	11.0	726.7441860465116	0.0	1231.04416041569	865.7269389952993	HARS1	420.0	453.0	0.023809523809523808	0.002207505518763797	0.006435006435006435	0.000689655172413793	0.9032016942817989	0.09679830571820107	0.8064033885635978	40.74162388231253	0.7081209929781672						Charcot-Marie-Tooth disease, axonal, type 2W, 616625 (3), Autosomal dominant; Usher syndrome type 3B, 614504 (3), Autosomal recessive
PB.59138.501	Patient2	74	0	1277	1085	57948.316366483945	0.0	1.0	16.0	0.0	0.0	1869.300527951095	0.0	HARS1	145.0	71.0	0.5103448275862069	0.0	0.05794831636648395	0.0	1.0	0.0	1.0	250.3520274138196	5.567764362830022	1.0	1.0	1.0	1.0	1.0	Charcot-Marie-Tooth disease, axonal, type 2W, 616625 (3), Autosomal dominant; Usher syndrome type 3B, 614504 (3), Autosomal recessive
PB.59138.526	Patient1	1	0	1902	1717	525.7623554153522	0.0	19.0	23.0	728.862973760933	0.0	2209.778819577161	1444.6998029576428	HARS1	573.0	643.0	0.0017452006980802793	0.0	0.0005257623554153522	0.0	1.0	0.0	1.0	81.76457159034882	1.6669186738109012						Charcot-Marie-Tooth disease, axonal, type 2W, 616625 (3), Autosomal dominant; Usher syndrome type 3B, 614504 (3), Autosomal recessive
PB.59138.526	Patient10	20	10	1394	2180	14347.202295552368	4587.155963302753	2.0	4.0	728.862973760933	0.0	2209.778819577161	1444.6998029576428	HARS1	402.0	561.0	0.04975124378109453	0.017825311942959002	0.014347202295552367	0.0045871559633027525	0.7577337504344803	0.24226624956551965	0.5154675008689606	22.71367679654291	0.45997956077501345						Charcot-Marie-Tooth disease, axonal, type 2W, 616625 (3), Autosomal dominant; Usher syndrome type 3B, 614504 (3), Autosomal recessive
PB.59138.526	Patient11	21	18	1367	2226	15362.106803218727	8086.253369272237	1.0	2.0	728.862973760933	0.0	2209.778819577161	1444.6998029576428	HARS1	252.0	431.0	0.08333333333333333	0.04176334106728538	0.015362106803218726	0.008086253369272238	0.6551463168516649	0.34485368314833503	0.3102926337033299	12.874637070187957	0.2588797819838996						Charcot-Marie-Tooth disease, axonal, type 2W, 616625 (3), Autosomal dominant; Usher syndrome type 3B, 614504 (3), Autosomal recessive
PB.59138.526	Patient12	21	23	1791	2004	11725.293132328308	11477.045908183632	3.0	1.0	728.862973760933	0.0	2209.778819577161	1444.6998029576428	HARS1	520.0	462.0	0.04038461538461539	0.049783549783549784	0.011725293132328308	0.011477045908183632	0.5053496163406462	0.4946503836593537	0.010699232681292525	0.41728745594054967	-0.040413372392968314						Charcot-Marie-Tooth disease, axonal, type 2W, 616625 (3), Autosomal dominant; Usher syndrome type 3B, 614504 (3), Autosomal recessive
PB.59138.526	Patient15	1	0	1376	2573	726.7441860465116	0.0	17.0	23.0	728.862973760933	0.0	2209.778819577161	1444.6998029576428	HARS1	427.0	988.0	0.00234192037470726	0.0	0.0007267441860465116	0.0	1.0	0.0	1.0	90.40735198506631	1.843568151184417						Charcot-Marie-Tooth disease, axonal, type 2W, 616625 (3), Autosomal dominant; Usher syndrome type 3B, 614504 (3), Autosomal recessive
PB.59138.526	Patient18	1	0	988	1387	1012.1457489878543	0.0	13.0	23.0	728.862973760933	0.0	2209.778819577161	1444.6998029576428	HARS1	325.0	594.0	0.003076923076923077	0.0	0.0010121457489878543	0.0	1.0	0.0	1.0	99.70696754850943	2.033642658927424						Charcot-Marie-Tooth disease, axonal, type 2W, 616625 (3), Autosomal dominant; Usher syndrome type 3B, 614504 (3), Autosomal recessive
PB.59138.526	Patient21	1	0	1417	1328	705.7163020465773	0.0	18.0	23.0	728.862973760933	0.0	2209.778819577161	1444.6998029576428	HARS1	446.0	461.0	0.002242152466367713	0.0	0.0007057163020465773	0.0	1.0	0.0	1.0	89.6052942972416	1.8271749229746335						Charcot-Marie-Tooth disease, axonal, type 2W, 616625 (3), Autosomal dominant; Usher syndrome type 3B, 614504 (3), Autosomal recessive
PB.59138.526	Patient23	1	0	665	1159	1503.7593984962407	0.0	8.0	23.0	728.862973760933	0.0	2209.778819577161	1444.6998029576428	HARS1	495.0	545.0	0.00202020202020202	0.0	0.0015037593984962407	0.0	1.0	0.0	1.0	111.42483593881268	2.273143749148793						Charcot-Marie-Tooth disease, axonal, type 2W, 616625 (3), Autosomal dominant; Usher syndrome type 3B, 614504 (3), Autosomal recessive
PB.59138.526	Patient25	1	1	1372	1946	728.862973760933	513.874614594039	16.0	14.0	728.862973760933	0.0	2209.778819577161	1444.6998029576428	HARS1	354.0	738.0	0.002824858757062147	0.0013550135501355014	0.0007288629737609329	0.0005138746145940391	0.5864978902953586	0.41350210970464135	0.17299578059071724	4.789117068423362	0.09362012972224884						Charcot-Marie-Tooth disease, axonal, type 2W, 616625 (3), Autosomal dominant; Usher syndrome type 3B, 614504 (3), Autosomal recessive
PB.59138.526	Patient29	4	1	1044	1857	3831.4176245210724	538.5029617662897	5.0	13.0	728.862973760933	0.0	2209.778819577161	1444.6998029576428	HARS1	392.0	544.0	0.01020408163265306	0.001838235294117647	0.0038314176245210726	0.0005385029617662897	0.8767705382436259	0.12322946175637393	0.753541076487252	33.67225813602647	0.6839616102967301						Charcot-Marie-Tooth disease, axonal, type 2W, 616625 (3), Autosomal dominant; Usher syndrome type 3B, 614504 (3), Autosomal recessive
PB.59138.526	Patient3	2	0	1987	2019	1006.5425264217413	0.0	14.0	23.0	728.862973760933	0.0	2209.778819577161	1444.6998029576428	HARS1	609.0	838.0	0.003284072249589491	0.0	0.0010065425264217413	0.0	1.0	0.0	1.0	99.54732514540355	2.0303797335969898						Charcot-Marie-Tooth disease, axonal, type 2W, 616625 (3), Autosomal dominant; Usher syndrome type 3B, 614504 (3), Autosomal recessive
PB.59138.526	Patient30	2	0	1658	1808	1206.2726176115802	0.0	11.0	23.0	728.862973760933	0.0	2209.778819577161	1444.6998029576428	HARS1	429.0	512.0	0.004662004662004662	0.0	0.0012062726176115801	0.0	1.0	0.0	1.0	104.81936760362261	2.138134819622848						Charcot-Marie-Tooth disease, axonal, type 2W, 616625 (3), Autosomal dominant; Usher syndrome type 3B, 614504 (3), Autosomal recessive
PB.59138.526	Patient31	2	0	966	1858	2070.393374741201	0.0	7.0	23.0	728.862973760933	0.0	2209.778819577161	1444.6998029576428	HARS1	127.0	537.0	0.015748031496062992	0.0	0.002070393374741201	0.0	1.0	0.0	1.0	121.36842796245614	2.476380468580618						Charcot-Marie-Tooth disease, axonal, type 2W, 616625 (3), Autosomal dominant; Usher syndrome type 3B, 614504 (3), Autosomal recessive
PB.59138.526	Patient4	2	0	1554	1450	1287.001287001287	0.0	10.0	23.0	728.862973760933	0.0	2209.778819577161	1444.6998029576428	HARS1	420.0	453.0	0.004761904761904762	0.0	0.001287001287001287	0.0	1.0	0.0	1.0	106.73944053842546	2.1773791212204294						Charcot-Marie-Tooth disease, axonal, type 2W, 616625 (3), Autosomal dominant; Usher syndrome type 3B, 614504 (3), Autosomal recessive
PB.59138.526	Patient7	6	2	1726	1705	3476.2456546929316	1173.0205278592375	6.0	10.0	728.862973760933	0.0	2209.778819577161	1444.6998029576428	HARS1	605.0	431.0	0.009917355371900827	0.004640371229698376	0.0034762456546929316	0.0011730205278592375	0.7476977050138869	0.2523022949861132	0.4953954100277737	18.42838302404244	0.37239259561657095						Charcot-Marie-Tooth disease, axonal, type 2W, 616625 (3), Autosomal dominant; Usher syndrome type 3B, 614504 (3), Autosomal recessive
PB.59138.526	Patient9	2	0	1722	1493	1161.4401858304298	0.0	12.0	23.0	728.862973760933	0.0	2209.778819577161	1444.6998029576428	HARS1	592.0	547.0	0.0033783783783783786	0.0	0.0011614401858304297	0.0	1.0	0.0	1.0	103.70491521479883	2.1153565673646146						Charcot-Marie-Tooth disease, axonal, type 2W, 616625 (3), Autosomal dominant; Usher syndrome type 3B, 614504 (3), Autosomal recessive
PB.70308.12	Patient10	94	96	1394	2180	67431.85078909612	44036.69724770643	10.0	22.0	53201.08205590622	52974.73512632437	55866.81242785061	62448.41442168233	VTA1	741.0	1255.0	0.12685560053981107	0.07649402390438247	0.06743185078909612	0.044036697247706424	0.6049406041140212	0.3950593958859788	0.20988120822804235	9.86071809863819	1.099425417025692						
PB.70308.12	Patient12	100	87	1791	2004	55834.72920156337	43413.17365269461	14.0	25.0	53201.08205590622	52974.73512632437	55866.81242785061	62448.41442168233	VTA1	1046.0	1180.0	0.09560229445506692	0.07372881355932204	0.05583472920156337	0.04341317365269461	0.5625784283175704	0.43742157168242957	0.12515685663514087	5.724474796113163	0.7096483564987118						
PB.70308.12	Patient13	118	109	2218	2495	53201.08205590622	43687.374749499	16.0	23.0	53201.08205590622	52974.73512632437	55866.81242785061	62448.41442168233	VTA1	1281.0	1283.0	0.09211553473848556	0.08495713172252534	0.05320108205590622	0.043687374749499	0.5490961855523974	0.45090381444760264	0.09819237110479473	4.46224125365605	0.590702336186718						
PB.70308.12	Patient15	76	132	1376	2573	55232.558139534885	51301.982122036534	15.0	17.0	53201.08205590622	52974.73512632437	55866.81242785061	62448.41442168233	VTA1	613.0	1275.0	0.12398042414355628	0.10352941176470588	0.055232558139534885	0.05130198212203654	0.5184474256323242	0.48155257436767596	0.0368948512646482	1.6777621912809528	0.3283081817207718						
PB.70308.12	Patient17	60	65	975	1227	61538.46153846154	52974.73512632437	11.0	16.0	53201.08205590622	52974.73512632437	55866.81242785061	62448.41442168233	VTA1	503.0	645.0	0.11928429423459244	0.10077519379844961	0.06153846153846154	0.05297473512632437	0.5373918756158984	0.46260812438410165	0.07478375123179676	3.439263029976066	0.49430243515437705						
PB.70308.12	Patient20	148	86	1888	1738	78389.83050847458	49482.16340621404	6.0	19.0	53201.08205590622	52974.73512632437	55866.81242785061	62448.41442168233	VTA1	1110.0	862.0	0.13333333333333333	0.09976798143851508	0.07838983050847458	0.04948216340621404	0.6130336136055978	0.3869663863944022	0.22606722721119565	10.79147751579511	1.1871351195607824						
PB.70308.12	Patient25	95	89	1372	1946	69241.98250728863	45734.84069886948	9.0	20.0	53201.08205590622	52974.73512632437	55866.81242785061	62448.41442168233	VTA1	664.0	856.0	0.1430722891566265	0.10397196261682243	0.06924198250728864	0.045734840698869475	0.6022255666529849	0.39777443334701507	0.2044511333059698	9.620992208748259	1.0768349536850879						
PB.70308.12	Patient27	82	86	917	1439	89422.02835332607	59763.724808895066	5.0	13.0	53201.08205590622	52974.73512632437	55866.81242785061	62448.41442168233	VTA1	476.0	847.0	0.1722689075630252	0.10153482880755609	0.08942202835332606	0.059763724808895066	0.5994005892512445	0.40059941074875544	0.19880117850248907	9.562298890976725	1.0713040148112554						
PB.70308.12	Patient3	99	88	1987	2019	49823.8550578762	43585.93363051015	19.0	24.0	53201.08205590622	52974.73512632437	55866.81242785061	62448.41442168233	VTA1	999.0	1000.0	0.0990990990990991	0.088	0.0498238550578762	0.04358593363051015	0.5333900842457511	0.466609915754249	0.06678016849150209	3.0112193712002493	0.4539659300476777						
PB.70308.12	Patient5	113	115	1596	1993	70802.00501253133	57701.9568489714	8.0	14.0	53201.08205590622	52974.73512632437	55866.81242785061	62448.41442168233	VTA1	676.0	862.0	0.16715976331360946	0.1334106728538283	0.07080200501253132	0.0577019568489714	0.5509713785232502	0.44902862147674977	0.10194275704650041	4.755569236252542	0.6183439690560838						
PB.70308.12	Patient6	157	114	1602	1714	98002.49687890138	66511.08518086348	2.0	11.0	53201.08205590622	52974.73512632437	55866.81242785061	62448.41442168233	VTA1	866.0	1080.0	0.1812933025404157	0.10555555555555556	0.09800249687890138	0.06651108518086347	0.5957106741697401	0.4042893258302599	0.1914213483394802	9.27212666947347	1.043959763694529						
PB.70308.12	Patient7	82	76	1726	1705	47508.690614136736	44574.78005865103	21.0	21.0	53201.08205590622	52974.73512632437	55866.81242785061	62448.41442168233	VTA1	856.0	889.0	0.09579439252336448	0.08548931383577053	0.047508690614136734	0.04457478005865103	0.5159307122877196	0.4840692877122803	0.03186142457543928	1.428714755818547	0.3048393066507149						
PB.70308.12	Patient8	82	42	1359	1179	60338.48417954378	35623.40966921119	13.0	28.0	53201.08205590622	52974.73512632437	55866.81242785061	62448.41442168233	VTA1	726.0	648.0	0.11294765840220386	0.06481481481481481	0.06033848417954378	0.035623409669211195	0.6287754624209787	0.3712245375790213	0.2575509248419574	12.073189318360232	1.3079166651099994						
PB.70308.15	Patient1	5	3	1902	1717	2628.8117770767612	1747.2335468841002	9.0	15.0	1463.057790782736	1663.8935108153078	1704.4541887687446	2080.9961404482333	VTA1	1133.0	979.0	0.00441306266548985	0.0030643513789581204	0.0026288117770767614	0.0017472335468841002	0.6007277307396263	0.3992722692603736	0.20145546147925264	6.69250123432527	0.3075476969567373						
PB.70308.15	Patient10	5	1	1394	2180	3586.800573888092	458.7155963302753	3.0	30.0	1463.057790782736	1663.8935108153078	1704.4541887687446	2080.9961404482333	VTA1	741.0	1255.0	0.006747638326585695	0.0007968127490039841	0.003586800573888092	0.00045871559633027525	0.886611355132585	0.11338864486741501	0.7732227102651701	35.00610345359219	1.5440961247346972						
PB.70308.15	Patient11	2	0	1367	2226	1463.057790782736	0.0	16.0	31.0	1463.057790782736	1663.8935108153078	1704.4541887687446	2080.9961404482333	VTA1	810.0	640.0	0.0024691358024691358	0.0	0.001463057790782736	0.0	1.0	0.0	1.0	110.59149958122718	4.845159762656404						
PB.70308.15	Patient12	1	1	1791	2004	558.3472920156337	499.00199600798396	24.0	29.0	1463.057790782736	1663.8935108153078	1704.4541887687446	2080.9961404482333	VTA1	1046.0	1180.0	0.0009560229445506692	0.000847457627118644	0.0005583472920156337	0.000499001996007984	0.5280632411067194	0.47193675889328063	0.0561264822134388	1.4773582049228504	0.07978519384236962						
PB.70308.15	Patient13	2	2	2218	2495	901.7132551848512	801.6032064128257	20.0	24.0	1463.057790782736	1663.8935108153078	1704.4541887687446	2080.9961404482333	VTA1	1281.0	1283.0	0.00156128024980484	0.001558846453624318	0.0009017132551848512	0.0008016032064128256	0.5293868024612773	0.4706131975387227	0.05877360492255462	1.6652368958577546	0.08799047616884259						
PB.70308.15	Patient17	2	2	975	1227	2051.2820512820513	1629.9918500407498	14.0	17.0	1463.057790782736	1663.8935108153078	1704.4541887687446	2080.9961404482333	VTA1	503.0	645.0	0.003976143141153081	0.0031007751937984496	0.0020512820512820513	0.0016299918500407497	0.5572207084468666	0.4427792915531335	0.11444141689373305	3.647505711900285	0.17456269573060113						
PB.70308.15	Patient18	3	2	988	1387	3036.4372469635628	1441.9610670511895	5.0	18.0	1463.057790782736	1663.8935108153078	1704.4541887687446	2080.9961404482333	VTA1	483.0	699.0	0.006211180124223602	0.002861230329041488	0.003036437246963563	0.0014419610670511895	0.6780185758513932	0.3219814241486068	0.35603715170278644	12.423171542562176	0.5578249772860523						
PB.70308.15	Patient2	3	2	1277	1085	2349.2560689115116	1843.3179723502303	11.0	14.0	1463.057790782736	1663.8935108153078	1704.4541887687446	2080.9961404482333	VTA1	1009.0	937.0	0.002973240832507433	0.0021344717182497333	0.0023492560689115116	0.0018433179723502304	0.5603374074711656	0.4396625925288346	0.12067481494233095	3.916707898925627	0.18631964345285365						
PB.70308.15	Patient22	3	5	1221	2106	2457.002457002457	2374.1690408357076	10.0	11.0	1463.057790782736	1663.8935108153078	1704.4541887687446	2080.9961404482333	VTA1	754.0	1319.0	0.003978779840848806	0.0037907505686125853	0.002457002457002457	0.0023741690408357074	0.5085728085003622	0.49142719149963776	0.017145617000724478	0.5570671827976057	0.039593048466647546						
PB.70308.15	Patient23	2	3	665	1159	3007.5187969924814	2588.4383088869713	6.0	8.0	1463.057790782736	1663.8935108153078	1704.4541887687446	2080.9961404482333	VTA1	127.0	581.0	0.015748031496062992	0.0051635111876075735	0.0030075187969924814	0.0025884383088869713	0.5374449339207048	0.4625550660792951	0.07488986784140972	2.500734508899433	0.12447941359962618						
PB.70308.15	Patient24	3	4	1059	1661	2832.8611898016998	2408.187838651415	8.0	10.0	1463.057790782736	1663.8935108153078	1704.4541887687446	2080.9961404482333	VTA1	548.0	804.0	0.005474452554744526	0.004975124378109453	0.0028328611898017	0.002408187838651415	0.5405141555483242	0.4594858444516759	0.08102831109664826	2.6863091532854644	0.13258407061126032						
PB.70308.15	Patient25	5	7	1372	1946	3644.3148688046645	3597.1223021582737	2.0	5.0	1463.057790782736	1663.8935108153078	1704.4541887687446	2080.9961404482333	VTA1	664.0	856.0	0.007530120481927711	0.008177570093457943	0.0036443148688046646	0.0035971223021582736	0.503258508327299	0.496741491672701	0.006517016654598029	0.2224364432426374	0.02481881806706087						
PB.70308.15	Patient27	6	5	917	1439	6543.075245365321	3474.6351633078525	1.0	6.0	1463.057790782736	1663.8935108153078	1704.4541887687446	2080.9961404482333	VTA1	476.0	847.0	0.012605042016806723	0.0059031877213695395	0.006543075245365322	0.0034746351633078527	0.653150767834178	0.3468492321658219	0.3063015356683561	11.572258371793831	0.5206627915867295						
PB.70308.15	Patient3	2	2	1987	2019	1006.5425264217413	990.5894006934126	19.0	23.0	1463.057790782736	1663.8935108153078	1704.4541887687446	2080.9961404482333	VTA1	999.0	1000.0	0.002002002002002002	0.002	0.0010065425264217413	0.0009905894006934125	0.5039940089865202	0.49600599101347975	0.007988017973040495	0.22975450316683546	0.025298223800579347						
PB.70308.15	Patient7	2	1	1726	1705	1158.7485515643104	586.5102639296188	18.0	28.0	1463.057790782736	1663.8935108153078	1704.4541887687446	2080.9961404482333	VTA1	856.0	889.0	0.002336448598130841	0.0011248593925759281	0.0011587485515643105	0.0005865102639296188	0.6639408099688473	0.33605919003115264	0.32788161993769466	9.988687442362387	0.45150302421065047						
PB.70308.15	Patient9	2	1	1722	1493	1161.4401858304298	669.7923643670462	17.0	27.0	1463.057790782736	1663.8935108153078	1704.4541887687446	2080.9961404482333	VTA1	1124.0	909.0	0.0017793594306049821	0.0011001100110011	0.0011614401858304297	0.0006697923643670462	0.6342395921835174	0.36576040781648256	0.2684791843670349	8.078279114070826	0.3680691892479152						
PB.70308.16	Patient1	246	215	1902	1717	129337.53943217665	125218.4041933605	13.0	11.0	120689.6551724138	116909.18213748118	138557.387237657	129259.77389098969	VTA1	1133.0	979.0	0.21712268314210062	0.21961184882533197	0.12933753943217666	0.1252184041933605	0.5080908251053757	0.49190917489462443	0.016181650210751297	0.7929030468467781	0.08262266873297044						
PB.70308.16	Patient10	207	262	1394	2180	148493.54375896702	120183.48623853212	11.0	15.0	120689.6551724138	116909.18213748118	138557.387237657	129259.77389098969	VTA1	741.0	1255.0	0.2793522267206478	0.20876494023904382	0.148493543758967	0.12018348623853212	0.5526841790693802	0.44731582093062	0.10536835813876017	5.24265410772056	0.4155355482365017						
PB.70308.16	Patient11	383	183	1367	2226	280175.56693489396	82210.24258760108	2.0	29.0	120689.6551724138	116909.18213748118	138557.387237657	129259.77389098969	VTA1	810.0	640.0	0.4728395061728395	0.2859375	0.2801755669348939	0.08221024258760108	0.773141661656324	0.22685833834367597	0.5462833233126481	32.01050166596137	2.418200660692394						
PB.70308.16	Patient12	326	360	1791	2004	182021.21719709662	179640.71856287424	7.0	4.0	120689.6551724138	116909.18213748118	138557.387237657	129259.77389098969	VTA1	1046.0	1180.0	0.31166347992351817	0.3050847457627119	0.1820212171970966	0.17964071856287425	0.503291054986503	0.496708945013497	0.006582109973005956	0.331863874167714	0.04812953047854109						
PB.70308.16	Patient13	516	445	2218	2495	232642.01983769162	178356.7134268537	3.0	5.0	120689.6551724138	116909.18213748118	138557.387237657	129259.77389098969	VTA1	1281.0	1283.0	0.4028103044496487	0.34684333593141076	0.23264201983769162	0.17835671342685372	0.5660407222908597	0.43395927770914033	0.13208144458171933	6.834171792930868	0.5346066441508237						
PB.70308.16	Patient14	143	208	1161	1708	123169.68130921619	121779.85948477751	15.0	14.0	120689.6551724138	116909.18213748118	138557.387237657	129259.77389098969	VTA1	693.0	1194.0	0.20634920634920634	0.17420435510887772	0.1231696813092162	0.12177985948477751	0.5028369553580987	0.49716304464190125	0.005673910716197439	0.2768469500584603	0.044013380524066496						
PB.70308.16	Patient17	117	126	975	1227	120000.0	102689.48655256724	17.0	21.0	120689.6551724138	116909.18213748118	138557.387237657	129259.77389098969	VTA1	503.0	645.0	0.23260437375745527	0.19534883720930232	0.12	0.10268948655256724	0.538866930171278	0.46113306982872204	0.07773386034255592	3.792036066869492	0.30700600974482056						
PB.70308.16	Patient19	134	157	1229	1548	109031.73311635476	101421.18863049096	18.0	22.0	120689.6551724138	116909.18213748118	138557.387237657	129259.77389098969	VTA1	725.0	912.0	0.18482758620689654	0.17214912280701755	0.10903173311635476	0.10142118863049096	0.5180813467037976	0.4819186532962024	0.03616269340759515	1.7468721897170256	0.15399488932817965						
PB.70308.16	Patient22	243	210	1221	2106	199017.19901719902	99715.09971509971	4.0	24.0	120689.6551724138	116909.18213748118	138557.387237657	129259.77389098969	VTA1	754.0	1319.0	0.3222811671087533	0.15921152388172857	0.19901719901719903	0.09971509971509972	0.666205829974693	0.333794170025307	0.33241165994938604	17.54977569899428	1.3363059983808439						
PB.70308.16	Patient25	121	133	1372	1946	88192.4198250729	68345.3237410072	26.0	31.0	120689.6551724138	116909.18213748118	138557.387237657	129259.77389098969	VTA1	664.0	856.0	0.1822289156626506	0.15537383177570094	0.08819241982507289	0.0683453237410072	0.5633939637557365	0.4366060362442636	0.1267879275114729	6.042485029874698	0.4753757531755195						
PB.70308.16	Patient26	331	155	1690	1469	195857.9881656805	105513.95507147719	5.0	19.0	120689.6551724138	116909.18213748118	138557.387237657	129259.77389098969	VTA1	775.0	695.0	0.4270967741935484	0.22302158273381295	0.19585798816568048	0.10551395507147719	0.649887929386826	0.35011207061317395	0.2997758587736521	15.68734765328162	1.1969664544188983						
PB.70308.16	Patient3	213	186	1987	2019	107196.77906391546	92124.81426448737	20.0	26.0	120689.6551724138	116909.18213748118	138557.387237657	129259.77389098969	VTA1	999.0	1000.0	0.2132132132132132	0.186	0.10719677906391545	0.09212481426448738	0.5378081585335199	0.4621918414664801	0.0756163170670398	3.652751122682917	0.2965852578406599						
PB.70308.16	Patient31	388	321	966	1858	401656.31469979294	172766.4155005382	1.0	6.0	120689.6551724138	116909.18213748118	138557.387237657	129259.77389098969	VTA1	673.0	1178.0	0.5765230312035661	0.27249575551782684	0.40165631469979296	0.1727664155005382	0.6992347161466164	0.30076528385338364	0.39846943229323273	22.657690981383503	1.7184601372657209						
PB.70308.16	Patient4	193	146	1554	1450	124195.6241956242	100689.6551724138	14.0	23.0	120689.6551724138	116909.18213748118	138557.387237657	129259.77389098969	VTA1	920.0	891.0	0.20978260869565218	0.1638608305274972	0.1241956241956242	0.1006896551724138	0.5522621335848789	0.44773786641512114	0.10452426716975771	5.122308636541653	0.4065317732393647						
PB.70308.16	Patient9	243	164	1722	1493	141114.9825783972	109845.94775619557	12.0	18.0	120689.6551724138	116909.18213748118	138557.387237657	129259.77389098969	VTA1	1124.0	909.0	0.21619217081850534	0.18041804180418042	0.14111498257839722	0.10984594775619558	0.5622986111434005	0.43770138885659954	0.12459722228680098	6.182071667219364	0.48581907657561607						
PB.70308.18	Patient1	102	86	1902	1717	53627.76025236593	50087.361677344205	15.0	19.0	51724.137931034486	53097.345132743365	52791.50510828705	54522.69352716771	VTA1	1133.0	979.0	0.09002647837599294	0.08784473953013279	0.05362776025236593	0.050087361677344205	0.5170678995943384	0.48293210040566154	0.034135799188676874	1.5480030559655686	0.26214433509190466						
PB.70308.18	Patient11	74	52	1367	2226	54133.13825896123	23360.28751123091	14.0	31.0	51724.137931034486	53097.345132743365	52791.50510828705	54522.69352716771	VTA1	810.0	640.0	0.09135802469135802	0.08125	0.05413313825896123	0.02336028751123091	0.698551363821414	0.30144863617858597	0.39710272764282806	19.064411336230553	2.572253674864895						
PB.70308.18	Patient16	65	56	1395	1271	46594.98207885305	44059.79543666404	22.0	25.0	51724.137931034486	53097.345132743365	52791.50510828705	54522.69352716771	VTA1	641.0	567.0	0.10140405616224649	0.09876543209876543	0.04659498207885305	0.044059795436664044	0.5139826422372228	0.4860173577627772	0.027965284474445573	1.2516468305924806	0.22306010771033763						
PB.70308.18	Patient18	42	46	988	1387	42510.12145748988	33165.10454217736	26.0	30.0	51724.137931034486	53097.345132743365	52791.50510828705	54522.69352716771	VTA1	483.0	699.0	0.08695652173913043	0.06580829756795423	0.04251012145748988	0.03316510454217736	0.561744228655185	0.43825577134481497	0.12348845731037006	5.506470296286186	0.7841972580848448						
PB.70308.18	Patient19	79	92	1229	1548	64279.90235964198	59431.524547803616	7.0	13.0	51724.137931034486	53097.345132743365	52791.50510828705	54522.69352716771	VTA1	725.0	912.0	0.10896551724137932	0.10087719298245613	0.06427990235964198	0.059431524547803614	0.5195955132562882	0.4804044867437117	0.03919102651257644	1.8070465635849038	0.29630766451333607						
PB.70308.18	Patient24	72	92	1059	1661	67988.6685552408	55388.32028898254	5.0	15.0	51724.137931034486	53097.345132743365	52791.50510828705	54522.69352716771	VTA1	548.0	804.0	0.13138686131386862	0.11442786069651742	0.0679886685552408	0.055388320288982544	0.5510644180259884	0.44893558197401157	0.10212883605197681	4.747010272433486	0.6840377010446613						
PB.70308.18	Patient25	77	77	1372	1946	56122.448979591834	39568.34532374101	11.0	28.0	51724.137931034486	53097.345132743365	52791.50510828705	54522.69352716771	VTA1	664.0	856.0	0.11596385542168675	0.08995327102803738	0.05612244897959184	0.039568345323741004	0.5864978902953587	0.41350210970464135	0.17299578059071735	7.95475452108345	1.1070833294545783						
PB.70308.18	Patient26	77	56	1690	1469	45562.130177514795	38121.1708645337	25.0	29.0	51724.137931034486	53097.345132743365	52791.50510828705	54522.69352716771	VTA1	775.0	695.0	0.09935483870967741	0.08057553956834532	0.045562130177514794	0.0381211708645337	0.5444590451160753	0.45554095488392465	0.08891809023215069	3.9808933395364416	0.5830002135799695						
PB.70308.18	Patient27	50	75	917	1439	54525.627044711015	52119.527449617795	13.0	18.0	51724.137931034486	53097.345132743365	52791.50510828705	54522.69352716771	VTA1	476.0	847.0	0.10504201680672269	0.0885478158205431	0.05452562704471101	0.05211952744961779	0.5112808669390655	0.48871913306093445	0.02256173387813104	1.0244742003593623	0.19309999223200716						
PB.70308.18	Patient28	107	79	1473	1202	72640.8689748812	65723.79367720465	2.0	6.0	51724.137931034486	53097.345132743365	52791.50510828705	54522.69352716771	VTA1	851.0	786.0	0.12573443008225618	0.1005089058524173	0.0726408689748812	0.06572379367720466	0.5249958160020574	0.47500418399794264	0.04999163200411472	2.3312606609344506	0.3654423788310099						
PB.70308.18	Patient3	111	101	1987	2019	55863.11021640664	50024.764735017336	12.0	20.0	51724.137931034486	53097.345132743365	52791.50510828705	54522.69352716771	VTA1	999.0	1000.0	0.1111111111111111	0.101	0.05586311021640664	0.05002476473501734	0.5275685270106121	0.4724314729893878	0.05513705402122426	2.511324772309346	0.3891897007014257						
PB.70308.18	Patient4	107	99	1554	1450	68854.56885456885	68275.86206896552	4.0	4.0	51724.137931034486	53097.345132743365	52791.50510828705	54522.69352716771	VTA1	920.0	891.0	0.11630434782608695	0.1111111111111111	0.06885456885456885	0.06827586206896552	0.5021100596771478	0.49788994032285205	0.0042201193542957816	0.19569363533554363	0.08379826249093168						
PB.70308.18	Patient7	80	73	1726	1705	46349.94206257242	42815.24926686217	23.0	27.0	51724.137931034486	53097.345132743365	52791.50510828705	54522.69352716771	VTA1	856.0	889.0	0.09345794392523364	0.08211473565804274	0.046349942062572425	0.04281524926686217	0.5198210352213051	0.48017896477869493	0.039642070442610144	1.7738628949270776	0.29193131625358787						
PB.70308.18	Patient9	123	103	1722	1493	71428.57142857142	68988.61352980576	3.0	3.0	51724.137931034486	53097.345132743365	52791.50510828705	54522.69352716771	VTA1	1124.0	909.0	0.1094306049822064	0.11331133113311331	0.07142857142857142	0.06898861352980576	0.5086882453151619	0.4913117546848382	0.017376490630323704	0.8085069667442961	0.1646176735125241						
PB.70308.19	Patient11	3	0	1367	2226	2194.5866861741038	0.0	12.0	31.0	1930.5019305019305	1725.625539257981	2222.732069702248	2316.8778126739057	VTA1	810.0	640.0	0.003703703703703704	0.0	0.0021945866861741038	0.0	1.0	0.0	1.0	123.22596776535738	5.106080066490482	1.0	1.0	1.0	1.0	1.0	
PB.70308.19	Patient18	5	2	988	1387	5060.728744939272	1441.9610670511895	1.0	22.0	1930.5019305019305	1725.625539257981	2222.732069702248	2316.8778126739057	VTA1	483.0	699.0	0.010351966873706004	0.002861230329041488	0.005060728744939271	0.0014419610670511895	0.7782515991471215	0.22174840085287845	0.556503198294243	22.280672661179867	1.0326533261746813						
PB.70308.19	Patient20	9	4	1888	1738	4766.949152542373	2301.4959723820484	2.0	13.0	1930.5019305019305	1725.625539257981	2222.732069702248	2316.8778126739057	VTA1	1110.0	862.0	0.008108108108108109	0.004640371229698376	0.004766949152542373	0.0023014959723820483	0.674398551349487	0.32560144865051305	0.34879710269897396	12.832508436638605	0.6513933104461349						
PB.70308.19	Patient22	4	4	1221	2106	3276.0032760032764	1899.335232668566	9.0	15.0	1930.5019305019305	1725.625539257981	2222.732069702248	2316.8778126739057	VTA1	754.0	1319.0	0.005305039787798408	0.003032600454890068	0.003276003276003276	0.001899335232668566	0.6330027051397655	0.36699729486023447	0.26600541027953106	9.18081932456598	0.5040373780959891						
PB.70308.19	Patient25	6	4	1372	1946	4373.1778425655975	2055.498458376156	4.0	14.0	1930.5019305019305	1725.625539257981	2222.732069702248	2316.8778126739057	VTA1	664.0	856.0	0.009036144578313253	0.004672897196261682	0.004373177842565598	0.0020554984583761563	0.6802610114192497	0.31973898858075045	0.3605220228384992	13.169437860652746	0.6649893609006112						
PB.70308.19	Patient26	5	1	1690	1469	2958.5798816568044	680.7351940095302	10.0	29.0	1930.5019305019305	1725.625539257981	2222.732069702248	2316.8778126739057	VTA1	775.0	695.0	0.0064516129032258064	0.0014388489208633094	0.0029585798816568047	0.0006807351940095302	0.8129496402877698	0.18705035971223022	0.6258992805755397	24.42532177526623	1.1191959534551126						
PB.70308.19	Patient27	2	2	917	1439	2181.0250817884407	1389.854065323141	13.0	23.0	1930.5019305019305	1725.625539257981	2222.732069702248	2316.8778126739057	VTA1	476.0	847.0	0.004201680672268907	0.0023612750885478157	0.0021810250817884407	0.001389854065323141	0.6107809847198642	0.3892190152801358	0.2215619694397284	7.2065084451818695	0.4243683779560626						
PB.70308.19	Patient28	5	2	1473	1202	3394.4331296673454	1663.8935108153078	8.0	17.0	1930.5019305019305	1725.625539257981	2222.732069702248	2316.8778126739057	VTA1	851.0	786.0	0.005875440658049354	0.002544529262086514	0.0033944331296673455	0.0016638935108153079	0.6710585082626173	0.3289414917373828	0.34211701652523446	12.060183091366184	0.6202278092664161						
PB.70308.19	Patient29	2	3	1044	1857	1915.7088122605362	1615.5088852988692	17.0	19.0	1930.5019305019305	1725.625539257981	2222.732069702248	2316.8778126739057	VTA1	569.0	1270.0	0.0035149384885764497	0.002362204724409449	0.0019157088122605363	0.0016155088852988692	0.5425065731814197	0.4574934268185802	0.08501314636283952	2.6799422020822403	0.24170869126711061						
PB.70308.19	Patient5	2	2	1596	1993	1253.1328320802004	1003.5122930255895	21.0	26.0	1930.5019305019305	1725.625539257981	2222.732069702248	2316.8778126739057	VTA1	676.0	862.0	0.0029585798816568047	0.002320185614849188	0.0012531328320802004	0.0010035122930255895	0.5553078852047924	0.44469211479520754	0.11061577040958481	3.2959664313865233	0.266567002550869						
PB.70308.19	Patient6	2	1	1602	1714	1248.4394506866417	583.4305717619603	22.0	30.0	1930.5019305019305	1725.625539257981	2222.732069702248	2316.8778126739057	VTA1	866.0	1080.0	0.0023094688221709007	0.000925925925925926	0.0012484394506866417	0.0005834305717619603	0.6815109343936382	0.3184890656063618	0.3630218687872764	11.277714049105214	0.5886529813665546						
PB.70308.19	Patient8	6	3	1359	1179	4415.0110375275935	2544.5292620865143	3.0	11.0	1930.5019305019305	1725.625539257981	2222.732069702248	2316.8778126739057	VTA1	726.0	648.0	0.008264462809917356	0.004629629629629629	0.004415011037527594	0.002544529262086514	0.6343825665859564	0.3656174334140436	0.26876513317191275	9.623852886708868	0.5219150291249721						
PB.70308.21	Patient1	552	446	1902	1717	290220.8201892745	259755.38730343623	8.0	23.0	259541.9847328244	283564.11800120404	260829.56428435983	283440.7847834908	VTA1	1133.0	979.0	0.4872021182700794	0.45556690500510727	0.2902208201892745	0.2597553873034362	0.5276970462274425	0.4723029537725575	0.055394092454885024	2.9034295608882905	0.7615674242153754						
PB.70308.21	Patient11	295	324	1367	2226	215801.02414045355	145552.56064690027	24.0	31.0	259541.9847328244	283564.11800120404	260829.56428435983	283440.7847834908	VTA1	810.0	640.0	0.36419753086419754	0.50625	0.21580102414045355	0.14555256064690028	0.597201835613299	0.40279816438670113	0.19440367122659785	10.06739830231858	1.906896294757383						
PB.70308.21	Patient13	496	545	2218	2495	223624.88728584308	218436.87374749497	21.0	25.0	259541.9847328244	283564.11800120404	260829.56428435983	283440.7847834908	VTA1	1281.0	1283.0	0.3871975019516003	0.4247856586126267	0.2236248872858431	0.218436873747495	0.5058679736585007	0.49413202634149933	0.011735947317001338	0.6017914737569343	0.39359645087967654						
PB.70308.21	Patient16	290	249	1395	1271	207885.3046594982	195908.73328088122	27.0	28.0	259541.9847328244	283564.11800120404	260829.56428435983	283440.7847834908	VTA1	641.0	567.0	0.45241809672386896	0.43915343915343913	0.2078853046594982	0.1959087332808812	0.5148300497943278	0.4851699502056723	0.02966009958865551	1.51226151459293	0.5391564974363334						
PB.70308.21	Patient18	281	380	988	1387	284412.95546558703	273972.602739726	10.0	19.0	259541.9847328244	283564.11800120404	260829.56428435983	283440.7847834908	VTA1	483.0	699.0	0.5817805383022774	0.5436337625178826	0.28441295546558704	0.273972602739726	0.5093486951555634	0.49065130484443675	0.018697390311126605	0.9775436578533395	0.4536692736609925						
PB.70308.21	Patient19	418	502	1229	1548	340113.91375101707	324289.4056847545	3.0	8.0	259541.9847328244	283564.11800120404	260829.56428435983	283440.7847834908	VTA1	725.0	912.0	0.576551724137931	0.5504385964912281	0.34011391375101707	0.3242894056847545	0.5119088117137202	0.48809118828627984	0.023817623427440315	1.2630685028375195	0.4993171345074823						
PB.70308.21	Patient2	585	487	1277	1085	458104.93343774474	448847.9262672811	1.0	1.0	259541.9847328244	283564.11800120404	260829.56428435983	283440.7847834908	VTA1	1009.0	937.0	0.5797819623389494	0.5197438633938101	0.4581049334377447	0.4488479262672811	0.5051033562943251	0.4948966437056749	0.010206712588650246	0.553841359715249	0.38593049755967934						
PB.70308.21	Patient20	632	487	1888	1738	334745.76271186443	280207.1346375144	4.0	17.0	259541.9847328244	283564.11800120404	260829.56428435983	283440.7847834908	VTA1	1110.0	862.0	0.5693693693693693	0.5649651972157773	0.3347457627118644	0.2802071346375144	0.5443437443009269	0.45565625569907314	0.08868748860185377	4.7087792694266435	1.0501950295615083						
PB.70308.21	Patient24	338	471	1059	1661	319169.0273843249	283564.11800120404	6.0	16.0	259541.9847328244	283564.11800120404	260829.56428435983	283440.7847834908	VTA1	548.0	804.0	0.6167883211678832	0.585820895522388	0.31916902738432484	0.28356411800120407	0.5295362132111937	0.4704637867888063	0.059072426422387414	3.1200699747057747	0.7962024888599752						
PB.70308.21	Patient28	407	255	1473	1202	276306.85675492196	212146.42262895175	13.0	26.0	259541.9847328244	283564.11800120404	260829.56428435983	283440.7847834908	VTA1	851.0	786.0	0.4782608695652174	0.3244274809160305	0.27630685675492195	0.21214642262895175	0.5656771454241243	0.43432285457587566	0.13135429084824862	6.890712101340892	1.3990283028730748						
PB.70308.21	Patient5	345	382	1596	1993	216165.4135338346	191670.84796788762	23.0	29.0	259541.9847328244	283564.11800120404	260829.56428435983	283440.7847834908	VTA1	676.0	862.0	0.5103550295857988	0.4431554524361949	0.2161654135338346	0.1916708479678876	0.530029901553817	0.469970098446183	0.060059803107634036	3.0748001189262406	0.7889650378518877						
PB.70308.21	Patient7	359	322	1726	1705	207995.36500579375	188856.30498533722	26.0	30.0	259541.9847328244	283564.11800120404	260829.56428435983	283440.7847834908	VTA1	856.0	889.0	0.41939252336448596	0.36220472440944884	0.20799536500579374	0.18885630498533723	0.5241136191021751	0.4758863808978248	0.04822723820435032	2.4602263281287367	0.6907109651326516						
PB.70308.21	Patient8	377	311	1359	1179	277409.86019131716	263782.866836302	12.0	22.0	259541.9847328244	283564.11800120404	260829.56428435983	283440.7847834908	VTA1	726.0	648.0	0.5192837465564738	0.4799382716049383	0.27740986019131714	0.263782866836302	0.512589778718811	0.48741022128118905	0.025179557437621902	1.3139576466562937	0.5074529608512988						
PB.70308.21	Patient9	610	517	1722	1493	354239.25667828106	346282.6523777629	2.0	4.0	259541.9847328244	283564.11800120404	260829.56428435983	283440.7847834908	VTA1	1124.0	909.0	0.5427046263345195	0.5687568756875687	0.35423925667828104	0.3462826523777629	0.5056790545717833	0.49432094542821675	0.011358109143566553	0.6041661276066389	0.3939760951396915						
PB.70308.26	Patient11	5	4	1367	2226	3657.6444769568398	1796.9451931716083	19.0	22.0	4206.098843322818	2927.4004683840753	4173.6359825870595	3414.373282954469	VTA1	810.0	640.0	0.006172839506172839	0.00625	0.0036576444769568397	0.0017969451931716084	0.6705627183998072	0.3294372816001928	0.3411254367996144	12.13295369614305	0.2361337203016094						
PB.70308.26	Patient14	5	5	1161	1708	4306.632213608958	2927.4004683840753	13.0	16.0	4206.098843322818	2927.4004683840753	4173.6359825870595	3414.373282954469	VTA1	693.0	1194.0	0.007215007215007215	0.0041876046901172526	0.004306632213608958	0.002927400468384075	0.5953293830602998	0.40467061693970025	0.19065876612059957	6.722039636330951	0.0936985542033202						
PB.70308.26	Patient15	6	4	1376	2573	4360.46511627907	1554.6055188495918	12.0	24.0	4206.098843322818	2927.4004683840753	4173.6359825870595	3414.373282954469	VTA1	613.0	1275.0	0.009787928221859706	0.003137254901960784	0.00436046511627907	0.001554605518849592	0.7371788749880623	0.2628211250119378	0.47435774997612457	17.98327947456896	0.3901358195343839						
PB.70308.26	Patient17	5	2	975	1227	5128.205128205128	1629.9918500407498	9.0	23.0	4206.098843322818	2927.4004683840753	4173.6359825870595	3414.373282954469	VTA1	503.0	645.0	0.009940357852882704	0.0031007751937984496	0.005128205128205128	0.0016299918500407497	0.7588126159554731	0.2411873840445269	0.5176252319109462	20.372719423465615	0.453034670309109						
PB.70308.26	Patient18	4	3	988	1387	4048.582995951417	2162.9416005767844	18.0	20.0	4206.098843322818	2927.4004683840753	4173.6359825870595	3414.373282954469	VTA1	483.0	699.0	0.008281573498964804	0.004291845493562232	0.004048582995951417	0.0021629416005767843	0.6517857142857143	0.3482142857142857	0.3035714285714286	10.834797802861274	0.2019614809651222						
PB.70308.26	Patient19	10	5	1229	1548	8136.696501220505	3229.9741602067184	3.0	14.0	4206.098843322818	2927.4004683840753	4173.6359825870595	3414.373282954469	VTA1	725.0	912.0	0.013793103448275862	0.005482456140350877	0.008136696501220505	0.003229974160206718	0.7158381502890174	0.28416184971098263	0.4316763005780348	17.31191555359473	0.3724630510262691						
PB.70308.26	Patient20	9	2	1888	1738	4766.949152542373	1150.7479861910242	11.0	27.0	4206.098843322818	2927.4004683840753	4173.6359825870595	3414.373282954469	VTA1	1110.0	862.0	0.008108108108108109	0.002320185614849188	0.004766949152542373	0.0011507479861910242	0.8055412503862396	0.19445874961376042	0.6110825007724792	25.04430933275215	0.5760081046155904						
PB.70308.26	Patient21	6	0	1417	1328	4234.297812279464	0.0	15.0	30.0	4206.098843322818	2927.4004683840753	4173.6359825870595	3414.373282954469	VTA1	626.0	737.0	0.009584664536741214	0.0	0.004234297812279464	0.0	1.0	0.0	1.0	145.16437630484845	3.7380102177118584	1.0	1.0	1.0	1.0	1.0	
PB.70308.26	Patient22	5	6	1221	2106	4095.0040950040952	2849.002849002849	17.0	17.0	4206.098843322818	2927.4004683840753	4173.6359825870595	3414.373282954469	VTA1	754.0	1319.0	0.006631299734748011	0.004548900682335102	0.004095004095004095	0.002849002849002849	0.5897177419354839	0.4102822580645161	0.17943548387096775	6.279230587305293	0.0820421908328058						
PB.70308.26	Patient24	2	2	1059	1661	1888.5741265344666	1204.0939193257075	28.0	25.0	4206.098843322818	2927.4004683840753	4173.6359825870595	3414.373282954469	VTA1	548.0	804.0	0.0036496350364963502	0.0024875621890547263	0.0018885741265344666	0.0012040939193257074	0.6106617647058824	0.38933823529411765	0.22132352941176475	7.063191600628645	0.1026789290831214						
PB.70308.26	Patient25	5	7	1372	1946	3644.3148688046645	3597.1223021582737	20.0	11.0	4206.098843322818	2927.4004683840753	4173.6359825870595	3414.373282954469	VTA1	664.0	856.0	0.007530120481927711	0.008177570093457943	0.0036443148688046646	0.0035971223021582736	0.503258508327299	0.496741491672701	0.006517016654598029	0.2224364432426374	-0.15711346856127495						
PB.70308.26	Patient27	8	7	917	1439	8724.100327153763	4864.489228630994	2.0	10.0	4206.098843322818	2927.4004683840753	4173.6359825870595	3414.373282954469	VTA1	476.0	847.0	0.01680672268907563	0.008264462809917356	0.008724100327153763	0.004864489228630994	0.6420166192627293	0.35798338073727065	0.2840332385254587	11.03040662074948	0.20711062474345898						
PB.70308.26	Patient28	8	0	1473	1202	5431.093007467753	0.0	7.0	30.0	4206.098843322818	2927.4004683840753	4173.6359825870595	3414.373282954469	VTA1	851.0	786.0	0.009400705052878966	0.0	0.005431093007467753	0.0	1.0	0.0	1.0	153.94420125468434	3.969127513462663						
PB.70308.26	Patient30	2	1	1658	1808	1206.2726176115802	553.0973451327434	30.0	28.0	4206.098843322818	2927.4004683840753	4173.6359825870595	3414.373282954469	VTA1	705.0	1148.0	0.0028368794326241137	0.0008710801393728223	0.0012062726176115801	0.0005530973451327434	0.6856276071293136	0.3143723928706864	0.3712552142586272	11.503624378022314	0.21956745719593315						
PB.70308.26	Patient4	8	5	1554	1450	5148.005148005148	3448.2758620689656	8.0	12.0	4206.098843322818	2927.4004683840753	4173.6359825870595	3414.373282954469	VTA1	920.0	891.0	0.008695652173913044	0.005611672278338945	0.005148005148005148	0.0034482758620689655	0.598864223025297	0.4011357769747032	0.19772844605059375	7.1269494449814825	0.10435727012681201						
PB.70308.26	Patient7	3	2	1726	1705	1738.1228273464658	1173.0205278592375	29.0	26.0	4206.098843322818	2927.4004683840753	4173.6359825870595	3414.373282954469	VTA1	856.0	889.0	0.0035046728971962616	0.0022497187851518562	0.0017381228273464658	0.0011730205278592375	0.5970584802147777	0.4029415197852224	0.19411696042955529	6.102687051701381	0.07507127772846914						
PB.70308.26	Patient9	16	3	1722	1493	9291.521486643438	2009.3770931011384	1.0	21.0	4206.098843322818	2927.4004683840753	4173.6359825870595	3414.373282954469	VTA1	1124.0	909.0	0.014234875444839857	0.0033003300330033004	0.009291521486643438	0.0020093770931011385	0.8221931575686653	0.17780684243133477	0.6443863151373306	29.11383898859652	0.6831330979281317						
PB.70308.41	Patient1	4	0	1902	1717	2103.049421661409	0.0	6.0	26.0	783.0853563038371	575.3739930955121	1048.6489098809243	897.904102148596	VTA1	1133.0	979.0	0.00353045013239188	0.0	0.002103049421661409	0.0	1.0	0.0	1.0	121.86604795952765	2.341164942939801						
PB.70308.41	Patient15	5	1	1376	2573	3633.720930232558	388.65137971239795	1.0	20.0	783.0853563038371	575.3739930955121	1048.6489098809243	897.904102148596	VTA1	613.0	1275.0	0.008156606851549755	0.000784313725490196	0.003633720930232558	0.000388651379712398	0.9033775717997332	0.09662242820026684	0.8067551435994664	38.10503492898341	0.7105219140877279						
PB.70308.41	Patient16	1	0	1395	1271	716.8458781362007	0.0	19.0	26.0	783.0853563038371	575.3739930955121	1048.6489098809243	897.904102148596	VTA1	641.0	567.0	0.0015600624024961	0.0	0.0007168458781362007	0.0	1.0	0.0	1.0	90.03228591976931	1.721431486118566						
PB.70308.41	Patient18	1	0	988	1387	1012.1457489878543	0.0	12.0	26.0	783.0853563038371	575.3739930955121	1048.6489098809243	897.904102148596	VTA1	483.0	699.0	0.002070393374741201	0.0	0.0010121457489878543	0.0	1.0	0.0	1.0	99.70696754850943	1.909776296949775						
PB.70308.41	Patient19	1	1	1229	1548	813.6696501220504	645.9948320413437	15.0	12.0	783.0853563038371	575.3739930955121	1048.6489098809243	897.904102148596	VTA1	725.0	912.0	0.001379310344827586	0.0010964912280701754	0.0008136696501220504	0.0006459948320413437	0.5574360821029888	0.44256391789701116	0.11487216420597762	3.2155097349144413	0.00019504665831277573						
PB.70308.41	Patient2	1	0	1277	1085	783.0853563038371	0.0	16.0	26.0	783.0853563038371	575.3739930955121	1048.6489098809243	897.904102148596	VTA1	1009.0	937.0	0.0009910802775024777	0.0	0.0007830853563038371	0.0	1.0	0.0	1.0	92.46334543091521	1.7687588774805711						
PB.70308.41	Patient20	5	1	1888	1738	2648.3050847457625	575.3739930955121	3.0	16.0	783.0853563038371	575.3739930955121	1048.6489098809243	897.904102148596	VTA1	1110.0	862.0	0.0045045045045045045	0.001160092807424594	0.0026483050847457626	0.0005753739930955121	0.8215163546984307	0.1784836453015693	0.6430327093968613	25.024378953887492	0.4558702604499643						
PB.70308.41	Patient22	2	1	1221	2106	1638.0016380016382	474.8338081671415	8.0	19.0	783.0853563038371	575.3739930955121	1048.6489098809243	897.904102148596	VTA1	754.0	1319.0	0.002652519893899204	0.000758150113722517	0.001638001638001638	0.0004748338081671415	0.7752622860298178	0.22473771397018225	0.5505245720596356	19.055266612225353	0.3396647481692469						
PB.70308.41	Patient23	1	0	665	1159	1503.7593984962407	0.0	9.0	26.0	783.0853563038371	575.3739930955121	1048.6489098809243	897.904102148596	VTA1	127.0	581.0	0.007874015748031496	0.0	0.0015037593984962407	0.0	1.0	0.0	1.0	111.42483593881268	2.1378974682718823						
PB.70308.41	Patient24	1	1	1059	1661	944.2870632672333	602.0469596628537	14.0	13.0	783.0853563038371	575.3739930955121	1048.6489098809243	897.904102148596	VTA1	548.0	804.0	0.0018248175182481751	0.0012437810945273632	0.0009442870632672333	0.0006020469596628537	0.6106617647058824	0.38933823529411765	0.22132352941176475	6.4109816008416995	0.09350827915528163						
PB.70308.41	Patient26	2	0	1690	1469	1183.4319526627219	0.0	11.0	26.0	783.0853563038371	575.3739930955121	1048.6489098809243	897.904102148596	VTA1	775.0	695.0	0.0025806451612903226	0.0	0.001183431952662722	0.0	1.0	0.0	1.0	104.25611444549705	1.9983381995152543					2.0	
PB.70308.41	Patient27	3	3	917	1439	3271.5376226826606	2084.7810979847113	2.0	4.0	783.0853563038371	575.3739930955121	1048.6489098809243	897.904102148596	VTA1	476.0	847.0	0.0063025210084033615	0.0035419126328217238	0.003271537622682661	0.0020847810979847115	0.6107809847198642	0.38921901528013586	0.22156196943972833	7.587734473469756	0.11641707405885879						
PB.70308.41	Patient3	4	0	1987	2019	2013.0850528434826	0.0	7.0	26.0	783.0853563038371	575.3739930955121	1048.6489098809243	897.904102148596	VTA1	999.0	1000.0	0.004004004004004004	0.0	0.0020130850528434826	0.0	1.0	0.0	1.0	120.47843614978903	2.3141511874653062						
PB.70308.41	Patient30	2	1	1658	1808	1206.2726176115802	553.0973451327434	10.0	17.0	783.0853563038371	575.3739930955121	1048.6489098809243	897.904102148596	VTA1	705.0	1148.0	0.0028368794326241137	0.0008710801393728223	0.0012062726176115801	0.0005530973451327434	0.6856276071293136	0.3143723928706864	0.3712552142586272	11.503624378022314	0.1926508532788204						
PB.70308.41	Patient4	4	0	1554	1450	2574.002574002574	0.0	4.0	26.0	783.0853563038371	575.3739930955121	1048.6489098809243	897.904102148596	VTA1	920.0	891.0	0.004347826086956522	0.0	0.002574002574002574	0.0	1.0	0.0	1.0	128.383362833524	2.46804275496245					1.0	
PB.70308.41	Patient8	1	0	1359	1179	735.8351729212657	0.0	17.0	26.0	783.0853563038371	575.3739930955121	1048.6489098809243	897.904102148596	VTA1	726.0	648.0	0.0013774104683195593	0.0	0.0007358351729212656	0.0	1.0	0.0	1.0	90.74803655577307	1.735365579591986						
PB.70308.42	Patient10	10	14	1394	2180	7173.601147776184	6422.018348623854	24.0	26.0	10647.010647010646	12436.844150796735	9958.494907074535	12753.648649879153	VTA1	741.0	1255.0	0.01349527665317139	0.011155378486055778	0.007173601147776184	0.006422018348623854	0.5276406234872688	0.4723593765127312	0.05528124697453762	2.0449026371112735	0.7051908867629666						
PB.70308.42	Patient12	14	14	1791	2004	7816.8620882188725	6986.027944111776	21.0	24.0	10647.010647010646	12436.844150796735	9958.494907074535	12753.648649879153	VTA1	1046.0	1180.0	0.01338432122370937	0.011864406779661017	0.007816862088218872	0.006986027944111776	0.5280632411067194	0.47193675889328063	0.0561264822134388	2.0963358726476864	0.7100730409230267						
PB.70308.42	Patient13	13	12	2218	2495	5861.1361587015335	4809.619238476954	27.0	30.0	10647.010647010646	12436.844150796735	9958.494907074535	12753.648649879153	VTA1	1281.0	1283.0	0.01014832162373146	0.009353078721745909	0.005861136158701533	0.004809619238476954	0.5492709691622496	0.4507290308377504	0.0985419383244992	3.570027050855426	0.8499590006783156						
PB.70308.42	Patient16	20	12	1395	1271	14336.917562724015	9441.38473642801	4.0	20.0	10647.010647010646	12436.844150796735	9958.494907074535	12753.648649879153	VTA1	641.0	567.0	0.031201248049921998	0.021164021164021163	0.014336917562724014	0.00944138473642801	0.6029411764705882	0.39705882352941174	0.20588235294117646	8.320659228068763	1.300899300369902						
PB.70308.42	Patient17	12	10	975	1227	12307.692307692309	8149.9592502037485	9.0	22.0	10647.010647010646	12436.844150796735	9958.494907074535	12753.648649879153	VTA1	503.0	645.0	0.02385685884691849	0.015503875968992248	0.012307692307692308	0.008149959250203748	0.6016180436381466	0.39838195636185336	0.20323608727629328	8.079617290056746	1.2780190773362723						
PB.70308.42	Patient20	28	22	1888	1738	14830.508474576272	12658.227848101265	3.0	15.0	10647.010647010646	12436.844150796735	9958.494907074535	12753.648649879153	VTA1	1110.0	862.0	0.025225225225225224	0.025522041763341066	0.014830508474576272	0.012658227848101266	0.5395121951219513	0.46048780487804875	0.07902439024390251	3.165870982106016	0.8115956309276107						
PB.70308.42	Patient22	13	16	1221	2106	10647.010647010646	7597.340930674264	16.0	23.0	10647.010647010646	12436.844150796735	9958.494907074535	12753.648649879153	VTA1	754.0	1319.0	0.017241379310344827	0.012130401819560273	0.010647010647010647	0.007597340930674264	0.5835784627190177	0.4164215372809822	0.1671569254380355	6.512989407093816	1.1293113641950503						
PB.70308.42	Patient25	24	22	1372	1946	17492.71137026239	11305.24152106886	1.0	18.0	10647.010647010646	12436.844150796735	9958.494907074535	12753.648649879153	VTA1	664.0	856.0	0.03614457831325301	0.02570093457943925	0.01749271137026239	0.011305241521068859	0.607428987618354	0.392571012381646	0.21485797523670797	8.875628551379503	1.3535781910181317						
PB.70308.42	Patient5	12	5	1596	1993	7518.796992481202	2508.7807325639737	22.0	31.0	10647.010647010646	12436.844150796735	9958.494907074535	12753.648649879153	VTA1	676.0	862.0	0.01775147928994083	0.00580046403712297	0.007518796992481203	0.002508780732563974	0.7498118886380738	0.25018811136192626	0.49962377727614754	20.38547305303627	2.44611757006667	1.0	1.0	1.0	1.0	1.0	
PB.70308.42	Patient8	17	7	1359	1179	12509.197939661517	5937.234944868533	8.0	28.0	10647.010647010646	12436.844150796735	9958.494907074535	12753.648649879153	VTA1	726.0	648.0	0.023415977961432508	0.010802469135802469	0.012509197939661517	0.005937234944868533	0.678136419001218	0.321863580998782	0.35627283800243603	14.631732322573113	1.8999600330155269	1.0	1.0	1.0	1.0	1.0	
PB.70308.42	Patient9	19	10	1722	1493	11033.681765389081	6697.923643670462	12.0	25.0	10647.010647010646	12436.844150796735	9958.494907074535	12753.648649879153	VTA1	1124.0	909.0	0.016903914590747332	0.011001100110011002	0.011033681765389082	0.006697923643670462	0.6222607322262925	0.3777392677737074	0.2445214644525851	9.670107834406243	1.42899188600072						
PB.70308.51	Patient10	13	7	1394	2180	9325.681492109039	3211.009174311927	6.0	22.0	5128.205128205128	4624.871531346352	6192.791052583932	5630.091678763911	VTA1	741.0	1255.0	0.017543859649122806	0.005577689243027889	0.009325681492109038	0.003211009174311927	0.7438710693474723	0.25612893065252773	0.48774213869494454	20.280592587682417	1.5099925982554372						
PB.70308.51	Patient11	13	7	1367	2226	9509.875640087785	3144.654088050315	5.0	23.0	5128.205128205128	4624.871531346352	6192.791052583932	5630.091678763911	VTA1	810.0	640.0	0.016049382716049384	0.0109375	0.009509875640087784	0.0031446540880503146	0.751499727322305	0.24850027267769495	0.50299945464461	21.094843378818855	1.5829914367914564						
PB.70308.51	Patient12	12	11	1791	2004	6700.167504187605	5489.021956087825	11.0	11.0	5128.205128205128	4624.871531346352	6192.791052583932	5630.091678763911	VTA1	1046.0	1180.0	0.011472275334608031	0.009322033898305085	0.006700167504187605	0.0054890219560878245	0.549681135568813	0.450318864431187	0.09936227113762602	3.6555214976100388	0.010019226784187311						
PB.70308.51	Patient13	22	16	2218	2495	9918.845807033364	6412.825651302605	4.0	9.0	5128.205128205128	4624.871531346352	6192.791052583932	5630.091678763911	VTA1	1281.0	1283.0	0.01717408274785324	0.012470771628994544	0.009918845807033363	0.006412825651302605	0.6073380689990927	0.3926619310009073	0.2146761379981854	8.352519499774246	0.44062245963417396						
PB.70308.51	Patient16	13	10	1395	1271	9318.99641577061	7867.820613690008	7.0	7.0	5128.205128205128	4624.871531346352	6192.791052583932	5630.091678763911	VTA1	641.0	567.0	0.0202808112324493	0.01763668430335097	0.00931899641577061	0.007867820613690008	0.5422177009155646	0.45778229908443535	0.0844354018311293	3.219849152555597	-0.04856881915467566						
PB.70308.51	Patient2	6	3	1277	1085	4698.512137823023	2764.9769585253457	19.0	27.0	5128.205128205128	4624.871531346352	6192.791052583932	5630.091678763911	VTA1	1009.0	937.0	0.005946481665014866	0.0032017075773745998	0.004698512137823023	0.0027649769585253456	0.6295329271830578	0.37046707281694224	0.2590658543661155	9.328537769747395	0.5281240020011574						
PB.70308.51	Patient20	14	8	1888	1738	7415.254237288136	4602.991944764097	9.0	17.0	5128.205128205128	4624.871531346352	6192.791052583932	5630.091678763911	VTA1	1110.0	862.0	0.012612612612612612	0.009280742459396751	0.007415254237288136	0.004602991944764097	0.616999695709504	0.383000304290496	0.233999391419008	8.84288661728926	0.48458462758600535						
PB.70308.51	Patient21	7	5	1417	1328	4940.014114326042	3765.0602409638554	17.0	19.0	5128.205128205128	4624.871531346352	6192.791052583932	5630.091678763911	VTA1	626.0	737.0	0.011182108626198083	0.0067842605156037995	0.004940014114326041	0.0037650602409638554	0.5674867224223186	0.43251327757768143	0.13497344484463714	4.807132073780845	0.12277301192714837						
PB.70308.51	Patient22	5	5	1221	2106	4095.0040950040952	2374.1690408357076	21.0	28.0	5128.205128205128	4624.871531346352	6192.791052583932	5630.091678763911	VTA1	754.0	1319.0	0.006631299734748011	0.0037907505686125853	0.004095004095004095	0.0023741690408357074	0.6330027051397655	0.3669972948602344	0.2660054102795311	9.434521578352147	0.5376256138092008						
PB.70308.51	Patient25	9	9	1372	1946	6559.766763848396	4624.871531346352	12.0	16.0	5128.205128205128	4624.871531346352	6192.791052583932	5630.091678763911	VTA1	664.0	856.0	0.01355421686746988	0.010514018691588784	0.006559766763848397	0.0046248715313463515	0.5864978902953587	0.41350210970464135	0.17299578059071735	6.392419238813292	0.2648964498815813						
PB.70308.51	Patient26	24	8	1690	1469	14201.183431952662	5445.881552076242	2.0	12.0	5128.205128205128	4624.871531346352	6192.791052583932	5630.091678763911	VTA1	775.0	695.0	0.03096774193548387	0.011510791366906475	0.014201183431952662	0.005445881552076242	0.7228144989339018	0.2771855010660981	0.44562899786780374	19.071625769631208	1.4016068594793636						
PB.70308.51	Patient27	5	7	917	1439	5452.562704471102	4864.489228630994	14.0	14.0	5128.205128205128	4624.871531346352	6192.791052583932	5630.091678763911	VTA1	476.0	847.0	0.01050420168067227	0.008264462809917356	0.0054525627044711015	0.004864489228630994	0.5285000734537975	0.47149992654620243	0.05700014690759503	2.0433961844999655	-0.15403964116082033						
PB.70308.51	Patient3	11	3	1987	2019	5535.983895319578	1485.8841010401188	13.0	31.0	5128.205128205128	4624.871531346352	6192.791052583932	5630.091678763911	VTA1	999.0	1000.0	0.011011011011011011	0.003	0.0055359838953195776	0.0014858841010401188	0.7883919062832802	0.2116080937167199	0.5767838125665603	23.587084385739225	1.8064246846770473						
PB.70308.51	Patient31	22	25	966	1858	22774.32712215321	13455.328310010764	1.0	2.0	5128.205128205128	4624.871531346352	6192.791052583932	5630.091678763911	VTA1	673.0	1178.0	0.03268945022288262	0.021222410865874362	0.022774327122153208	0.013455328310010764	0.6286100944237689	0.3713899055762311	0.25722018884753783	10.989419220799224	0.6770245842205319						
PB.70308.51	Patient4	11	5	1554	1450	7078.507078507078	3448.2758620689656	10.0	21.0	5128.205128205128	4624.871531346352	6192.791052583932	5630.091678763911	VTA1	920.0	891.0	0.011956521739130435	0.005611672278338945	0.007078507078507079	0.0034482758620689655	0.6724283305227656	0.3275716694772344	0.34485666104553125	13.267398953320429	0.8812489785874708						
PB.70308.51	Patient6	7	6	1602	1714	4369.5380774032465	3500.583430571762	20.0	20.0	5128.205128205128	4624.871531346352	6192.791052583932	5630.091678763911	VTA1	866.0	1080.0	0.008083140877598153	0.005555555555555556	0.004369538077403246	0.003500583430571762	0.5552059231837112	0.44479407681628874	0.11041184636742246	3.867678962175677	0.03854959237048835						
PB.70308.51	Patient7	6	4	1726	1705	3476.2456546929316	2346.041055718475	25.0	29.0	5128.205128205128	4624.871531346352	6192.791052583932	5630.091678763911	VTA1	856.0	889.0	0.007009345794392523	0.0044994375703037125	0.0034762456546929316	0.002346041055718475	0.5970584802147777	0.4029415197852224	0.19411696042955529	6.6714686347632	0.2899136583636149						
PB.70308.51	Patient8	5	2	1359	1179	3679.175864606328	1696.3528413910094	23.0	30.0	5128.205128205128	4624.871531346352	6192.791052583932	5630.091678763911	VTA1	726.0	648.0	0.006887052341597796	0.0030864197530864196	0.003679175864606328	0.0016963528413910093	0.6844305120167189	0.31556948798328105	0.36886102403343785	13.225864584553687	0.8775253584052083						
PB.70308.52	Patient1	4	0	1902	1717	2103.049421661409	0.0	7.0	22.5	603.1363088057901	0.0	1229.2982672147905	741.9069884850197	VTA1	1133.0	979.0	0.00353045013239188	0.0	0.002103049421661409	0.0	1.0	0.0	1.0	121.86604795952765	1.7931241041380455						
PB.70308.52	Patient14	2	0	1161	1708	1722.652885443583	0.0	8.0	22.5	603.1363088057901	0.0	1229.2982672147905	741.9069884850197	VTA1	693.0	1194.0	0.002886002886002886	0.0	0.0017226528854435831	0.0	1.0	0.0	1.0	115.59844915592464	1.6945138719529003						
PB.70308.52	Patient15	1	0	1376	2573	726.7441860465116	0.0	15.0	22.5	603.1363088057901	0.0	1229.2982672147905	741.9069884850197	VTA1	613.0	1275.0	0.0016313213703099511	0.0	0.0007267441860465116	0.0	1.0	0.0	1.0	90.40735198506631	1.2981738988855624						
PB.70308.52	Patient17	1	0	975	1227	1025.6410256410256	0.0	12.0	22.5	603.1363088057901	0.0	1229.2982672147905	741.9069884850197	VTA1	503.0	645.0	0.0019880715705765406	0.0	0.0010256410256410256	0.0	1.0	0.0	1.0	100.08838682616285	1.4504888640559908						
PB.70308.52	Patient19	5	0	1229	1548	4068.3482506102523	0.0	4.0	22.5	603.1363088057901	0.0	1229.2982672147905	741.9069884850197	VTA1	725.0	912.0	0.006896551724137931	0.0	0.0040683482506102524	0.0	1.0	0.0	1.0	143.77830799740966	2.1378770338875817						
PB.70308.52	Patient2	1	0	1277	1085	783.0853563038371	0.0	14.0	22.5	603.1363088057901	0.0	1229.2982672147905	741.9069884850197	VTA1	1009.0	937.0	0.0009910802775024777	0.0	0.0007830853563038371	0.0	1.0	0.0	1.0	92.46334543091521	1.3305215327114142						
PB.70308.52	Patient20	10	0	1888	1738	5296.610169491525	0.0	2.0	22.5	603.1363088057901	0.0	1229.2982672147905	741.9069884850197	VTA1	1110.0	862.0	0.009009009009009009	0.0	0.005296610169491525	0.0	1.0	0.0	1.0	153.04812646819047	2.283722194109446						
PB.70308.52	Patient21	2	0	1417	1328	1411.4326040931546	0.0	10.0	22.5	603.1363088057901	0.0	1229.2982672147905	741.9069884850197	VTA1	626.0	737.0	0.003194888178913738	0.0	0.0014114326040931546	0.0	1.0	0.0	1.0	109.50527540168194	1.5986479275173855						
PB.70308.52	Patient22	1	0	1221	2106	819.0008190008191	0.0	13.0	22.5	603.1363088057901	0.0	1229.2982672147905	741.9069884850197	VTA1	754.0	1319.0	0.001326259946949602	0.0	0.000819000819000819	0.0	1.0	0.0	1.0	93.7093824259482	1.350125850288482						
PB.70308.52	Patient25	2	1	1372	1946	1457.725947521866	513.874614594039	9.0	13.0	603.1363088057901	0.0	1229.2982672147905	741.9069884850197	VTA1	664.0	856.0	0.0030120481927710845	0.0011682242990654205	0.0014577259475218659	0.0005138746145940391	0.7393617021276595	0.26063829787234044	0.47872340425531906	15.792616602012906	-0.016417931297905034						
PB.70308.52	Patient27	2	0	917	1439	2181.0250817884407	0.0	6.0	22.5	603.1363088057901	0.0	1229.2982672147905	741.9069884850197	VTA1	476.0	847.0	0.004201680672268907	0.0	0.0021810250817884407	0.0	1.0	0.0	1.0	123.0276384820221	1.8113997970655178						
PB.70308.52	Patient28	8	0	1473	1202	5431.093007467753	0.0	1.0	22.5	603.1363088057901	0.0	1229.2982672147905	741.9069884850197	VTA1	851.0	786.0	0.009400705052878966	0.0	0.005431093007467753	0.0	1.0	0.0	1.0	153.94420125468434	2.2978204389908217						
PB.70308.52	Patient29	4	1	1044	1857	3831.4176245210724	538.5029617662897	5.0	12.0	603.1363088057901	0.0	1229.2982672147905	741.9069884850197	VTA1	569.0	1270.0	0.007029876977152899	0.0007874015748031496	0.0038314176245210726	0.0005385029617662897	0.8767705382436259	0.12322946175637393	0.753541076487252	33.67225813602647	0.4055416560107214						
PB.70308.52	Patient3	10	0	1987	2019	5032.712632108706	0.0	3.0	22.5	603.1363088057901	0.0	1229.2982672147905	741.9069884850197	VTA1	999.0	1000.0	0.01001001001001001	0.0	0.0050327126321087065	0.0	1.0	0.0	1.0	151.22974658333524	2.2551130140605737						
PB.70308.52	Patient30	1	0	1658	1808	603.1363088057901	0.0	16.0	22.5	603.1363088057901	0.0	1229.2982672147905	741.9069884850197	VTA1	705.0	1148.0	0.0014184397163120568	0.0	0.0006031363088057901	0.0	1.0	0.0	1.0	85.37618140383734	1.2190168062374405						
PB.70308.52	Patient31	1	0	966	1858	1035.1966873706006	0.0	11.0	22.5	603.1363088057901	0.0	1229.2982672147905	741.9069884850197	VTA1	673.0	1178.0	0.0014858841010401188	0.0	0.0010351966873706005	0.0	1.0	0.0	1.0	100.35587506675486	1.4546973461777901						
