Isoform	Sample	cyclo_count	noncyclo_count	total_cyclo	total_noncyclo	Cyclo_TPM	Noncyclo_TPM	Cyclo_TPM_Rank	Noncyclo_TPM_Rank	Cyclo_TPM_Median	Noncyclo_TPM_Median	Cyclo_TPM_Mean	Noncyclo_TPM_Mean	associated_gene	gene_cyclo_count	gene_noncyclo_count	isoform_cyclo_proportion	isoform_noncyclo_proportion	Avg_Noncyclo_TPM	SD_Noncyclo_TPM	Noncyclo_TPM_Z_Score	test_statistic	z_score_of_test_stat	rank_top_99_9_percentile	rank_top_99_5_percentile	rank_top_99_percentile	rank_top_98_percentile	rank_top_95_percentile	Phenotypes
PB.161541.3	Patient15	2	13	1376	2573	1453.4883720930231	5052.467936261173	21.0	11.0	2822.8652081863092	3392.705682782019	3374.349287623454	4320.504916696668	novelGene_SRSF6_AS	6.0	15.0	0.3333333333333333	0.8666666666666667	4320.504916696668	3961.8309823565796	0.18475372190893366	-19.70031965667319	0.2689044182772751						
PB.161541.3	Patient17	6	8	975	1227	6153.846153846154	6519.967400162999	4.0	7.0	2822.8652081863092	3392.705682782019	3374.349287623454	4320.504916696668	novelGene_SRSF6_AS	9.0	14.0	0.6666666666666666	0.5714285714285714	4320.504916696668	3961.8309823565796	0.5551631286799733	-15.420187295877238	0.41329974038902495						
PB.161541.3	Patient18	9	10	988	1387	9109.311740890687	7209.805335255947	3.0	6.0	2822.8652081863092	3392.705682782019	3374.349287623454	4320.504916696668	novelGene_SRSF6_AS	21.0	12.0	0.42857142857142855	0.8333333333333334	4320.504916696668	3961.8309823565796	0.7292841192434371	-13.731995528690073	0.47025288423153516						
PB.161541.3	Patient19	6	21	1229	1548	4882.017900732303	13565.891472868218	7.0	2.0	2822.8652081863092	3392.705682782019	3374.349287623454	4320.504916696668	novelGene_SRSF6_AS	6.0	22.0	1.0	0.9545454545454546	4320.504916696668	3961.8309823565796	2.3336145830916295	-3.1209495515749004	0.8282290570812926						
PB.161541.3	Patient2	2	9	1277	1085	1566.1707126076742	8294.930875576038	20.0	5.0	2822.8652081863092	3392.705682782019	3374.349287623454	4320.504916696668	novelGene_SRSF6_AS	3.0	9.0	0.6666666666666666	1.0	4320.504916696668	3961.8309823565796	1.0031790797181606	-11.378542380648401	0.5496494067547762						
PB.161541.3	Patient20	3	9	1888	1738	1588.9830508474577	5178.3659378596085	19.0	10.0	2822.8652081863092	3392.705682782019	3374.349287623454	4320.504916696668	novelGene_SRSF6_AS	8.0	13.0	0.375	0.6923076923076923	4320.504916696668	3961.8309823565796	0.21653145350806122	-19.287195686816915	0.2828416435009335						
PB.161541.3	Patient21	4	8	1417	1328	2822.8652081863092	6024.096385542169	16.0	8.0	2822.8652081863092	3392.705682782019	3374.349287623454	4320.504916696668	novelGene_SRSF6_AS	4.0	8.0	1.0	1.0	4320.504916696668	3961.8309823565796	0.4300010465949178	-16.747958040583406	0.36850582557262634						
PB.161541.3	Patient26	17	24	1690	1469	10059.171597633136	16337.644656228726	2.0	1.0	2822.8652081863092	3392.705682782019	3374.349287623454	4320.504916696668	novelGene_SRSF6_AS	18.0	26.0	0.9444444444444444	0.9230769230769231	4320.504916696668	3961.8309823565796	3.033228775545597	3.120949551574901	1.038806898048049						
PB.161541.3	Patient30	10	19	1658	1808	6031.363088057901	10508.849557522124	5.0	3.0	2822.8652081863092	3392.705682782019	3374.349287623454	4320.504916696668	novelGene_SRSF6_AS	16.0	21.0	0.625	0.9047619047619048	4320.504916696668	3961.8309823565796	1.5619910764452902	-7.407318615412105	0.6836233324238632						
PB.161541.3	Patient31	3	18	966	1858	3105.590062111801	9687.83638320775	14.0	4.0	2822.8652081863092	3392.705682782019	3374.349287623454	4320.504916696668	novelGene_SRSF6_AS	3.0	18.0	1.0	1.0	4320.504916696668	3961.8309823565796	1.3547603344043924	-8.772850743784069	0.637555492714919						
PB.161541.3	Patient9	0	8	1722	1493	0.0	5358.338914936369	30.0	9.0	2822.8652081863092	3392.705682782019	3374.349287623454	4320.504916696668	novelGene_SRSF6_AS	2.0	11.0	0.0	0.7272727272727273	4320.504916696668	3961.8309823565796	0.2619581710733091	-18.71374266058033	0.30218775886826077						
PB.161541.4	Patient12	2	3	1791	2004	1116.6945840312674	1497.005988023952	15.0	11.0	944.2870632672333	848.1764206955047	2194.2860325263987	1465.670973255149	novelGene_SRSF6_AS	2.0	4.0	1.0	0.75	1465.670973255149	1777.0814532920956	0.017632852287526896	-23.009553325662463	0.19570118950870502						
PB.161541.4	Patient17	3	6	975	1227	3076.923076923077	4889.975550122249	8.0	3.0	944.2870632672333	848.1764206955047	2194.2860325263987	1465.670973255149	novelGene_SRSF6_AS	9.0	14.0	0.3333333333333333	0.42857142857142855	1465.670973255149	1777.0814532920956	1.9269260677519735	-6.465310984099464	0.5632202633539362						
PB.161541.4	Patient20	5	4	1888	1738	2648.3050847457625	2301.4959723820484	10.0	5.0	944.2870632672333	848.1764206955047	2194.2860325263987	1465.670973255149	novelGene_SRSF6_AS	8.0	13.0	0.625	0.3076923076923077	1465.670973255149	1777.0814532920956	0.47033578431563117	-16.999286992294703	0.3292151619710916						
PB.161541.4	Patient23	5	9	665	1159	7518.796992481202	7765.314926660914	4.0	1.0	944.2870632672333	848.1764206955047	2194.2860325263987	1465.670973255149	novelGene_SRSF6_AS	7.0	14.0	0.7142857142857143	0.6428571428571429	1465.670973255149	1777.0814532920956	3.5449382141350303	5.030797526292977	0.8185984828780437						
PB.161541.4	Patient24	1	9	1059	1661	944.2870632672333	5418.4226369656835	16.0	2.0	944.2870632672333	848.1764206955047	2194.2860325263987	1465.670973255149	novelGene_SRSF6_AS	2.0	11.0	0.5	0.8181818181818182	1465.670973255149	1777.0814532920956	2.2242940279343673	-5.030797526292977	0.5950870026428718						
PB.161541.4	Patient25	3	3	1372	1946	2186.5889212827988	1541.623843782117	12.0	10.0	944.2870632672333	848.1764206955047	2194.2860325263987	1465.670973255149	novelGene_SRSF6_AS	9.0	6.0	0.3333333333333333	0.5	1465.670973255149	1777.0814532920956	0.04274023027265475	-22.599184699677863	0.20481724899594483						
PB.161541.4	Patient27	8	5	917	1439	8724.100327153763	3474.6351633078525	2.0	4.0	944.2870632672333	848.1764206955047	2194.2860325263987	1465.670973255149	novelGene_SRSF6_AS	21.0	11.0	0.38095238095238093	0.45454545454545453	1465.670973255149	1777.0814532920956	1.1304851481799207	-11.241749412327742	0.45711493733298125						
PB.161541.4	Patient28	0	2	1473	1202	0.0	1663.8935108153078	26.5	9.0	944.2870632672333	848.1764206955047	2194.2860325263987	1465.670973255149	novelGene_SRSF6_AS	1.0	5.0	0.0	0.4	1465.670973255149	1777.0814532920956	0.11154386716092599	-21.532691624448894	0.22850866617772878						
PB.161541.4	Patient29	9	4	1044	1857	8620.689655172413	2154.0118470651587	3.0	6.0	944.2870632672333	848.1764206955047	2194.2860325263987	1465.670973255149	novelGene_SRSF6_AS	13.0	8.0	0.6923076923076923	0.5	1465.670973255149	1777.0814532920956	0.3873434571807826	-17.92485758882655	0.30865424165857963						
PB.161541.4	Patient4	0	3	1554	1450	0.0	2068.9655172413795	26.5	7.0	944.2870632672333	848.1764206955047	2194.2860325263987	1465.670973255149	novelGene_SRSF6_AS	9.0	6.0	0.0	0.5	1465.670973255149	1777.0814532920956	0.3394861517847759	-18.487830749756412	0.2961481763802154						
PB.161541.4	Patient9	2	3	1722	1493	1161.4401858304298	2009.3770931011384	13.0	8.0	944.2870632672333	848.1764206955047	2194.2860325263987	1465.670973255149	novelGene_SRSF6_AS	2.0	11.0	1.0	0.2727272727272727	1465.670973255149	1777.0814532920956	0.3059545294554495	-18.896238504337493	0.28707567631547876						
PB.161551.113	Patient12	0	9	1791	2004	0.0	4491.017964071856	23.0	3.0	0.0	0.0	1593.7473141837554	932.8418843042037	SRSF6	223.0	348.0	0.0	0.02586206896551724	932.8418843042037	2132.220370212808	1.668765634863776	-0.8378742870871536	2.365114376455748						
PB.161551.113	Patient28	32	3	1473	1202	21724.37202987101	2495.840266222962	1.0	5.0	0.0	0.0	1593.7473141837554	932.8418843042037	SRSF6	299.0	165.0	0.10702341137123746	0.01818181818181818	932.8418843042037	2132.220370212808	0.7330379184787367	-1.685134455617306	2.199957962953081						
PB.161551.113	Patient5	0	16	1596	1993	0.0	8028.098344204716	23.0	1.0	0.0	0.0	1593.7473141837554	932.8418843042037	SRSF6	354.0	682.0	0.0	0.02346041055718475	932.8418843042037	2132.220370212808	3.327637498929046	0.07268772053566418	2.5426102166197726						
PB.161551.113	Patient6	0	6	1602	1714	0.0	3500.583430571762	23.0	4.0	0.0	0.0	1593.7473141837554	932.8418843042037	SRSF6	77.0	89.0	0.0	0.06741573033707865	932.8418843042037	2132.220370212808	1.204257112510037	-1.1972305220332793	2.2950650703063915						
PB.161551.113	Patient8	1	9	1359	1179	735.8351729212657	7633.587786259542	13.0	2.0	0.0	0.0	1593.7473141837554	932.8418843042037	SRSF6	217.0	262.0	0.004608294930875576	0.03435114503816794	932.8418843042037	2132.220370212808	3.1426141479393914	-0.07268772053566407	2.5142721838047035						
PB.161551.121	Patient10	0	2	1394	2180	0.0	917.4311926605506	20.5	1.0	0.0	0.0	553.9135859123627	92.02115523982647	SRSF6	248.0	345.0	0.0	0.005797101449275362	92.02115523982647	226.11066238837702	3.6504693263998567	0.6521399930854378	3.033722659493216						
PB.161551.121	Patient11	0	1	1367	2226	0.0	449.23629829290206	20.5	4.0	0.0	0.0	553.9135859123627	92.02115523982647	SRSF6	299.0	1145.0	0.0	0.0008733624454148472	92.02115523982647	226.11066238837702	1.579824406685909	-1.0284892687368183	2.547921654751518						
PB.161551.121	Patient13	0	1	2218	2495	0.0	400.80160320641284	20.5	5.0	0.0	0.0	553.9135859123627	92.02115523982647	SRSF6	387.0	696.0	0.0	0.0014367816091954023	92.02115523982647	226.11066238837702	1.3656164848883257	-1.1926883205684193	2.5004584419124556						
PB.161551.121	Patient5	0	1	1596	1993	0.0	501.75614651279477	20.5	3.0	0.0	0.0	553.9135859123627	92.02115523982647	SRSF6	354.0	682.0	0.0	0.001466275659824047	92.02115523982647	226.11066238837702	1.8120993806527819	-0.8693128265685723	2.5939330370909506						
PB.161551.121	Patient6	0	1	1602	1714	0.0	583.4305717619603	20.5	2.0	0.0	0.0	553.9135859123627	92.02115523982647	SRSF6	77.0	89.0	0.0	0.011235955056179775	92.02115523982647	226.11066238837702	2.1733137718117366	-0.6521399930854379	2.656708797995122	1.0	1.0	1.0	1.0	1.0	
PB.161551.166	Patient8	0	1	1359	1179	0.0	848.1764206955047	17.5	1.0	0.0	0.0	284.10273841308265	27.36052969985499	SRSF6	217.0	262.0	0.0	0.003816793893129771	27.36052969985499	152.33698221100502	5.388159060803247	9.729920501882418	5.567764362830022	1.0	1.0	1.0	1.0	1.0	
PB.161551.18	Patient10	161	119	1394	2180	115494.97847919655	54587.15596330276	8.0	12.0	50237.61031907671	41351.1939429237	66146.65887260679	45828.29338733267	SRSF6	248.0	345.0	0.6491935483870968	0.34492753623188405	45828.29338733267	30897.59039733579	0.2834804417863388	-19.512720539719503	0.14625746194235617						
PB.161551.18	Patient11	122	132	1367	2226	89246.52523774689	59299.191374663074	13.0	11.0	50237.61031907671	41351.1939429237	66146.65887260679	45828.29338733267	SRSF6	299.0	1145.0	0.4080267558528428	0.11528384279475982	45828.29338733267	30897.59039733579	0.43598538960798583	-17.68410220546945	0.18675981216556992						
PB.161551.18	Patient12	183	145	1791	2004	102177.55443886097	72355.28942115768	10.0	8.0	50237.61031907671	41351.1939429237	66146.65887260679	45828.29338733267	SRSF6	223.0	348.0	0.820627802690583	0.4166666666666667	45828.29338733267	30897.59039733579	0.8585457860206587	-13.28922504270812	0.28410262597212915						
PB.161551.18	Patient13	265	226	2218	2495	119477.0063119928	90581.1623246493	6.0	2.0	50237.61031907671	41351.1939429237	66146.65887260679	45828.29338733267	SRSF6	387.0	696.0	0.6847545219638242	0.32471264367816094	45828.29338733267	30897.59039733579	1.4484258598099462	-8.32751046996463	0.39400040921583585						
PB.161551.18	Patient15	186	204	1376	2573	135174.41860465115	79284.88146132919	2.0	5.0	50237.61031907671	41351.1939429237	66146.65887260679	45828.29338733267	SRSF6	324.0	294.0	0.5740740740740741	0.6938775510204082	45828.29338733267	30897.59039733579	1.0828219173001072	-11.269296211662253	0.32884234196898254						
PB.161551.18	Patient21	175	81	1417	1328	123500.35285815103	60993.97590361446	4.0	10.0	50237.61031907671	41351.1939429237	66146.65887260679	45828.29338733267	SRSF6	334.0	122.0	0.5239520958083832	0.6639344262295082	45828.29338733267	30897.59039733579	0.4908370627370827	-17.061743360102952	0.20054453445967654						
PB.161551.18	Patient25	164	257	1372	1946	119533.527696793	132065.77595066803	5.0	1.0	50237.61031907671	41351.1939429237	66146.65887260679	45828.29338733267	SRSF6	341.0	346.0	0.4809384164222874	0.7427745664739884	45828.29338733267	30897.59039733579	2.791074690755541	8.32751046996463	0.762895043185819						
PB.161551.18	Patient26	172	114	1690	1469	101775.14792899409	77603.81211708646	11.0	7.0	50237.61031907671	41351.1939429237	66146.65887260679	45828.29338733267	SRSF6	668.0	201.0	0.25748502994011974	0.5671641791044776	45828.29338733267	30897.59039733579	1.0284141358962964	-11.742611885388266	0.318358799928347						
PB.161551.18	Patient28	74	64	1473	1202	50237.61031907671	53244.59234608985	16.0	13.0	50237.61031907671	41351.1939429237	66146.65887260679	45828.29338733267	SRSF6	299.0	165.0	0.24749163879598662	0.3878787878787879	45828.29338733267	30897.59039733579	0.24002839261525927	-20.06270248569687	0.13407582678361454						
PB.161551.18	Patient3	192	131	1987	2019	96628.08253648717	64883.60574541853	12.0	9.0	50237.61031907671	41351.1939429237	66146.65887260679	45828.29338733267	SRSF6	371.0	172.0	0.5175202156334232	0.7616279069767442	45828.29338733267	30897.59039733579	0.6167248679602194	-15.69641510246664	0.23078540114283555						
PB.161551.18	Patient4	82	74	1554	1450	52767.05276705277	51034.482758620696	15.0	14.0	50237.61031907671	41351.1939429237	66146.65887260679	45828.29338733267	SRSF6	197.0	100.0	0.41624365482233505	0.74	45828.29338733267	30897.59039733579	0.16849823252679735	-20.999011416145457	0.1133373755125875						
PB.161551.18	Patient5	270	156	1596	1993	169172.93233082705	78273.95885599598	1.0	6.0	50237.61031907671	41351.1939429237	66146.65887260679	45828.29338733267	SRSF6	354.0	682.0	0.7627118644067796	0.2287390029325513	45828.29338733267	30897.59039733579	1.0501034239699485	-11.55271027628634	0.3225649600306148						
PB.161551.18	Patient7	202	139	1726	1705	117033.60370799537	81524.926686217	7.0	4.0	50237.61031907671	41351.1939429237	66146.65887260679	45828.29338733267	SRSF6	262.0	375.0	0.7709923664122137	0.37066666666666664	45828.29338733267	30897.59039733579	1.1553209437963925	-10.653959590355825	0.3424715279366181						
PB.161551.18	Patient8	169	97	1359	1179	124356.1442236939	82273.11280746396	3.0	3.0	50237.61031907671	41351.1939429237	66146.65887260679	45828.29338733267	SRSF6	217.0	262.0	0.7788018433179723	0.3702290076335878	45828.29338733267	30897.59039733579	1.1795359751831593	-10.452195215759952	0.3469404382660124						
PB.161551.19	Patient11	123	81	1367	2226	89978.05413313826	36388.14016172507	2.0	1.0	7078.507078507078	5507.474429583005	16450.57042214269	9691.84586219	SRSF6	299.0	1145.0	0.411371237458194	0.07074235807860262	9691.84586219	10474.678769756127	2.5486504060264004	3.0727994148097983	0.603173711781686						
PB.161551.19	Patient13	94	62	2218	2495	42380.52299368801	24849.699398797595	4.0	4.0	7078.507078507078	5507.474429583005	16450.57042214269	9691.84586219	SRSF6	387.0	696.0	0.24289405684754523	0.08908045977011494	9691.84586219	10474.678769756127	1.4470948341034904	-6.8072574943586135	0.4445718142067759						
PB.161551.19	Patient15	32	51	1376	2573	23255.81395348837	19821.220365332298	6.0	7.0	7078.507078507078	5507.474429583005	16450.57042214269	9691.84586219	SRSF6	324.0	294.0	0.09876543209876543	0.17346938775510204	9691.84586219	10474.678769756127	0.9670343812727854	-10.842557338256098	0.37979423059468437						
PB.161551.19	Patient21	20	25	1417	1328	14114.326040931546	18825.30120481928	9.0	8.0	7078.507078507078	5507.474429583005	16450.57042214269	9691.84586219	SRSF6	334.0	122.0	0.059880239520958084	0.20491803278688525	9691.84586219	10474.678769756127	0.8719556507069787	-11.762639283817887	0.3650244024619032						
PB.161551.19	Patient25	38	45	1372	1946	27696.793002915452	23124.357656731758	5.0	6.0	7078.507078507078	5507.474429583005	16450.57042214269	9691.84586219	SRSF6	341.0	346.0	0.11143695014662756	0.13005780346820808	9691.84586219	10474.678769756127	1.2823793540405148	-8.091588771696655	0.4239547894696414						
PB.161551.19	Patient26	180	45	1690	1469	106508.87573964498	30633.08373042886	1.0	2.0	7078.507078507078	5507.474429583005	16450.57042214269	9691.84586219	SRSF6	668.0	201.0	0.2694610778443114	0.22388059701492538	9691.84586219	10474.678769756127	1.9992248286127077	-3.072799414809797	0.5045200658490074						
PB.161551.19	Patient3	23	23	1987	2019	11575.239053850024	11391.778107974244	11.0	9.0	7078.507078507078	5507.474429583005	16450.57042214269	9691.84586219	SRSF6	371.0	172.0	0.06199460916442048	0.13372093023255813	9691.84586219	10474.678769756127	0.16228967810378217	-20.72765227605787	0.2211114589004617						
PB.161551.19	Patient31	72	53	966	1858	74534.16149068323	28525.29601722282	3.0	3.0	7078.507078507078	5507.474429583005	16450.57042214269	9691.84586219	SRSF6	153.0	125.0	0.47058823529411764	0.424	9691.84586219	10474.678769756127	1.7979978736351554	-4.3451855556013665	0.4840947931777243						
PB.161551.19	Patient5	29	22	1596	1993	18170.426065162905	11038.635223281484	8.0	10.0	7078.507078507078	5507.474429583005	16450.57042214269	9691.84586219	SRSF6	354.0	682.0	0.08192090395480225	0.03225806451612903	9691.84586219	10474.678769756127	0.12857571966599216	-21.289669329828413	0.21208955021947506						
PB.161551.19	Patient7	34	41	1726	1705	19698.725376593276	24046.92082111437	7.0	5.0	7078.507078507078	5507.474429583005	16450.57042214269	9691.84586219	SRSF6	262.0	375.0	0.1297709923664122	0.10933333333333334	9691.84586219	10474.678769756127	1.3704549107865946	-7.393365082221353	0.4351631866581004						
PB.161551.22	Patient10	2	5	1394	2180	1434.7202295552368	2293.5779816513764	10.0	7.0	813.6696501220504	0.0	1372.4935552085096	1686.99992983565	SRSF6	248.0	345.0	0.008064516129032258	0.014492753623188406	1686.99992983565	3537.709489716852	0.17146067351739364	-2.389741921356931	2.0567935037015688						
PB.161551.22	Patient11	1	21	1367	2226	731.528895391368	9433.962264150943	17.0	3.0	813.6696501220504	0.0	1372.4935552085096	1686.99992983565	SRSF6	299.0	1145.0	0.0033444816053511705	0.01834061135371179	1686.99992983565	3537.709489716852	2.1898243360099467	-0.3499540115257521	2.4325922846448154						
PB.161551.22	Patient12	0	10	1791	2004	0.0	4990.0199600798405	25.5	5.0	813.6696501220504	0.0	1372.4935552085096	1686.99992983565	SRSF6	223.0	348.0	0.0	0.028735632183908046	1686.99992983565	3537.709489716852	0.9336606185005187	-1.2686360857196128	2.263339588375506						
PB.161551.22	Patient13	0	30	2218	2495	0.0	12024.048096192384	25.5	1.0	813.6696501220504	0.0	1372.4935552085096	1686.99992983565	SRSF6	387.0	696.0	0.0	0.04310344827586207	1686.99992983565	3537.709489716852	2.9219607196135486	0.33483363274757777	2.5587536177337116	1.0	1.0	1.0	1.0	1.0	
PB.161551.22	Patient5	0	19	1596	1993	0.0	9533.366783743102	25.5	2.0	813.6696501220504	0.0	1372.4935552085096	1686.99992983565	SRSF6	354.0	682.0	0.0	0.02785923753665689	1686.99992983565	3537.709489716852	2.217922889574365	-0.3348336327475777	2.4353779761791414						
PB.161551.22	Patient7	2	8	1726	1705	1158.7485515643104	4692.08211143695	12.0	6.0	813.6696501220504	0.0	1372.4935552085096	1686.99992983565	SRSF6	262.0	375.0	0.007633587786259542	0.021333333333333333	1686.99992983565	3537.709489716852	0.8494428924523755	-1.3574350568239284	2.2469797771769104						
PB.161551.22	Patient8	0	11	1359	1179	0.0	9329.94062765055	25.5	4.0	813.6696501220504	0.0	1372.4935552085096	1686.99992983565	SRSF6	217.0	262.0	0.0	0.04198473282442748	1686.99992983565	3537.709489716852	2.16042066767518	-0.3659482364835067	2.4296456007213116						
PB.161551.263	Patient28	69	81	1473	1202	46843.17718940937	67387.68718801996	1.0	1.0	0.0	0.0	1541.5311049250517	2173.7963609038698	SRSF6	299.0	165.0	0.23076923076923078	0.4909090909090909	2173.7963609038698	12103.185910290156	5.388159060803246	16.04021880022073	5.5677643628300215	1.0	1.0	1.0	1.0	1.0	
PB.161551.31	Patient11	12	19	1367	2226	8778.346744696415	8535.489667565138	4.0	2.0	3036.4372469635628	1843.3179723502303	3514.1734442160996	2625.086178446902	SRSF6	299.0	1145.0	0.04013377926421405	0.016593886462882096	2625.086178446902	2971.02755035516	1.9893465775541865	-4.384566709219965	0.4023972739700473						
PB.161551.31	Patient13	7	8	2218	2495	3155.9963931469792	3206.4128256513027	15.0	11.0	3036.4372469635628	1843.3179723502303	3514.1734442160996	2625.086178446902	SRSF6	387.0	696.0	0.01808785529715762	0.011494252873563218	2625.086178446902	2971.02755035516	0.19566518228176918	-19.658269931086902	0.1535574081673926						
PB.161551.31	Patient15	10	10	1376	2573	7267.441860465116	3886.51379712398	6.0	7.0	3036.4372469635628	1843.3179723502303	3514.1734442160996	2625.086178446902	SRSF6	324.0	294.0	0.030864197530864196	0.034013605442176874	2625.086178446902	2971.02755035516	0.42457621051891137	-16.657701273858127	0.2024428088557788						
PB.161551.31	Patient16	0	5	1395	1271	0.0	3933.910306845004	27.5	6.0	3036.4372469635628	1843.3179723502303	3514.1734442160996	2625.086178446902	SRSF6	93.0	54.0	0.0	0.09259259259259259	2625.086178446902	2971.02755035516	0.44052911197058525	-16.468618100709325	0.20552336049073042						
PB.161551.31	Patient18	3	11	988	1387	3036.4372469635628	7930.785868781542	16.0	4.0	3036.4372469635628	1843.3179723502303	3514.1734442160996	2625.086178446902	SRSF6	157.0	82.0	0.01910828025477707	0.13414634146341464	2625.086178446902	2971.02755035516	1.785813022736996	-5.530956838032996	0.3837202339839022						
PB.161551.31	Patient25	5	22	1372	1946	3644.3148688046645	11305.24152106886	12.0	1.0	3036.4372469635628	1843.3179723502303	3514.1734442160996	2625.086178446902	SRSF6	341.0	346.0	0.01466275659824047	0.06358381502890173	2625.086178446902	2971.02755035516	2.921600421236189	4.384566709219966	0.5452643934467503						
PB.161551.31	Patient26	15	12	1690	1469	8875.739644970414	8168.822328114363	3.0	3.0	3036.4372469635628	1843.3179723502303	3514.1734442160996	2625.086178446902	SRSF6	668.0	201.0	0.02245508982035928	0.05970149253731343	2625.086178446902	2971.02755035516	1.8659322593641905	-5.069587814815475	0.3912368790407856						
PB.161551.31	Patient3	12	7	1987	2019	6039.255158530448	3467.0629024269438	7.0	8.0	3036.4372469635628	1843.3179723502303	3514.1734442160996	2625.086178446902	SRSF6	371.0	172.0	0.03234501347708895	0.040697674418604654	2625.086178446902	2971.02755035516	0.28339579815723714	-18.43917071494299	0.1734190279028776						
PB.161551.31	Patient4	4	5	1554	1450	2574.002574002574	3448.2758620689656	18.0	9.0	3036.4372469635628	1843.3179723502303	3514.1734442160996	2625.086178446902	SRSF6	197.0	100.0	0.02030456852791878	0.05	2625.086178446902	2971.02755035516	0.27707238309643356	-18.523925251816525	0.1720382031431309						
PB.161551.31	Patient5	25	12	1596	1993	15664.160401002506	6021.073758153538	1.0	5.0	3036.4372469635628	1843.3179723502303	3514.1734442160996	2625.086178446902	SRSF6	354.0	682.0	0.07062146892655367	0.017595307917888565	2625.086178446902	2971.02755035516	1.1430346983152935	-9.828793278809291	0.31369968771366974						
PB.161551.31	Patient8	14	4	1359	1179	10301.69242089772	3392.705682782019	2.0	10.0	3036.4372469635628	1843.3179723502303	3514.1734442160996	2625.086178446902	SRSF6	217.0	262.0	0.06451612903225806	0.015267175572519083	2625.086178446902	2971.02755035516	0.25836835617473647	-18.777349717911402	0.1679094002445729						
PB.161551.35	Patient10	0	1	1394	2180	0.0	458.7155963302753	18.5	3.0	0.0	0.0	1437.072684758524	111.6836721251508	SRSF6	248.0	345.0	0.0	0.002898550724637681	111.6836721251508	382.3950112081929	0.9075221015793661	-1.8566163861943106	2.9057729537342905						
PB.161551.35	Patient28	60	2	1473	1202	40733.19755600815	1663.8935108153078	1.0	1.0	0.0	0.0	1437.072684758524	111.6836721251508	SRSF6	299.0	165.0	0.20066889632107024	0.012121212121212121	111.6836721251508	382.3950112081929	4.059179103267811	0.3125674986276103	3.6184289733202353						
PB.161551.35	Patient9	0	2	1722	1493	0.0	1339.5847287340923	18.5	2.0	0.0	0.0	1437.072684758524	111.6836721251508	SRSF6	3.0	7.0	0.0	0.2857142857142857	111.6836721251508	382.3950112081929	3.2110802197166146	-0.3125674986276103	3.4130493271016533	1.0	1.0	1.0	1.0	1.0	
PB.161551.38	Patient10	15	139	1394	2180	10760.401721664277	63761.46788990826	18.0	6.0	12307.692307692309	1843.3179723502303	24056.45237058164	27881.244818305102	SRSF6	248.0	345.0	0.06048387096774194	0.4028985507246377	27881.244818305102	58330.05830470048	0.6151240734952562	-22.043890376122498	0.9688067752135795						
PB.161551.38	Patient11	12	586	1367	2226	8778.346744696415	263252.4707996406	23.0	1.0	12307.692307692309	1843.3179723502303	24056.45237058164	27881.244818305102	SRSF6	299.0	1145.0	0.04013377926421405	0.5117903930131005	27881.244818305102	58330.05830470048	4.03516185003313	8.432926021200098	1.4892780488988646						
PB.161551.38	Patient12	1	120	1791	2004	558.3472920156337	59880.239520958086	29.0	7.0	12307.692307692309	1843.3179723502303	24056.45237058164	27881.244818305102	SRSF6	223.0	348.0	0.004484304932735426	0.3448275862068966	27881.244818305102	58330.05830470048	0.5485849943008607	-23.020219874072346	0.9521333979582336						
PB.161551.38	Patient13	10	241	2218	2495	4508.566275924256	96593.18637274549	28.0	3.0	12307.692307692309	1843.3179723502303	24056.45237058164	27881.244818305102	SRSF6	387.0	696.0	0.025839793281653745	0.34626436781609193	27881.244818305102	58330.05830470048	1.1779851341054342	-15.586682960978901	1.0790804640397227						
PB.161551.38	Patient5	14	305	1596	1993	8771.929824561403	153035.6246864024	24.0	2.0	12307.692307692309	1843.3179723502303	24056.45237058164	27881.244818305102	SRSF6	354.0	682.0	0.03954802259887006	0.4472140762463343	27881.244818305102	58330.05830470048	2.1456241174031514	-8.432926021200098	1.2012495560321763						
PB.161551.38	Patient7	17	147	1726	1705	9849.362688296638	86217.00879765395	20.0	5.0	12307.692307692309	1843.3179723502303	24056.45237058164	27881.244818305102	SRSF6	262.0	375.0	0.0648854961832061	0.392	27881.244818305102	58330.05830470048	1.0000978170571777	-17.353354356178087	1.0489099337830436						
PB.161551.38	Patient8	8	110	1359	1179	5886.681383370125	93299.40627650551	27.0	4.0	12307.692307692309	1843.3179723502303	24056.45237058164	27881.244818305102	SRSF6	217.0	262.0	0.03686635944700461	0.4198473282442748	27881.244818305102	58330.05830470048	1.1215171621546065	-16.126047125693876	1.0698694116079452						
PB.161551.51	Patient11	5	3	1367	2226	3657.6444769568398	1347.7088948787064	4.0	9.0	0.0	0.0	1473.3934869156656	889.2655802983257	SRSF6	299.0	1145.0	0.016722408026755852	0.0026200873362445414	889.2655802983257	1347.6890146738165	0.34016995730379124	-2.0138515038531764	1.9658162838958226						
PB.161551.51	Patient12	5	4	1791	2004	2791.736460078169	1996.0079840319358	5.0	5.0	0.0	0.0	1473.3934869156656	889.2655802983257	SRSF6	223.0	348.0	0.02242152466367713	0.011494252873563218	889.2655802983257	1347.6890146738165	0.8212149774044695	-1.4475903939793044	1.9773128456109852						
PB.161551.51	Patient13	1	3	2218	2495	450.8566275924256	1202.4048096192384	15.0	10.0	0.0	0.0	1473.3934869156656	889.2655802983257	SRSF6	387.0	696.0	0.002583979328165375	0.004310344827586207	889.2655802983257	1347.6890146738165	0.23235273561735037	-2.178308466786457	1.9624773831822069						
PB.161551.51	Patient15	0	10	1376	2573	0.0	3886.51379712398	23.5	2.0	0.0	0.0	1473.3934869156656	889.2655802983257	SRSF6	324.0	294.0	0.0	0.034013605442176874	889.2655802983257	1347.6890146738165	2.2239909832247786	-0.48658269916088887	1.9968237816077852						
PB.161551.51	Patient16	0	2	1395	1271	0.0	1573.5641227380015	23.5	7.0	0.0	0.0	1473.3934869156656	889.2655802983257	SRSF6	93.0	54.0	0.0	0.037037037037037035	889.2655802983257	1347.6890146738165	0.5077570084707544	-1.790477983507782	1.970351342753663						
PB.161551.51	Patient18	2	2	988	1387	2024.2914979757086	1441.9610670511895	8.0	8.0	0.0	0.0	1473.3934869156656	889.2655802983257	SRSF6	157.0	82.0	0.012738853503184714	0.024390243902439025	889.2655802983257	1347.6890146738165	0.41010610069165965	-1.9163981200800166	1.9677948390559132	1.0	1.0	1.0	1.0	1.0	
PB.161551.51	Patient20	0	3	1888	1738	0.0	1726.121979286536	23.5	6.0	0.0	0.0	1473.3934869156656	889.2655802983257	SRSF6	54.0	81.0	0.0	0.037037037037037035	889.2655802983257	1347.6890146738165	0.620956607849739	-1.657060516777625	1.9730600615997895						
PB.161551.51	Patient25	0	7	1372	1946	0.0	3597.1223021582737	23.5	3.0	0.0	0.0	1473.3934869156656	889.2655802983257	SRSF6	341.0	346.0	0.0	0.02023121387283237	889.2655802983257	1347.6890146738165	2.009259326429499	-0.5981862692415152	1.9945579411523986						
PB.161551.51	Patient26	17	8	1690	1469	10059.171597633136	5445.881552076242	1.0	1.0	0.0	0.0	1473.3934869156656	889.2655802983257	SRSF6	668.0	201.0	0.025449101796407185	0.03980099502487562	889.2655802983257	1347.6890146738165	3.381058925438197	0.4865826991608889	2.0165815503575395						
PB.161551.51	Patient4	0	3	1554	1450	0.0	2068.9655172413795	23.5	4.0	0.0	0.0	1473.3934869156656	889.2655802983257	SRSF6	197.0	100.0	0.0	0.03	889.2655802983257	1347.6890146738165	0.8753502656015776	-1.3958237600396435	1.9783638418589988						
PB.161551.53	Patient10	29	20	1394	2180	20803.44332855093	9174.311926605506	2.0	2.0	0.0	0.0	2860.4608273231834	1015.3048038106307	SRSF6	248.0	345.0	0.11693548387096774	0.057971014492753624	1015.3048038106307	3431.1727505794142	2.377906248356945	-0.854825656581758	3.0613129415178055	1.0	1.0	1.0	1.0	1.0	
PB.161551.53	Patient30	99	30	1658	1808	59710.49457177322	16592.920353982303	1.0	1.0	0.0	0.0	2860.4608273231834	1015.3048038106307	SRSF6	496.0	127.0	0.19959677419354838	0.23622047244094488	1015.3048038106307	3431.1727505794142	4.540026598060711	0.8548256565817581	3.458909416186185	1.0	1.0	1.0	1.0	1.0	
PB.161551.53	Patient5	9	10	1596	1993	5639.097744360902	5017.5614651279475	3.0	3.0	0.0	0.0	2860.4608273231834	1015.3048038106307	SRSF6	354.0	682.0	0.025423728813559324	0.01466275659824047	1015.3048038106307	3431.1727505794142	1.166439859561564	-1.7253089764730989	2.858873358322327	1.0	1.0	1.0	1.0	1.0	
PB.161551.569	Patient15	2	3	1376	2573	1453.4883720930231	1165.954139137194	6.0	5.0	0.0	0.0	1084.2824272136497	368.18156622775007	SRSF6	324.0	294.0	0.006172839506172839	0.01020408163265306	368.18156622775007	672.3515069586703	1.1865409159534812	-1.2882154966850987	2.1267321664688543	1.0	1.0	1.0	1.0	1.0	
PB.161551.569	Patient16	2	1	1395	1271	1433.6917562724013	786.7820613690008	7.0	6.0	0.0	0.0	1084.2824272136497	368.18156622775007	SRSF6	93.0	54.0	0.021505376344086023	0.018518518518518517	368.18156622775007	672.3515069586703	0.622591740791595	-1.855094890720742	2.0084029877294247						
PB.161551.569	Patient19	1	1	1229	1548	813.6696501220504	645.9948320413437	9.0	7.0	0.0	0.0	1084.2824272136497	368.18156622775007	SRSF6	74.0	31.0	0.013513513513513514	0.03225806451612903	368.18156622775007	672.3515069586703	0.41319646485252975	-2.139137267812095	1.9491125962245575						
PB.161551.569	Patient22	4	6	1221	2106	3276.0032760032764	2849.002849002849	3.0	1.0	0.0	0.0	1084.2824272136497	368.18156622775007	SRSF6	58.0	43.0	0.06896551724137931	0.13953488372093023	368.18156622775007	672.3515069586703	3.6897683088372943	0.8180819240670323	2.566396134855942						
PB.161551.569	Patient25	4	1	1372	1946	2915.451895043732	513.874614594039	4.0	9.0	0.0	0.0	1084.2824272136497	368.18156622775007	SRSF6	341.0	346.0	0.011730205278592375	0.002890173410404624	368.18156622775007	672.3515069586703	0.21669178526173033	-2.4686703151801157	1.880326580587327						
PB.161551.569	Patient26	9	2	1690	1469	5325.443786982249	1361.4703880190605	2.0	4.0	0.0	0.0	1084.2824272136497	368.18156622775007	SRSF6	668.0	201.0	0.01347305389221557	0.009950248756218905	368.18156622775007	672.3515069586703	1.4773356072099475	-1.0647384868230931	2.1733802742010115						
PB.161551.569	Patient27	12	2	917	1439	13086.150490730643	1389.854065323141	1.0	3.0	0.0	0.0	1084.2824272136497	368.18156622775007	SRSF6	92.0	45.0	0.13043478260869565	0.044444444444444446	368.18156622775007	672.3515069586703	1.5195511403207036	-1.0349923077115648	2.179589427297661	1.0	1.0	1.0	1.0	1.0	
PB.161551.569	Patient29	3	3	1044	1857	2873.5632183908046	1615.5088852988692	5.0	2.0	0.0	0.0	1084.2824272136497	368.18156622775007	SRSF6	61.0	35.0	0.04918032786885246	0.08571428571428572	368.18156622775007	672.3515069586703	1.8551714485080988	-0.8180819240670324	2.224866831674611						
PB.161551.569	Patient5	1	1	1596	1993	626.5664160401002	501.75614651279477	11.0	10.0	0.0	0.0	1084.2824272136497	368.18156622775007	SRSF6	354.0	682.0	0.002824858757062147	0.001466275659824047	368.18156622775007	672.3515069586703	0.19866777853932227	-2.503032641853858	1.873153862831733						
PB.161551.569	Patient6	0	1	1602	1714	0.0	583.4305717619603	21.5	8.0	0.0	0.0	1084.2824272136497	368.18156622775007	SRSF6	77.0	89.0	0.0	0.011235955056179775	368.18156622775007	672.3515069586703	0.3201435607809855	-2.2858598083707236	1.918486050420401						
PB.161551.572	Patient1	1	3	1902	1717	525.7623554153522	1747.2335468841002	15.0	3.0	0.0	831.9467554076539	982.1561990253622	802.0300453852691	SRSF6	191.0	95.0	0.005235602094240838	0.031578947368421054	802.0300453852691	901.0915553592606	1.0489539002748542	-10.406400889469506	0.21503474031452216						
PB.161551.572	Patient10	0	2	1394	2180	0.0	917.4311926605506	23.5	15.0	0.0	831.9467554076539	982.1561990253622	802.0300453852691	SRSF6	248.0	345.0	0.0	0.005797101449275362	802.0300453852691	901.0915553592606	0.12806817086336095	-19.381108327806817	0.038457710661182636						
PB.161551.572	Patient11	1	3	1367	2226	731.528895391368	1347.7088948787064	11.0	6.0	0.0	831.9467554076539	982.1561990253622	802.0300453852691	SRSF6	299.0	1145.0	0.0033444816053511705	0.0026200873362445414	802.0300453852691	901.0915553592606	0.6055753671732923	-14.023896282563953	0.14386065517736948						
PB.161551.572	Patient14	1	2	1161	1708	861.3264427217915	1170.9601873536299	9.0	9.0	0.0	831.9467554076539	982.1561990253622	802.0300453852691	SRSF6	121.0	44.0	0.008264462809917356	0.045454545454545456	802.0300453852691	901.0915553592606	0.40942581225419455	-15.982400147183247	0.10532716566195745						
PB.161551.572	Patient15	1	3	1376	2573	726.7441860465116	1165.954139137194	12.0	10.0	0.0	831.9467554076539	982.1561990253622	802.0300453852691	SRSF6	324.0	294.0	0.0030864197530864196	0.01020408163265306	802.0300453852691	901.0915553592606	0.40387027443269097	-16.042083347130525	0.10415290095870054						
PB.161551.572	Patient17	0	2	975	1227	0.0	1629.9918500407498	23.5	4.0	0.0	831.9467554076539	982.1561990253622	802.0300453852691	SRSF6	56.0	25.0	0.0	0.08	802.0300453852691	901.0915553592606	0.9188431516544138	-11.374255239988058	0.1959922425477883						
PB.161551.572	Patient19	7	2	1229	1548	5695.6875508543535	1291.9896640826873	2.0	8.0	0.0	831.9467554076539	982.1561990253622	802.0300453852691	SRSF6	74.0	31.0	0.0945945945945946	0.06451612903225806	802.0300453852691	901.0915553592606	0.5437401069662381	-14.612139585164396	0.13228699043115685						
PB.161551.572	Patient2	1	4	1277	1085	783.0853563038371	3686.6359447004606	10.0	1.0	0.0	831.9467554076539	982.1561990253622	802.0300453852691	SRSF6	88.0	62.0	0.011363636363636364	0.06451612903225806	802.0300453852691	901.0915553592606	3.201235082227703	3.456836586006108	0.4877934136882648						
PB.161551.572	Patient20	1	5	1888	1738	529.6610169491526	2876.8699654775605	14.0	2.0	0.0	831.9467554076539	982.1561990253622	802.0300453852691	SRSF6	54.0	81.0	0.018518518518518517	0.06172839506172839	802.0300453852691	901.0915553592606	2.3025850234109266	-3.456836586006108	0.35176715532879804						
PB.161551.572	Patient25	2	2	1372	1946	1457.725947521866	1027.749229188078	5.0	13.0	0.0	831.9467554076539	982.1561990253622	802.0300453852691	SRSF6	341.0	346.0	0.005865102639296188	0.005780346820809248	802.0300453852691	901.0915553592606	0.25049528259402665	-17.79958220934807	0.06957417726862875						
PB.161551.572	Patient27	10	2	917	1439	10905.125408942204	1389.854065323141	1.0	5.0	0.0	831.9467554076539	982.1561990253622	802.0300453852691	SRSF6	92.0	45.0	0.10869565217391304	0.044444444444444446	802.0300453852691	901.0915553592606	0.6523466083349426	-13.594882232265254	0.15230149040255953						
PB.161551.572	Patient28	3	1	1473	1202	2036.6598778004072	831.9467554076539	4.0	16.0	0.0	831.9467554076539	982.1561990253622	802.0300453852691	SRSF6	299.0	165.0	0.010033444816053512	0.006060606060606061	802.0300453852691	901.0915553592606	0.03320052201627519	-20.902228349873905	-0.006434257754768782						
PB.161551.572	Patient29	1	2	1044	1857	957.8544061302681	1077.0059235325793	8.0	11.0	0.0	831.9467554076539	982.1561990253622	802.0300453852691	SRSF6	61.0	35.0	0.01639344262295082	0.05714285714285714	802.0300453852691	901.0915553592606	0.3051586451031369	-17.147501918742307	0.08240383234114929						
PB.161551.572	Patient31	2	2	966	1858	2070.393374741201	1076.426264800861	3.0	12.0	0.0	831.9467554076539	982.1561990253622	802.0300453852691	SRSF6	153.0	125.0	0.013071895424836602	0.016	802.0300453852691	901.0915553592606	0.3045153600470615	-17.155001011944606	0.08225628796581969						
PB.161551.572	Patient5	0	2	1596	1993	0.0	1003.5122930255895	23.5	14.0	0.0	831.9467554076539	982.1561990253622	802.0300453852691	SRSF6	354.0	682.0	0.0	0.002932551319648094	802.0300453852691	901.0915553592606	0.22359797563521777	-18.131993503175508	0.06303399762594318						
PB.161551.572	Patient9	2	2	1722	1493	1161.4401858304298	1339.5847287340923	7.0	7.0	0.0	831.9467554076539	982.1561990253622	802.0300453852691	SRSF6	3.0	7.0	0.6666666666666666	0.2857142857142857	802.0300453852691	901.0915553592606	0.596559450759144	-14.108135169167284	0.14220325826722838						
PB.161551.582	Patient11	2	4	1367	2226	1463.057790782736	1796.9451931716083	11.0	6.0	0.0	0.0	1579.6408362637187	696.1926290120907	SRSF6	299.0	1145.0	0.006688963210702341	0.0034934497816593887	696.1926290120907	1085.6390045692679	1.0139213491101917	-1.129981707222517	2.044802524717965						
PB.161551.582	Patient15	4	3	1376	2573	2906.9767441860463	1165.954139137194	6.0	9.0	0.0	0.0	1579.6408362637187	696.1926290120907	SRSF6	324.0	294.0	0.012345679012345678	0.01020408163265306	696.1926290120907	1085.6390045692679	0.4327050779752366	-1.7535828862381737	1.9268663851485517						
PB.161551.582	Patient16	9	5	1395	1271	6451.612903225807	3933.910306845004	2.0	1.0	0.0	0.0	1579.6408362637187	696.1926290120907	SRSF6	93.0	54.0	0.0967741935483871	0.09259259259259259	696.1926290120907	1085.6390045692679	2.9823151749392904	0.3851070024434856	2.331337764765556	1.0	1.0	1.0	1.0	1.0	
PB.161551.582	Patient17	3	1	975	1227	3076.923076923077	814.9959250203749	5.0	10.0	0.0	0.0	1579.6408362637187	696.1926290120907	SRSF6	56.0	25.0	0.05357142857142857	0.04	696.1926290120907	1085.6390045692679	0.10943167619094518	-2.269696898327727	1.8292583365884076	1.0	1.0	1.0	1.0	1.0	
PB.161551.582	Patient19	1	3	1229	1548	813.6696501220504	1937.984496124031	13.0	5.0	0.0	0.0	1579.6408362637187	696.1926290120907	SRSF6	74.0	31.0	0.013513513513513514	0.0967741935483871	696.1926290120907	1085.6390045692679	1.1438349781883774	-1.0210294831371374	2.065407688945547						
PB.161551.582	Patient21	4	4	1417	1328	2822.8652081863092	3012.0481927710844	7.0	2.0	0.0	0.0	1579.6408362637187	696.1926290120907	SRSF6	334.0	122.0	0.011976047904191617	0.03278688524590164	696.1926290120907	1085.6390045692679	2.133172771070269	-0.3851070024434857	2.185674046614719						
PB.161551.582	Patient26	6	3	1690	1469	3550.2958579881656	2042.2055820285907	4.0	4.0	0.0	0.0	1579.6408362637187	696.1926290120907	SRSF6	668.0	201.0	0.008982035928143712	0.014925373134328358	696.1926290120907	1085.6390045692679	1.2398347400483614	-0.9454963794248943	2.079692592440405						
PB.161551.582	Patient27	14	4	917	1439	15267.175572519083	2779.708130646282	1.0	3.0	0.0	0.0	1579.6408362637187	696.1926290120907	SRSF6	92.0	45.0	0.15217391304347827	0.08888888888888889	696.1926290120907	1085.6390045692679	1.9191605062686887	-0.5008784268917161	2.163779227728346						
PB.161551.582	Patient30	3	3	1658	1808	1809.4089264173704	1659.2920353982302	9.0	7.0	0.0	0.0	1579.6408362637187	696.1926290120907	SRSF6	496.0	127.0	0.006048387096774193	0.023622047244094488	696.1926290120907	1085.6390045692679	0.8871267542273441	-1.2448937257339745	2.023070237625817						
PB.161551.582	Patient6	3	2	1602	1714	1872.6591760299625	1166.8611435239206	8.0	8.0	0.0	0.0	1579.6408362637187	696.1926290120907	SRSF6	77.0	89.0	0.03896103896103896	0.02247191011235955	696.1926290120907	1085.6390045692679	0.4335405346812956	-1.75246200031085	1.9270783683256443						
PB.161551.598	Patient14	0	1	1161	1708	0.0	585.4800936768149	18.5	7.0	0.0	0.0	696.8469069485643	329.5465345074112	SRSF6	121.0	44.0	0.0	0.022727272727272728	329.5465345074112	654.2185420886813	0.3912049914579021	-2.1993359508722565	1.9924802246935547	1.0	1.0	1.0	1.0	1.0	
PB.161551.598	Patient20	4	2	1888	1738	2118.64406779661	1150.7479861910242	3.0	3.0	0.0	0.0	696.8469069485643	329.5465345074112	SRSF6	54.0	81.0	0.07407407407407407	0.024691358024691357	329.5465345074112	654.2185420886813	1.2552402581892836	-1.2256649216555575	2.2034451312936527	1.0	1.0	1.0	1.0	1.0	
PB.161551.598	Patient22	1	1	1221	2106	819.0008190008191	474.8338081671415	5.0	9.0	0.0	0.0	696.8469069485643	329.5465345074112	SRSF6	58.0	43.0	0.017241379310344827	0.023255813953488372	329.5465345074112	654.2185420886813	0.22207758464913122	-2.5009603125448483	1.9271273967062998						
PB.161551.598	Patient26	0	3	1690	1469	0.0	2042.2055820285907	18.5	2.0	0.0	0.0	696.8469069485643	329.5465345074112	SRSF6	668.0	201.0	0.0	0.014925373134328358	329.5465345074112	654.2185420886813	2.617869927766467	-0.3986556254805256	2.3826328997387463	1.0	1.0	1.0	1.0	1.0	
PB.161551.598	Patient27	11	1	917	1439	11995.637949836422	694.9270326615705	1.0	6.0	0.0	0.0	696.8469069485643	329.5465345074112	SRSF6	92.0	45.0	0.11956521739130435	0.022222222222222223	329.5465345074112	654.2185420886813	0.5584991476818015	-1.952482043268049	2.0459659606340463						
PB.161551.598	Patient29	5	5	1044	1857	4789.272030651341	2692.5148088314486	2.0	1.0	0.0	0.0	696.8469069485643	329.5465345074112	SRSF6	61.0	35.0	0.08196721311475409	0.14285714285714285	329.5465345074112	654.2185420886813	3.611894378260728	0.3986556254805255	2.555386004784424	1.0	1.0	1.0	1.0	1.0	
PB.161551.598	Patient3	0	1	1987	2019	0.0	495.2947003467063	18.5	8.0	0.0	0.0	696.8469069485643	329.5465345074112	SRSF6	371.0	172.0	0.0	0.005813953488372093	329.5465345074112	654.2185420886813	0.253352901478643	-2.440221042978477	1.9402877495837354						
PB.161551.598	Patient31	0	2	966	1858	0.0	1076.426264800861	18.5	4.0	0.0	0.0	696.8469069485643	329.5465345074112	SRSF6	153.0	125.0	0.0	0.016	329.5465345074112	654.2185420886813	1.1416364444653848	-1.3219008572704056	2.1825937301947698	1.0	1.0	1.0	1.0	1.0	
PB.161551.598	Patient5	3	2	1596	1993	1879.6992481203006	1003.5122930255895	4.0	5.0	0.0	0.0	696.8469069485643	329.5465345074112	SRSF6	354.0	682.0	0.00847457627118644	0.002932551319648094	329.5465345074112	654.2185420886813	1.0301844340370594	-1.4229947774757772	2.160689751546949						
PB.161551.604	Patient11	2	3	1367	2226	1463.057790782736	1347.7088948787064	11.0	11.0	0.0	645.9948320413437	1393.892593594069	1060.6167864373883	SRSF6	299.0	1145.0	0.006688963210702341	0.0026200873362445414	1060.6167864373883	1363.7035733149542	0.21052383674807068	-18.916576031266906	0.2091974185341367						
PB.161551.604	Patient15	4	6	1376	2573	2906.9767441860463	2331.908278274388	3.0	5.0	0.0	645.9948320413437	1393.892593594069	1060.6167864373883	SRSF6	324.0	294.0	0.012345679012345678	0.02040816326530612	1060.6167864373883	1363.7035733149542	0.9322344802152899	-11.572308025485876	0.35579841715159943						
PB.161551.604	Patient16	0	2	1395	1271	0.0	1573.5641227380015	23.0	8.0	0.0	645.9948320413437	1393.892593594069	1060.6167864373883	SRSF6	93.0	54.0	0.0	0.037037037037037035	1060.6167864373883	1363.7035733149542	0.3761428409648564	-16.841421060511937	0.25062017036715856						
PB.161551.604	Patient18	16	2	988	1387	16194.331983805669	1441.9610670511895	1.0	9.0	0.0	645.9948320413437	1393.892593594069	1060.6167864373883	SRSF6	157.0	82.0	0.10191082802547771	0.024390243902439025	1060.6167864373883	1363.7035733149542	0.2796386898707112	-18.011227566323246	0.22726933379554234						
PB.161551.604	Patient20	4	7	1888	1738	2118.64406779661	4027.6179516685847	8.0	2.0	0.0	645.9948320413437	1393.892593594069	1060.6167864373883	SRSF6	54.0	81.0	0.07407407407407407	0.08641975308641975	1060.6167864373883	1363.7035733149542	2.1756936208789655	-4.250291464534131	0.5019552484224883						
PB.161551.604	Patient21	4	3	1417	1328	2822.8652081863092	2259.0361445783133	4.0	6.0	0.0	645.9948320413437	1393.892593594069	1060.6167864373883	SRSF6	334.0	122.0	0.011976047904191617	0.02459016393442623	1060.6167864373883	1363.7035733149542	0.8787975492560685	-11.997642047260143	0.34730820515375194						
PB.161551.604	Patient26	4	4	1690	1469	2366.8639053254437	2722.940776038121	6.0	4.0	0.0	645.9948320413437	1393.892593594069	1060.6167864373883	SRSF6	668.0	201.0	0.005988023952095809	0.01990049751243781	1060.6167864373883	1363.7035733149542	1.218977512510199	-9.495367229873327	0.39725681633671556						
PB.161551.604	Patient28	3	2	1473	1202	2036.6598778004072	1663.8935108153078	9.0	7.0	0.0	645.9948320413437	1393.892593594069	1060.6167864373883	SRSF6	299.0	165.0	0.010033444816053512	0.012121212121212121	1060.6167864373883	1363.7035733149542	0.4423811275286507	-16.093780695955505	0.2655440298946733						
PB.161551.604	Patient29	1	6	1044	1857	957.8544061302681	3231.0177705977385	13.0	3.0	0.0	645.9948320413437	1393.892593594069	1060.6167864373883	SRSF6	61.0	35.0	0.01639344262295082	0.17142857142857143	1060.6167864373883	1363.7035733149542	1.5915489455559895	-7.203138012312546	0.4430126482439961						
PB.161551.604	Patient30	4	10	1658	1808	2412.5452352231605	5530.973451327433	5.0	1.0	0.0	645.9948320413437	1393.892593594069	1060.6167864373883	SRSF6	496.0	127.0	0.008064516129032258	0.07874015748031496	1060.6167864373883	1363.7035733149542	3.278099986218628	4.25029146453413	0.6716377743394378						
PB.161551.604	Patient31	0	2	966	1858	0.0	1076.426264800861	23.0	12.0	0.0	645.9948320413437	1393.892593594069	1060.6167864373883	SRSF6	153.0	125.0	0.0	0.016	1060.6167864373883	1363.7035733149542	0.011593046078952642	-21.926463455466035	0.14911620938348977						
PB.161551.604	Patient4	0	2	1554	1450	0.0	1379.310344827586	23.0	10.0	0.0	645.9948320413437	1393.892593594069	1060.6167864373883	SRSF6	197.0	100.0	0.0	0.02	1060.6167864373883	1363.7035733149542	0.23369709123479274	-18.60616066920353	0.2153937068543439						
PB.161551.61	Patient10	0	25	1394	2180	0.0	11467.88990825688	22.0	5.0	0.0	0.0	4137.538206592386	5096.228719210569	SRSF6	248.0	345.0	0.0	0.07246376811594203	5096.228719210569	14236.45635603268	0.447559493015713	-2.5833013873631323	2.246193128554248						
PB.161551.61	Patient11	3	153	1367	2226	2194.5866861741038	68733.15363881402	7.0	1.0	0.0	0.0	4137.538206592386	5096.228719210569	SRSF6	299.0	1145.0	0.010033444816053512	0.13362445414847163	5096.228719210569	14236.45635603268	4.469997542094623	1.0103918255104305	2.8447742735573596						
PB.161551.61	Patient13	1	65	2218	2495	450.8566275924256	26052.104208416833	12.0	3.0	0.0	0.0	4137.538206592386	5096.228719210569	SRSF6	387.0	696.0	0.002583979328165375	0.09339080459770115	5096.228719210569	14236.45635603268	1.471986775720788	-1.399571865961139	2.4433602572775754						
PB.161551.61	Patient5	0	68	1596	1993	0.0	34119.417962870044	22.0	2.0	0.0	0.0	4137.538206592386	5096.228719210569	SRSF6	354.0	682.0	0.0	0.09970674486803519	5096.228719210569	14236.45635603268	2.0386526336212127	-1.0103918255104305	2.508183774596982						
PB.161551.61	Patient7	1	23	1726	1705	579.3742757821552	13489.736070381232	11.0	4.0	0.0	0.0	4137.538206592386	5096.228719210569	SRSF6	262.0	375.0	0.003816793893129771	0.06133333333333333	5096.228719210569	14236.45635603268	0.5895784134240629	-2.349058079204164	2.285209711022899	1.0	1.0	1.0	1.0	1.0	
PB.161551.620	Patient10	10	15	1394	2180	7173.601147776184	6880.733944954129	3.0	3.0	2181.0250817884407	553.0973451327434	2725.4634912048077	2540.9791757663725	SRSF6	248.0	345.0	0.04032258064516129	0.043478260869565216	2540.9791757663725	3971.3839009465764	1.0927562979125183	-12.478458046054374	0.6377945426755092						
PB.161551.620	Patient11	14	40	1367	2226	10241.40453547915	17969.451931716085	1.0	1.0	2181.0250817884407	553.0973451327434	2725.4634912048077	2540.9791757663725	SRSF6	299.0	1145.0	0.046822742474916385	0.034934497816593885	2540.9791757663725	3971.3839009465764	3.88491093804161	6.592307261387801	0.9862517717211441						
PB.161551.620	Patient12	8	10	1791	2004	4466.7783361250695	4990.0199600798405	8.0	7.0	2181.0250817884407	553.0973451327434	2725.4634912048077	2540.9791757663725	SRSF6	223.0	348.0	0.03587443946188341	0.028735632183908046	2540.9791757663725	3971.3839009465764	0.6166718819930103	-16.65455356378715	0.5614897563242669						
PB.161551.620	Patient13	7	27	2218	2495	3155.9963931469792	10821.643286573146	12.0	2.0	2181.0250817884407	553.0973451327434	2725.4634912048077	2540.9791757663725	SRSF6	387.0	696.0	0.01808785529715762	0.03879310344827586	2540.9791757663725	3971.3839009465764	2.0850827614104706	-6.592307261387801	0.7453451186017565						
PB.161551.620	Patient20	2	7	1888	1738	1059.322033898305	4027.6179516685847	19.0	8.0	2181.0250817884407	553.0973451327434	2725.4634912048077	2540.9791757663725	SRSF6	54.0	81.0	0.037037037037037035	0.08641975308641975	2540.9791757663725	3971.3839009465764	0.3743377152603839	-19.439440695144075	0.5106048527898089						
PB.161551.620	Patient24	0	5	1059	1661	0.0	3010.2347983142686	28.0	10.0	2181.0250817884407	553.0973451327434	2725.4634912048077	2540.9791757663725	SRSF6	27.0	41.0	0.0	0.12195121951219512	2540.9791757663725	3971.3839009465764	0.11815921962015542	-23.22348305318778	0.4414635837626736						
PB.161551.620	Patient26	8	5	1690	1469	4733.7278106508875	3403.6759700476514	6.0	9.0	2181.0250817884407	553.0973451327434	2725.4634912048077	2540.9791757663725	SRSF6	668.0	201.0	0.011976047904191617	0.024875621890547265	2540.9791757663725	3971.3839009465764	0.21722825488506808	-21.62705040113321	0.4706332835269417						
PB.161551.620	Patient28	4	8	1473	1202	2715.5465037338763	6655.574043261231	14.0	4.0	2181.0250817884407	553.0973451327434	2725.4634912048077	2540.9791757663725	SRSF6	299.0	165.0	0.013377926421404682	0.048484848484848485	2540.9791757663725	3971.3839009465764	1.036060720927571	-12.910922628375046	0.6298926358780388						
PB.161551.620	Patient7	3	9	1726	1705	1738.1228273464658	5278.592375366569	18.0	6.0	2181.0250817884407	553.0973451327434	2725.4634912048077	2540.9791757663725	SRSF6	262.0	375.0	0.011450381679389313	0.024	2540.9791757663725	3971.3839009465764	0.6893348182601255	-15.923824069016998	0.5748415002540271						
PB.161551.620	Patient8	5	7	1359	1179	3679.175864606328	5937.234944868533	11.0	5.0	2181.0250817884407	553.0973451327434	2725.4634912048077	2540.9791757663725	SRSF6	217.0	262.0	0.02304147465437788	0.026717557251908396	2540.9791757663725	3971.3839009465764	0.8551819350158179	-14.395467518004281	0.6027673270456665						
PB.161551.68	Patient10	4	9	1394	2180	2869.4404591104735	4128.440366972477	10.0	6.0	957.8544061302681	0.0	2086.813695866513	2040.7351218753147	SRSF6	248.0	345.0	0.016129032258064516	0.02608695652173913	2040.7351218753147	4002.464231464762	0.5216049724279822	-1.714106003400495	2.088135076518949						
PB.161551.68	Patient11	0	23	1367	2226	0.0	10332.434860736746	25.5	3.0	957.8544061302681	0.0	2086.813695866513	2040.7351218753147	SRSF6	299.0	1145.0	0.0	0.020087336244541485	2040.7351218753147	4002.464231464762	2.0716486792505227	-0.3908042959132002	2.3181795899264297						
PB.161551.68	Patient12	0	23	1791	2004	0.0	11477.045908183632	25.5	2.0	957.8544061302681	0.0	2086.813695866513	2040.7351218753147	SRSF6	223.0	348.0	0.0	0.06609195402298851	2040.7351218753147	4002.464231464762	2.357625262988286	-0.23924713562949715	2.344526486475884						
PB.161551.68	Patient13	0	20	2218	2495	0.0	8016.032064128256	25.5	5.0	957.8544061302681	0.0	2086.813695866513	2040.7351218753147	SRSF6	387.0	696.0	0.0	0.028735632183908046	2040.7351218753147	4002.464231464762	1.492904519990224	-0.75698403601752	2.2545224211527812						
PB.161551.68	Patient5	1	27	1596	1993	626.5664160401002	13547.41595584546	19.0	1.0	957.8544061302681	0.0	2086.813695866513	2040.7351218753147	SRSF6	354.0	682.0	0.002824858757062147	0.039589442815249266	2040.7351218753147	4002.464231464762	2.8748991042848377	0.23924713562949712	2.427708561415585						
PB.161551.68	Patient7	0	7	1726	1705	0.0	4105.571847507332	25.5	7.0	957.8544061302681	0.0	2086.813695866513	2040.7351218753147	SRSF6	262.0	375.0	0.0	0.018666666666666668	2040.7351218753147	4002.464231464762	0.5158913624760512	-1.7221177410118222	2.086742305490303						
PB.161551.68	Patient8	1	11	1359	1179	735.8351729212657	9329.94062765055	18.0	4.0	957.8544061302681	0.0	2086.813695866513	2040.7351218753147	SRSF6	217.0	262.0	0.004608294930875576	0.04198473282442748	2040.7351218753147	4002.464231464762	1.8211794245335806	-0.5380297576126355	2.2925857215695693						
PB.161551.77	Patient10	1	2	1394	2180	717.3601147776184	917.4311926605506	7.0	3.0	0.0	0.0	908.8868852412488	130.2783965527929	SRSF6	248.0	345.0	0.004032258064516129	0.005797101449275362	130.2783965527929	351.37942195543854	2.240178982955875	-0.54561885841412	2.8617524331516067						
PB.161551.77	Patient22	7	2	1221	2106	5733.0057330057325	949.667616334283	3.0	2.0	0.0	0.0	908.8868852412488	130.2783965527929	SRSF6	58.0	43.0	0.1206896551724138	0.046511627906976744	130.2783965527929	351.37942195543854	2.331921474574581	-0.49584948235692117	2.8762223336208326	1.0	1.0	1.0	1.0	1.0	
PB.161551.77	Patient28	16	1	1473	1202	10862.186014935505	831.9467554076539	1.0	4.0	0.0	0.0	908.8868852412488	130.2783965527929	SRSF6	299.0	165.0	0.05351170568561873	0.006060606060606061	130.2783965527929	351.37942195543854	1.9968965597076018	-0.6865662225770978	2.8207735322207608						
PB.161551.77	Patient9	0	2	1722	1493	0.0	1339.5847287340923	19.5	1.0	0.0	0.0	908.8868852412488	130.2783965527929	SRSF6	3.0	7.0	0.0	0.2857142857142857	130.2783965527929	351.37942195543854	3.4415969081270275	0.49584948235692133	3.1645479356607584						
PB.161551.94	Patient11	2	76	1367	2226	1463.057790782736	34141.95867026055	13.0	1.0	525.7623554153522	0.0	1359.7199546965242	2157.6092254285127	SRSF6	299.0	1145.0	0.006688963210702341	0.06637554585152838	2157.6092254285127	6823.791263319583	4.687181686925246	0.9184530176682775	2.925170504164919						
PB.161551.94	Patient12	0	5	1791	2004	0.0	2495.0099800399203	24.0	5.0	525.7623554153522	0.0	1359.7199546965242	2157.6092254285127	SRSF6	223.0	348.0	0.0	0.014367816091954023	2157.6092254285127	6823.791263319583	0.049444764880933884	-3.7738924732434795	2.066106641147644						
PB.161551.94	Patient13	0	13	2218	2495	0.0	5210.420841683366	24.0	3.0	525.7623554153522	0.0	1359.7199546965242	2157.6092254285127	SRSF6	387.0	696.0	0.0	0.01867816091954023	2157.6092254285127	6823.791263319583	0.44737763780449324	-2.711839413440522	2.2605448823323027						
PB.161551.94	Patient5	0	36	1596	1993	0.0	18063.22127446061	24.0	2.0	525.7623554153522	0.0	1359.7199546965242	2157.6092254285127	SRSF6	354.0	682.0	0.0	0.05278592375366569	2157.6092254285127	6823.791263319583	2.3309054212327216	-0.9184530176682774	2.588873955291373						
PB.161551.94	Patient8	0	4	1359	1179	0.0	3392.705682782019	24.0	4.0	525.7623554153522	0.0	1359.7199546965242	2157.6092254285127	SRSF6	217.0	262.0	0.0	0.015267175572519083	2157.6092254285127	6823.791263319583	0.18099856951847415	-3.3306547225343106	2.1472535931563543						
PB.59138.287	Patient10	0	11	1394	2180	0.0	5045.871559633028	25.5	4.0	1577.2870662460568	0.0	2022.8745626685459	1336.468100913653	DND1_HARS1	0.0	17.0		0.6470588235294118	1336.468100913653	2179.3769241419673	1.702047689699104	-0.6715384481580734	2.176879692668056						
PB.59138.287	Patient11	0	3	1367	2226	0.0	1347.7088948787064	25.5	10.0	1577.2870662460568	0.0	2022.8745626685459	1336.468100913653	DND1_HARS1	0.0	5.0		0.6	1336.468100913653	2179.3769241419673	0.0051578016820009055	-2.575348828581534	1.839971502298089						
PB.59138.287	Patient12	0	7	1791	2004	0.0	3493.013972055888	25.5	6.0	1577.2870662460568	0.0	2022.8745626685459	1336.468100913653	DND1_HARS1	0.0	10.0		0.7	1336.468100913653	2179.3769241419673	0.9895240457275555	-1.202042441996776	2.0829989457270277						
PB.59138.287	Patient13	0	15	2218	2495	0.0	6012.024048096192	25.5	2.0	1577.2870662460568	0.0	2022.8745626685459	1336.468100913653	DND1_HARS1	0.0	25.0		0.6	1336.468100913653	2179.3769241419673	2.1453636107592224	-0.4188370910255594	2.2215990396214083						
PB.59138.287	Patient2	19	2	1277	1085	14878.621769772904	1843.3179723502303	1.0	8.0	1577.2870662460568	0.0	2022.8745626685459	1336.468100913653	DND1_HARS1	32.0	6.0	0.59375	0.3333333333333333	1336.468100913653	2179.3769241419673	0.23256641190514896	-2.1238404122219343	1.9198727808375449						
PB.59138.287	Patient5	0	4	1596	1993	0.0	2007.024586051179	25.5	7.0	1577.2870662460568	0.0	2022.8745626685459	1336.468100913653	DND1_HARS1	0.0	5.0		0.8	1336.468100913653	2179.3769241419673	0.30768265815309936	-2.001150885781646	1.9415845577851794						
PB.59138.287	Patient6	0	9	1602	1714	0.0	5250.8751458576435	25.5	3.0	1577.2870662460568	0.0	2022.8745626685459	1336.468100913653	DND1_HARS1	0.0	13.0		0.6923076923076923	1336.468100913653	2179.3769241419673	1.7961129172206474	-0.6140952003033576	2.1870451486833766						
PB.59138.287	Patient7	0	3	1726	1705	0.0	1759.5307917888563	25.5	9.0	1577.2870662460568	0.0	2022.8745626685459	1336.468100913653	DND1_HARS1	0.0	8.0		0.375	1336.468100913653	2179.3769241419673	0.19412093713058168	-2.190917359147258	1.9080024953109334						
PB.59138.287	Patient8	0	5	1359	1179	0.0	4240.882103477523	25.5	5.0	1577.2870662460568	0.0	2022.8745626685459	1336.468100913653	DND1_HARS1	0.0	7.0		0.7142857142857143	1336.468100913653	2179.3769241419673	1.3326809008530518	-0.922223295433001	2.132517197790923						
PB.59138.287	Patient9	1	12	1722	1493	580.7200929152149	8037.5083724045535	19.0	1.0	1577.2870662460568	0.0	2022.8745626685459	1336.468100913653	DND1_HARS1	1.0	19.0	1.0	0.631578947368421	1336.468100913653	2179.3769241419673	3.074750492794695	0.41883709102555944	2.369838221262865						
PB.59138.305	Patient10	0	6	1394	2180	0.0	2752.2935779816517	26.0	5.0	1433.6917562724013	0.0	2366.2445740742455	885.6734207513038	DND1_HARS1	0.0	17.0		0.35294117647058826	885.6734207513038	1385.976931287281	1.3467902063107575	-0.7682899803031187	2.1103045243817986						
PB.59138.305	Patient11	0	2	1367	2226	0.0	898.4725965858041	26.0	10.0	1433.6917562724013	0.0	2366.2445740742455	885.6734207513038	DND1_HARS1	0.0	5.0		0.4	885.6734207513038	1385.976931287281	0.009234768303547903	-2.3822971960372588	1.812232957128556						
PB.59138.305	Patient12	0	3	1791	2004	0.0	1497.005988023952	26.0	8.0	1433.6917562724013	0.0	2366.2445740742455	885.6734207513038	DND1_HARS1	0.0	10.0		0.3	885.6734207513038	1385.976931287281	0.441084229810989	-1.6464050392813887	1.9481360227129432						
PB.59138.305	Patient13	0	10	2218	2495	0.0	4008.016032064128	26.0	2.0	1433.6917562724013	0.0	2366.2445740742455	885.6734207513038	DND1_HARS1	0.0	25.0		0.4	885.6734207513038	1385.976931287281	2.252809942812558	-0.2262002431765024	2.210416553598305						
PB.59138.305	Patient2	13	4	1277	1085	10180.109631949883	3686.6359447004606	2.0	3.0	1433.6917562724013	0.0	2366.2445740742455	885.6734207513038	DND1_HARS1	32.0	6.0	0.40625	0.6666666666666666	885.6734207513038	1385.976931287281	2.020930118474376	-0.3467521947220237	2.188153264573128						
PB.59138.305	Patient27	2	2	917	1439	2181.0250817884407	1389.854065323141	14.0	9.0	1433.6917562724013	0.0	2366.2445740742455	885.6734207513038	DND1_HARS1	4.0	2.0	0.5	1.0	885.6734207513038	1385.976931287281	0.3637727534927724	-1.7534773762620668	1.9283621214675382						
PB.59138.305	Patient6	0	4	1602	1714	0.0	2333.7222870478413	26.0	6.0	1433.6917562724013	0.0	2366.2445740742455	885.6734207513038	DND1_HARS1	0.0	13.0		0.3076923076923077	885.6734207513038	1385.976931287281	1.04478569131133	-1.006197477053244	2.066368252148127						
PB.59138.305	Patient7	0	5	1726	1705	0.0	2932.551319648094	26.0	4.0	1433.6917562724013	0.0	2366.2445740742455	885.6734207513038	DND1_HARS1	0.0	8.0		0.625	885.6734207513038	1385.976931287281	1.4768484616808673	-0.6768001992305245	2.127200670920747						
PB.59138.305	Patient8	0	2	1359	1179	0.0	1696.3528413910094	26.0	7.0	1433.6917562724013	0.0	2366.2445740742455	885.6734207513038	DND1_HARS1	0.0	7.0		0.2857142857142857	885.6734207513038	1385.976931287281	0.5849155222856091	-1.4661619301856912	1.9814229532117726						
PB.59138.305	Patient9	0	7	1722	1493	0.0	4688.546550569324	26.0	1.0	1433.6917562724013	0.0	2366.2445740742455	885.6734207513038	DND1_HARS1	1.0	19.0	0.0	0.3684210526315789	885.6734207513038	1385.976931287281	2.7438213753572005	0.22620024317650247	2.293964954546459						
PB.59138.479	Patient1	549	620	1902	1717	288643.53312302835	361094.93302271405	19.0	9.0	292151.1627906977	320030.1204819277	297745.67270134075	310354.51345884235	HARS1	573.0	643.0	0.9581151832460733	0.9642301710730948	310354.51345884235	98171.69869845884	0.5168538411434073	-8.001116292100349	0.37569155465931514						Charcot-Marie-Tooth disease, axonal, type 2W, 616625 (3), Autosomal dominant; Usher syndrome type 3B, 614504 (3), Autosomal recessive
PB.59138.479	Patient15	402	945	1376	2573	292151.1627906977	367275.5538282161	16.0	8.0	292151.1627906977	320030.1204819277	297745.67270134075	310354.51345884235	HARS1	427.0	988.0	0.9414519906323185	0.9564777327935222	310354.51345884235	98171.69869845884	0.579811097536477	-7.55442871567065	0.41714371957388097						Charcot-Marie-Tooth disease, axonal, type 2W, 616625 (3), Autosomal dominant; Usher syndrome type 3B, 614504 (3), Autosomal recessive
PB.59138.479	Patient16	606	622	1395	1271	434408.6021505376	489378.4421715185	2.0	1.0	292151.1627906977	320030.1204819277	297745.67270134075	310354.51345884235	HARS1	653.0	647.0	0.9280245022970903	0.9613601236476044	310354.51345884235	98171.69869845884	1.8235798207236948	2.0482030040083803	1.3082584374702786						Charcot-Marie-Tooth disease, axonal, type 2W, 616625 (3), Autosomal dominant; Usher syndrome type 3B, 614504 (3), Autosomal recessive
PB.59138.479	Patient17	375	523	975	1227	384615.3846153846	426242.8687856561	5.0	4.0	292151.1627906977	320030.1204819277	297745.67270134075	310354.51345884235	HARS1	401.0	543.0	0.9351620947630923	0.9631675874769797	310354.51345884235	98171.69869845884	1.1804660290413518	-3.635481115651358	0.7808181774712089						Charcot-Marie-Tooth disease, axonal, type 2W, 616625 (3), Autosomal dominant; Usher syndrome type 3B, 614504 (3), Autosomal recessive
PB.59138.479	Patient18	304	556	988	1387	307692.3076923077	400865.1766402307	14.0	6.0	292151.1627906977	320030.1204819277	297745.67270134075	310354.51345884235	HARS1	325.0	594.0	0.9353846153846154	0.936026936026936	310354.51345884235	98171.69869845884	0.9219628913562767	-5.251104202328374	0.6308899543403921						Charcot-Marie-Tooth disease, axonal, type 2W, 616625 (3), Autosomal dominant; Usher syndrome type 3B, 614504 (3), Autosomal recessive
PB.59138.479	Patient19	403	557	1229	1548	327908.8689991863	359819.1214470284	10.0	10.0	292151.1627906977	320030.1204819277	297745.67270134075	310354.51345884235	HARS1	419.0	582.0	0.9618138424821002	0.9570446735395189	310354.51345884235	98171.69869845884	0.503858124530574	-8.09427365314721	0.3670466437710715						Charcot-Marie-Tooth disease, axonal, type 2W, 616625 (3), Autosomal dominant; Usher syndrome type 3B, 614504 (3), Autosomal recessive
PB.59138.479	Patient20	667	738	1888	1738	353283.89830508473	424626.0069044879	6.0	5.0	292151.1627906977	320030.1204819277	297745.67270134075	310354.51345884235	HARS1	715.0	781.0	0.9328671328671329	0.9449423815620999	310354.51345884235	98171.69869845884	1.1639962938467463	-3.7355098259678674	0.7715356121727225						Charcot-Marie-Tooth disease, axonal, type 2W, 616625 (3), Autosomal dominant; Usher syndrome type 3B, 614504 (3), Autosomal recessive
PB.59138.479	Patient21	420	425	1417	1328	296400.84685956244	320030.1204819277	15.0	16.0	292151.1627906977	320030.1204819277	297745.67270134075	310354.51345884235	HARS1	446.0	461.0	0.9417040358744395	0.9219088937093276	310354.51345884235	98171.69869845884	0.0985580075659549	-11.211793863183109	-0.011218918292961707						Charcot-Marie-Tooth disease, axonal, type 2W, 616625 (3), Autosomal dominant; Usher syndrome type 3B, 614504 (3), Autosomal recessive
PB.59138.479	Patient22	378	724	1221	2106	309582.30958230956	343779.67711301043	13.0	15.0	292151.1627906977	320030.1204819277	297745.67270134075	310354.51345884235	HARS1	394.0	738.0	0.9593908629441624	0.981029810298103	310354.51345884235	98171.69869845884	0.34047657417883515	-9.294472276906351	0.25566939956842494						Charcot-Marie-Tooth disease, axonal, type 2W, 616625 (3), Autosomal dominant; Usher syndrome type 3B, 614504 (3), Autosomal recessive
PB.59138.479	Patient23	464	523	665	1159	697744.3609022556	451251.078515962	1.0	3.0	292151.1627906977	320030.1204819277	297745.67270134075	310354.51345884235	HARS1	495.0	545.0	0.9373737373737374	0.9596330275229358	310354.51345884235	98171.69869845884	1.4352055319924042	-2.1348636770432217	0.9200739903058596						Charcot-Marie-Tooth disease, axonal, type 2W, 616625 (3), Autosomal dominant; Usher syndrome type 3B, 614504 (3), Autosomal recessive
PB.59138.479	Patient24	440	752	1059	1661	415486.3078375826	452739.313666466	3.0	2.0	292151.1627906977	320030.1204819277	297745.67270134075	310354.51345884235	HARS1	475.0	805.0	0.9263157894736842	0.9341614906832298	310354.51345884235	98171.69869845884	1.4503650450723928	-2.048203004008379	0.9281160149776896						Charcot-Marie-Tooth disease, axonal, type 2W, 616625 (3), Autosomal dominant; Usher syndrome type 3B, 614504 (3), Autosomal recessive
PB.59138.479	Patient25	339	699	1372	1946	247084.54810495628	359198.3556012333	25.0	11.0	292151.1627906977	320030.1204819277	297745.67270134075	310354.51345884235	HARS1	354.0	738.0	0.9576271186440678	0.9471544715447154	310354.51345884235	98171.69869845884	0.4975348577029129	-8.139720331874674	0.3628292369730416						Charcot-Marie-Tooth disease, axonal, type 2W, 616625 (3), Autosomal dominant; Usher syndrome type 3B, 614504 (3), Autosomal recessive
PB.59138.479	Patient26	213	523	1690	1469	126035.50295857988	356024.50646698434	30.0	12.0	292151.1627906977	320030.1204819277	297745.67270134075	310354.51345884235	HARS1	221.0	547.0	0.9638009049773756	0.9561243144424132	310354.51345884235	98171.69869845884	0.4652052843500297	-8.373314184849184	0.34115195865264897						Charcot-Marie-Tooth disease, axonal, type 2W, 616625 (3), Autosomal dominant; Usher syndrome type 3B, 614504 (3), Autosomal recessive
PB.59138.479	Patient27	300	505	917	1439	327153.7622682661	350938.1514940931	11.0	14.0	292151.1627906977	320030.1204819277	297745.67270134075	310354.51345884235	HARS1	324.0	534.0	0.9259259259259259	0.9456928838951311	310354.51345884235	98171.69869845884	0.4133944769551785	-8.752045607353544	0.30600605755224153						Charcot-Marie-Tooth disease, axonal, type 2W, 616625 (3), Autosomal dominant; Usher syndrome type 3B, 614504 (3), Autosomal recessive
PB.59138.479	Patient3	574	808	1987	2019	288877.70508303976	400198.1178801387	18.0	7.0	292151.1627906977	320030.1204819277	297745.67270134075	310354.51345884235	HARS1	609.0	838.0	0.9425287356321839	0.964200477326969	310354.51345884235	98171.69869845884	0.9151680740215892	-5.294938207895772	0.6268222020152235						Charcot-Marie-Tooth disease, axonal, type 2W, 616625 (3), Autosomal dominant; Usher syndrome type 3B, 614504 (3), Autosomal recessive
PB.59138.479	Patient9	559	529	1722	1493	324622.53193960513	354320.16075016744	12.0	13.0	292151.1627906977	320030.1204819277	297745.67270134075	310354.51345884235	HARS1	592.0	547.0	0.9442567567567568	0.9670932358318098	310354.51345884235	98171.69869845884	0.4478444182408274	-8.499614101108367	0.3294314514486715						Charcot-Marie-Tooth disease, axonal, type 2W, 616625 (3), Autosomal dominant; Usher syndrome type 3B, 614504 (3), Autosomal recessive
PB.59138.482	Patient16	1	3	1395	1271	716.8458781362007	2360.3461841070025	10.0	6.0	0.0	0.0	541.314056630287	756.8068499073898	HARS1	653.0	647.0	0.0015313935681470138	0.00463678516228748	756.8068499073898	1308.5906324244283	1.2253941717653385	-1.0689688722092783	2.1203747769435393						Charcot-Marie-Tooth disease, axonal, type 2W, 616625 (3), Autosomal dominant; Usher syndrome type 3B, 614504 (3), Autosomal recessive
PB.59138.482	Patient20	3	4	1888	1738	1588.9830508474577	2301.4959723820484	4.0	7.0	0.0	0.0	541.314056630287	756.8068499073898	HARS1	715.0	781.0	0.004195804195804196	0.005121638924455826	756.8068499073898	1308.5906324244283	1.1804219625298786	-1.1053798022469505	2.11348480781721						Charcot-Marie-Tooth disease, axonal, type 2W, 616625 (3), Autosomal dominant; Usher syndrome type 3B, 614504 (3), Autosomal recessive
PB.59138.482	Patient21	3	4	1417	1328	2117.148906139732	3012.0481927710844	2.0	3.0	0.0	0.0	541.314056630287	756.8068499073898	HARS1	446.0	461.0	0.006726457399103139	0.008676789587852495	756.8068499073898	1308.5906324244283	1.7234124156042632	-0.7173546863694377	2.186910042104559	1.0	1.0	1.0	1.0	1.0	Charcot-Marie-Tooth disease, axonal, type 2W, 616625 (3), Autosomal dominant; Usher syndrome type 3B, 614504 (3), Autosomal recessive
PB.59138.482	Patient24	4	4	1059	1661	3777.148253068933	2408.187838651415	1.0	5.0	0.0	0.0	541.314056630287	756.8068499073898	HARS1	475.0	805.0	0.008421052631578947	0.004968944099378882	756.8068499073898	1308.5906324244283	1.2619538515910882	-1.0400315534798983	2.1258505292090786	1.0	1.0	1.0	1.0	1.0	Charcot-Marie-Tooth disease, axonal, type 2W, 616625 (3), Autosomal dominant; Usher syndrome type 3B, 614504 (3), Autosomal recessive
PB.59138.482	Patient25	1	6	1372	1946	728.862973760933	3083.247687564234	9.0	2.0	0.0	0.0	541.314056630287	756.8068499073898	HARS1	354.0	738.0	0.002824858757062147	0.008130081300813009	756.8068499073898	1308.5906324244283	1.7778217113985013	-0.6836598061158989	2.193286058438721	1.0	1.0	1.0	1.0	1.0	Charcot-Marie-Tooth disease, axonal, type 2W, 616625 (3), Autosomal dominant; Usher syndrome type 3B, 614504 (3), Autosomal recessive
PB.59138.482	Patient28	1	1	1473	1202	678.8866259334691	831.9467554076539	11.0	8.0	0.0	0.0	541.314056630287	756.8068499073898	HARS1	307.0	246.0	0.003257328990228013	0.0040650406504065045	756.8068499073898	1308.5906324244283	0.05742048249348399	-2.5722822529272906	1.8359057241171486						Charcot-Marie-Tooth disease, axonal, type 2W, 616625 (3), Autosomal dominant; Usher syndrome type 3B, 614504 (3), Autosomal recessive
PB.59138.482	Patient3	2	10	1987	2019	1006.5425264217413	4952.947003467063	7.0	1.0	0.0	0.0	541.314056630287	756.8068499073898	HARS1	609.0	838.0	0.003284072249589491	0.011933174224343675	756.8068499073898	1308.5906324244283	3.206610264193529	0.6836598061158988	2.452021276252556	1.0	1.0	1.0	1.0	1.0	Charcot-Marie-Tooth disease, axonal, type 2W, 616625 (3), Autosomal dominant; Usher syndrome type 3B, 614504 (3), Autosomal recessive
PB.59138.482	Patient4	3	4	1554	1450	1930.5019305019305	2758.620689655172	3.0	4.0	0.0	0.0	541.314056630287	756.8068499073898	HARS1	420.0	453.0	0.007142857142857143	0.008830022075055188	756.8068499073898	1308.5906324244283	1.52974795183962	-0.844108453000519	2.162924674583584	1.0	1.0	1.0	1.0	1.0	Charcot-Marie-Tooth disease, axonal, type 2W, 616625 (3), Autosomal dominant; Usher syndrome type 3B, 614504 (3), Autosomal recessive
PB.59138.483	Patient15	8	28	1376	2573	5813.953488372093	10882.238631947142	13.0	7.0	5150.84621044886	5943.536404160475	6586.796792979133	7155.277762937373	HARS1	427.0	988.0	0.01873536299765808	0.02834008097165992	7155.277762937373	4270.420381327698	0.8727386384033311	-7.2494328795260135	0.8301559160675394						Charcot-Marie-Tooth disease, axonal, type 2W, 616625 (3), Autosomal dominant; Usher syndrome type 3B, 614504 (3), Autosomal recessive
PB.59138.483	Patient16	22	13	1395	1271	15770.609318996418	10228.166797797012	2.0	8.0	5150.84621044886	5943.536404160475	6586.796792979133	7155.277762937373	HARS1	653.0	647.0	0.033690658499234305	0.02009273570324575	7155.277762937373	4270.420381327698	0.7195753018358019	-8.369233343350379	0.7475083800730578						Charcot-Marie-Tooth disease, axonal, type 2W, 616625 (3), Autosomal dominant; Usher syndrome type 3B, 614504 (3), Autosomal recessive
PB.59138.483	Patient17	14	11	975	1227	14358.97435897436	8964.955175224124	3.0	12.0	5150.84621044886	5943.536404160475	6586.796792979133	7155.277762937373	HARS1	401.0	543.0	0.034912718204488775	0.020257826887661142	7155.277762937373	4270.420381327698	0.4237703201772636	-10.750605538003642	0.5717497958144854						Charcot-Marie-Tooth disease, axonal, type 2W, 616625 (3), Autosomal dominant; Usher syndrome type 3B, 614504 (3), Autosomal recessive
PB.59138.483	Patient18	12	17	988	1387	12145.748987854251	12256.669069935111	5.0	5.0	5150.84621044886	5943.536404160475	6586.796792979133	7155.277762937373	HARS1	325.0	594.0	0.036923076923076927	0.02861952861952862	7155.277762937373	4270.420381327698	1.1945876170185583	-5.100772644666522	0.9887390564012923						Charcot-Marie-Tooth disease, axonal, type 2W, 616625 (3), Autosomal dominant; Usher syndrome type 3B, 614504 (3), Autosomal recessive
PB.59138.483	Patient19	4	18	1229	1548	3254.6786004882015	11627.906976744185	25.0	6.0	5150.84621044886	5943.536404160475	6586.796792979133	7155.277762937373	HARS1	419.0	582.0	0.00954653937947494	0.030927835051546393	7155.277762937373	4270.420381327698	1.0473510367652015	-6.0521366084572055	0.9185230759821456						Charcot-Marie-Tooth disease, axonal, type 2W, 616625 (3), Autosomal dominant; Usher syndrome type 3B, 614504 (3), Autosomal recessive
PB.59138.483	Patient20	17	25	1888	1738	9004.237288135593	14384.349827387801	8.0	3.0	5150.84621044886	5943.536404160475	6586.796792979133	7155.277762937373	HARS1	715.0	781.0	0.023776223776223775	0.03201024327784891	7155.277762937373	4270.420381327698	1.6928244572968407	-2.2090093969256546	1.2021673544115954						Charcot-Marie-Tooth disease, axonal, type 2W, 616625 (3), Autosomal dominant; Usher syndrome type 3B, 614504 (3), Autosomal recessive
PB.59138.483	Patient21	7	17	1417	1328	4940.014114326042	12801.204819277107	18.0	4.0	5150.84621044886	5943.536404160475	6586.796792979133	7155.277762937373	HARS1	446.0	461.0	0.01569506726457399	0.0368763557483731	7155.277762937373	4270.420381327698	1.3221009999452051	-4.315483138698181	1.046697813168504						Charcot-Marie-Tooth disease, axonal, type 2W, 616625 (3), Autosomal dominant; Usher syndrome type 3B, 614504 (3), Autosomal recessive
PB.59138.483	Patient23	13	11	665	1159	19548.87218045113	9490.940465918895	1.0	9.0	5150.84621044886	5943.536404160475	6586.796792979133	7155.277762937373	HARS1	495.0	545.0	0.026262626262626262	0.02018348623853211	7155.277762937373	4270.420381327698	0.5469397610582195	-9.720639459367735	0.6477670518410086						Charcot-Marie-Tooth disease, axonal, type 2W, 616625 (3), Autosomal dominant; Usher syndrome type 3B, 614504 (3), Autosomal recessive
PB.59138.483	Patient24	12	27	1059	1661	11331.444759206799	16255.26791089705	6.0	1.0	5150.84621044886	5943.536404160475	6586.796792979133	7155.277762937373	HARS1	475.0	805.0	0.02526315789473684	0.03354037267080745	7155.277762937373	4270.420381327698	2.1309354432058134	1.9482638347274122	1.5089973657856859						Charcot-Marie-Tooth disease, axonal, type 2W, 616625 (3), Autosomal dominant; Usher syndrome type 3B, 614504 (3), Autosomal recessive
PB.59138.483	Patient26	2	12	1690	1469	1183.4319526627219	8168.822328114363	30.0	14.0	5150.84621044886	5943.536404160475	6586.796792979133	7155.277762937373	HARS1	221.0	547.0	0.00904977375565611	0.021937842778793418	7155.277762937373	4270.420381327698	0.2373407006037829	-12.430602184660879	0.4477566489899009						Charcot-Marie-Tooth disease, axonal, type 2W, 616625 (3), Autosomal dominant; Usher syndrome type 3B, 614504 (3), Autosomal recessive
PB.59138.483	Patient27	6	21	917	1439	6543.075245365321	14593.467685892982	10.0	2.0	5150.84621044886	5943.536404160475	6586.796792979133	7155.277762937373	HARS1	324.0	534.0	0.018518518518518517	0.03932584269662921	7155.277762937373	4270.420381327698	1.7417933736638436	-1.948263834727411	1.2214118349537653						Charcot-Marie-Tooth disease, axonal, type 2W, 616625 (3), Autosomal dominant; Usher syndrome type 3B, 614504 (3), Autosomal recessive
PB.59138.483	Patient29	14	16	1044	1857	13409.961685823755	8616.047388260635	4.0	13.0	5150.84621044886	5943.536404160475	6586.796792979133	7155.277762937373	HARS1	392.0	544.0	0.03571428571428571	0.029411764705882353	7155.277762937373	4270.420381327698	0.34206693835352575	-11.467720108394003	0.5188227305174304						Charcot-Marie-Tooth disease, axonal, type 2W, 616625 (3), Autosomal dominant; Usher syndrome type 3B, 614504 (3), Autosomal recessive
PB.59138.483	Patient30	10	17	1658	1808	6031.363088057901	9402.654867256639	11.0	10.0	5150.84621044886	5943.536404160475	6586.796792979133	7155.277762937373	HARS1	429.0	512.0	0.023310023310023312	0.033203125	7155.277762937373	4270.420381327698	0.5262660121579279	-9.889468191132481	0.6353065473706174						Charcot-Marie-Tooth disease, axonal, type 2W, 616625 (3), Autosomal dominant; Usher syndrome type 3B, 614504 (3), Autosomal recessive
PB.59138.483	Patient31	2	17	966	1858	2070.393374741201	9149.62325080732	28.0	11.0	5150.84621044886	5943.536404160475	6586.796792979133	7155.277762937373	HARS1	127.0	537.0	0.015748031496062992	0.03165735567970205	7155.277762937373	4270.420381327698	0.46701385572956033	-10.382269172550954	0.5989350792692368						Charcot-Marie-Tooth disease, axonal, type 2W, 616625 (3), Autosomal dominant; Usher syndrome type 3B, 614504 (3), Autosomal recessive
PB.59138.484	Patient1	1	4	1902	1717	525.7623554153522	2329.6447291788004	14.0	8.0	0.0	538.2131324004305	1615.341774683844	1397.475271755191	HARS1	573.0	643.0	0.0017452006980802793	0.006220839813374806	1397.475271755191	1939.540131796988	0.4806136476072565	-15.27636767436023	0.406488457227864						Charcot-Marie-Tooth disease, axonal, type 2W, 616625 (3), Autosomal dominant; Usher syndrome type 3B, 614504 (3), Autosomal recessive
PB.59138.484	Patient17	5	3	975	1227	5128.205128205128	2444.9877750611245	5.0	7.0	0.0	538.2131324004305	1615.341774683844	1397.475271755191	HARS1	401.0	543.0	0.012468827930174564	0.0055248618784530384	1397.475271755191	1939.540131796988	0.5400829228191381	-14.64723311879534	0.41917685939548704						Charcot-Marie-Tooth disease, axonal, type 2W, 616625 (3), Autosomal dominant; Usher syndrome type 3B, 614504 (3), Autosomal recessive
PB.59138.484	Patient18	6	10	988	1387	6072.8744939271255	7209.805335255947	4.0	2.0	0.0	538.2131324004305	1615.341774683844	1397.475271755191	HARS1	325.0	594.0	0.018461538461538463	0.016835016835016835	1397.475271755191	1939.540131796988	2.9967567920936085	-0.5660843312933119	0.7031658363442124						Charcot-Marie-Tooth disease, axonal, type 2W, 616625 (3), Autosomal dominant; Usher syndrome type 3B, 614504 (3), Autosomal recessive
PB.59138.484	Patient20	6	3	1888	1738	3177.9661016949153	1726.121979286536	6.0	11.0	0.0	538.2131324004305	1615.341774683844	1397.475271755191	HARS1	715.0	781.0	0.008391608391608392	0.0038412291933418692	1397.475271755191	1939.540131796988	0.1694456856774875	-19.179646872079818	0.32776702030295307						Charcot-Marie-Tooth disease, axonal, type 2W, 616625 (3), Autosomal dominant; Usher syndrome type 3B, 614504 (3), Autosomal recessive
PB.59138.484	Patient21	3	10	1417	1328	2117.148906139732	7530.120481927711	7.0	1.0	0.0	538.2131324004305	1615.341774683844	1397.475271755191	HARS1	446.0	461.0	0.006726457399103139	0.021691973969631236	1397.475271755191	1939.540131796988	3.1619068405099777	0.566084331293311	0.7259994435358894						Charcot-Marie-Tooth disease, axonal, type 2W, 616625 (3), Autosomal dominant; Usher syndrome type 3B, 614504 (3), Autosomal recessive
PB.59138.484	Patient23	7	3	665	1159	10526.315789473683	2588.4383088869713	1.0	6.0	0.0	538.2131324004305	1615.341774683844	1397.475271755191	HARS1	495.0	545.0	0.014141414141414142	0.005504587155963303	1397.475271755191	1939.540131796988	0.6140440291010378	-13.904944171626362	0.43414736229181083						Charcot-Marie-Tooth disease, axonal, type 2W, 616625 (3), Autosomal dominant; Usher syndrome type 3B, 614504 (3), Autosomal recessive
PB.59138.484	Patient24	7	5	1059	1661	6610.0094428706325	3010.2347983142686	3.0	4.0	0.0	538.2131324004305	1615.341774683844	1397.475271755191	HARS1	475.0	805.0	0.014736842105263158	0.006211180124223602	1397.475271755191	1939.540131796988	0.8315164507912773	-11.93943367577439	0.47378782936750913						Charcot-Marie-Tooth disease, axonal, type 2W, 616625 (3), Autosomal dominant; Usher syndrome type 3B, 614504 (3), Autosomal recessive
PB.59138.484	Patient25	0	7	1372	1946	0.0	3597.1223021582737	23.5	3.0	0.0	538.2131324004305	1615.341774683844	1397.475271755191	HARS1	354.0	738.0	0.0	0.009485094850948509	1397.475271755191	1939.540131796988	1.1341075105082281	-9.620274656415774	0.5205606891127046						Charcot-Marie-Tooth disease, axonal, type 2W, 616625 (3), Autosomal dominant; Usher syndrome type 3B, 614504 (3), Autosomal recessive
PB.59138.484	Patient27	8	3	917	1439	8724.100327153763	2084.7810979847113	2.0	9.0	0.0	538.2131324004305	1615.341774683844	1397.475271755191	HARS1	324.0	534.0	0.024691358024691357	0.0056179775280898875	1397.475271755191	1939.540131796988	0.3543653544269435	-16.722101922327393	0.3773308511109298						Charcot-Marie-Tooth disease, axonal, type 2W, 616625 (3), Autosomal dominant; Usher syndrome type 3B, 614504 (3), Autosomal recessive
PB.59138.484	Patient29	1	5	1044	1857	957.8544061302681	2692.5148088314486	11.0	5.0	0.0	538.2131324004305	1615.341774683844	1397.475271755191	HARS1	392.0	544.0	0.002551020408163265	0.009191176470588236	1397.475271755191	1939.540131796988	0.6677044294393645	-13.391702824320944	0.44449842720481125						Charcot-Marie-Tooth disease, axonal, type 2W, 616625 (3), Autosomal dominant; Usher syndrome type 3B, 614504 (3), Autosomal recessive
PB.59138.484	Patient4	2	3	1554	1450	1287.001287001287	2068.9655172413795	10.0	10.0	0.0	538.2131324004305	1615.341774683844	1397.475271755191	HARS1	420.0	453.0	0.004761904761904762	0.006622516556291391	1397.475271755191	1939.540131796988	0.346211060280589	-16.821237079904677	0.3753314906606652						Charcot-Marie-Tooth disease, axonal, type 2W, 616625 (3), Autosomal dominant; Usher syndrome type 3B, 614504 (3), Autosomal recessive
PB.59138.484	Patient8	1	2	1359	1179	735.8351729212657	1696.3528413910094	12.0	12.0	0.0	538.2131324004305	1615.341774683844	1397.475271755191	HARS1	410.0	257.0	0.0024390243902439024	0.007782101167315175	1397.475271755191	1939.540131796988	0.15409713093119023	-19.40609708912654	0.3231999664041977						Charcot-Marie-Tooth disease, axonal, type 2W, 616625 (3), Autosomal dominant; Usher syndrome type 3B, 614504 (3), Autosomal recessive
PB.59138.485	Patient11	0	5	1367	2226	0.0	2246.1814914645106	25.0	1.0	813.6696501220504	0.0	1516.8430885559874	200.43402914662158	HARS1	252.0	431.0	0.0	0.01160092807424594	200.43402914662158	468.18317911687456	4.369544984885501	1.1695542989633632	2.94306819119342	1.0	1.0	1.0	1.0	1.0	Charcot-Marie-Tooth disease, axonal, type 2W, 616625 (3), Autosomal dominant; Usher syndrome type 3B, 614504 (3), Autosomal recessive
PB.59138.485	Patient12	0	2	1791	2004	0.0	998.0039920159679	25.0	2.0	813.6696501220504	0.0	1516.8430885559874	200.43402914662158	HARS1	520.0	462.0	0.0	0.004329004329004329	200.43402914662158	468.18317911687456	1.7035425415620187	-1.1695542989633632	2.383537881926441						Charcot-Marie-Tooth disease, axonal, type 2W, 616625 (3), Autosomal dominant; Usher syndrome type 3B, 614504 (3), Autosomal recessive
PB.59138.485	Patient19	1	1	1229	1548	813.6696501220504	645.9948320413437	16.0	4.0	813.6696501220504	0.0	1516.8430885559874	200.43402914662158	HARS1	419.0	582.0	0.002386634844868735	0.001718213058419244	200.43402914662158	468.18317911687456	0.9516805019248563	-1.7962905534540048	2.2336184080658428	1.0	1.0	1.0	1.0	1.0	Charcot-Marie-Tooth disease, axonal, type 2W, 616625 (3), Autosomal dominant; Usher syndrome type 3B, 614504 (3), Autosomal recessive
PB.59138.485	Patient25	3	1	1372	1946	2186.5889212827988	513.874614594039	9.0	7.0	813.6696501220504	0.0	1516.8430885559874	200.43402914662158	HARS1	354.0	738.0	0.00847457627118644	0.0013550135501355014	200.43402914662158	468.18317911687456	0.6694827995287117	-2.125823600822026	2.1547919149004775						Charcot-Marie-Tooth disease, axonal, type 2W, 616625 (3), Autosomal dominant; Usher syndrome type 3B, 614504 (3), Autosomal recessive
PB.59138.485	Patient30	4	1	1658	1808	2412.5452352231605	553.0973451327434	8.0	6.0	813.6696501220504	0.0	1516.8430885559874	200.43402914662158	HARS1	429.0	512.0	0.009324009324009324	0.001953125	200.43402914662158	468.18317911687456	0.7532592620079692	-2.019905287376645	2.180128278817766						Charcot-Marie-Tooth disease, axonal, type 2W, 616625 (3), Autosomal dominant; Usher syndrome type 3B, 614504 (3), Autosomal recessive
PB.59138.485	Patient7	0	1	1726	1705	0.0	586.5102639296188	25.0	5.0	813.6696501220504	0.0	1516.8430885559874	200.43402914662158	HARS1	605.0	431.0	0.0	0.002320185614849188	200.43402914662158	468.18317911687456	0.8246264539261017	-1.9354306859083323	2.2003351644350753						Charcot-Marie-Tooth disease, axonal, type 2W, 616625 (3), Autosomal dominant; Usher syndrome type 3B, 614504 (3), Autosomal recessive
PB.59138.485	Patient9	0	1	1722	1493	0.0	669.7923643670462	25.0	3.0	813.6696501220504	0.0	1516.8430885559874	200.43402914662158	HARS1	592.0	547.0	0.0	0.0018281535648994515	200.43402914662158	468.18317911687456	1.0025100348666236	-1.7441784752055935	2.2460839632284904						Charcot-Marie-Tooth disease, axonal, type 2W, 616625 (3), Autosomal dominant; Usher syndrome type 3B, 614504 (3), Autosomal recessive
PB.59138.487	Patient15	8	13	1376	2573	5813.953488372093	5052.467936261173	7.0	10.0	3759.398496240601	3765.0602409638554	3911.0175811724725	4131.14083226183	HARS1	427.0	988.0	0.01873536299765808	0.013157894736842105	4131.14083226183	2167.3842190048294	0.4250871146521393	-9.90706887477608	0.2131397670845098						Charcot-Marie-Tooth disease, axonal, type 2W, 616625 (3), Autosomal dominant; Usher syndrome type 3B, 614504 (3), Autosomal recessive
PB.59138.487	Patient16	11	9	1395	1271	7885.304659498209	7081.038552321007	4.0	4.0	3759.398496240601	3765.0602409638554	3911.0175811724725	4131.14083226183	HARS1	653.0	647.0	0.016845329249617153	0.013910355486862442	4131.14083226183	2167.3842190048294	1.3610405087352921	-4.149016029376206	0.4268460724066297						Charcot-Marie-Tooth disease, axonal, type 2W, 616625 (3), Autosomal dominant; Usher syndrome type 3B, 614504 (3), Autosomal recessive
PB.59138.487	Patient17	1	6	975	1227	1025.6410256410256	4889.975550122249	27.0	11.0	3759.398496240601	3765.0602409638554	3911.0175811724725	4131.14083226183	HARS1	401.0	543.0	0.0024937655860349127	0.011049723756906077	4131.14083226183	2167.3842190048294	0.35011545770543795	-10.464690608157255	0.19244400697119124						Charcot-Marie-Tooth disease, axonal, type 2W, 616625 (3), Autosomal dominant; Usher syndrome type 3B, 614504 (3), Autosomal recessive
PB.59138.487	Patient18	2	10	988	1387	2024.2914979757086	7209.805335255947	23.0	3.0	3759.398496240601	3765.0602409638554	3911.0175811724725	4131.14083226183	HARS1	325.0	594.0	0.006153846153846154	0.016835016835016835	4131.14083226183	2167.3842190048294	1.4204516559632925	-3.841586592544517	0.43825611167798656						Charcot-Marie-Tooth disease, axonal, type 2W, 616625 (3), Autosomal dominant; Usher syndrome type 3B, 614504 (3), Autosomal recessive
PB.59138.487	Patient20	10	8	1888	1738	5296.610169491525	4602.991944764097	8.0	12.0	3759.398496240601	3765.0602409638554	3911.0175811724725	4131.14083226183	HARS1	715.0	781.0	0.013986013986013986	0.010243277848911651	4131.14083226183	2167.3842190048294	0.21770533732081931	-11.496369178357009	0.15415394235437624						Charcot-Marie-Tooth disease, axonal, type 2W, 616625 (3), Autosomal dominant; Usher syndrome type 3B, 614504 (3), Autosomal recessive
PB.59138.487	Patient23	7	8	665	1159	10526.315789473683	6902.502157031924	1.0	5.0	3759.398496240601	3765.0602409638554	3911.0175811724725	4131.14083226183	HARS1	495.0	545.0	0.014141414141414142	0.014678899082568808	4131.14083226183	2167.3842190048294	1.2786663760256525	-4.584647852199825	0.4106778867654104						Charcot-Marie-Tooth disease, axonal, type 2W, 616625 (3), Autosomal dominant; Usher syndrome type 3B, 614504 (3), Autosomal recessive
PB.59138.487	Patient24	9	15	1059	1661	8498.5835694051	9030.704394942806	2.0	1.0	3759.398496240601	3765.0602409638554	3911.0175811724725	4131.14083226183	HARS1	475.0	805.0	0.018947368421052633	0.018633540372670808	4131.14083226183	2167.3842190048294	2.26058837178885	1.902864315388472	0.6514575901290588						Charcot-Marie-Tooth disease, axonal, type 2W, 616625 (3), Autosomal dominant; Usher syndrome type 3B, 614504 (3), Autosomal recessive
PB.59138.487	Patient25	3	11	1372	1946	2186.5889212827988	5652.62076053443	22.0	8.0	3759.398496240601	3765.0602409638554	3911.0175811724725	4131.14083226183	HARS1	354.0	738.0	0.00847457627118644	0.014905149051490514	4131.14083226183	2167.3842190048294	0.7019890220346804	-7.992396802180548	0.2842015488228851						Charcot-Marie-Tooth disease, axonal, type 2W, 616625 (3), Autosomal dominant; Usher syndrome type 3B, 614504 (3), Autosomal recessive
PB.59138.487	Patient26	1	10	1690	1469	591.7159763313609	6807.351940095303	29.0	6.0	3759.398496240601	3765.0602409638554	3911.0175811724725	4131.14083226183	HARS1	221.0	547.0	0.004524886877828055	0.018281535648994516	4131.14083226183	2167.3842190048294	1.2347654303131703	-4.8214409691506805	0.40188946757094196						Charcot-Marie-Tooth disease, axonal, type 2W, 616625 (3), Autosomal dominant; Usher syndrome type 3B, 614504 (3), Autosomal recessive
PB.59138.487	Patient29	4	15	1044	1857	3831.4176245210724	8077.544426494346	15.0	2.0	3759.398496240601	3765.0602409638554	3911.0175811724725	4131.14083226183	HARS1	392.0	544.0	0.01020408163265306	0.027573529411764705	4131.14083226183	2167.3842190048294	1.820814029939065	-1.902864315388472	0.5102105007780631						Charcot-Marie-Tooth disease, axonal, type 2W, 616625 (3), Autosomal dominant; Usher syndrome type 3B, 614504 (3), Autosomal recessive
PB.59138.487	Patient31	1	11	966	1858	1035.1966873706006	5920.344456404736	26.0	7.0	3759.398496240601	3765.0602409638554	3911.0175811724725	4131.14083226183	HARS1	127.0	537.0	0.007874015748031496	0.020484171322160148	4131.14083226183	2167.3842190048294	0.8255128963541277	-7.203004140904867	0.3134993329209236						Charcot-Marie-Tooth disease, axonal, type 2W, 616625 (3), Autosomal dominant; Usher syndrome type 3B, 614504 (3), Autosomal recessive
PB.59138.487	Patient9	11	8	1722	1493	6387.921022067364	5358.338914936369	6.0	9.0	3759.398496240601	3765.0602409638554	3911.0175811724725	4131.14083226183	HARS1	592.0	547.0	0.018581081081081082	0.014625228519195612	4131.14083226183	2167.3842190048294	0.5662115982546078	-8.904431423870625	0.2503519898555763						Charcot-Marie-Tooth disease, axonal, type 2W, 616625 (3), Autosomal dominant; Usher syndrome type 3B, 614504 (3), Autosomal recessive
PB.59138.488	Patient10	0	3	1394	2180	0.0	1376.1467889908258	26.0	8.0	726.7441860465116	0.0	1231.04416041569	865.7269389952993	HARS1	402.0	561.0	0.0	0.0053475935828877	865.7269389952993	1350.8441643252168	0.377852503993675	-1.9311502756919607	1.968450122922056						Charcot-Marie-Tooth disease, axonal, type 2W, 616625 (3), Autosomal dominant; Usher syndrome type 3B, 614504 (3), Autosomal recessive
PB.59138.488	Patient11	1	5	1367	2226	731.528895391368	2246.1814914645106	15.0	4.0	726.7441860465116	0.0	1231.04416041569	865.7269389952993	HARS1	252.0	431.0	0.003968253968253968	0.01160092807424594	865.7269389952993	1350.8441643252168	1.0219199141736572	-1.2247159719793275	1.9829741129309513						Charcot-Marie-Tooth disease, axonal, type 2W, 616625 (3), Autosomal dominant; Usher syndrome type 3B, 614504 (3), Autosomal recessive
PB.59138.488	Patient12	0	7	1791	2004	0.0	3493.013972055888	26.0	3.0	726.7441860465116	0.0	1231.04416041569	865.7269389952993	HARS1	520.0	462.0	0.0	0.015151515151515152	865.7269389952993	1350.8441643252168	1.9449223696154396	-0.5879472416934183	1.9960658082634752						Charcot-Marie-Tooth disease, axonal, type 2W, 616625 (3), Autosomal dominant; Usher syndrome type 3B, 614504 (3), Autosomal recessive
PB.59138.488	Patient13	1	4	2218	2495	450.8566275924256	1603.2064128256513	20.0	7.0	726.7441860465116	0.0	1231.04416041569	865.7269389952993	HARS1	548.0	488.0	0.0018248175182481751	0.00819672131147541	865.7269389952993	1350.8441643252168	0.5459397118532492	-1.710972834152699	1.9729768778436305						Charcot-Marie-Tooth disease, axonal, type 2W, 616625 (3), Autosomal dominant; Usher syndrome type 3B, 614504 (3), Autosomal recessive
PB.59138.488	Patient29	1	2	1044	1857	957.8544061302681	1077.0059235325793	14.0	9.0	726.7441860465116	0.0	1231.04416041569	865.7269389952993	HARS1	392.0	544.0	0.002551020408163265	0.003676470588235294	865.7269389952993	1350.8441643252168	0.1564051502882419	-2.284467513513895	1.9611860701925559						Charcot-Marie-Tooth disease, axonal, type 2W, 616625 (3), Autosomal dominant; Usher syndrome type 3B, 614504 (3), Autosomal recessive
PB.59138.488	Patient5	1	4	1596	1993	626.5664160401002	2007.024586051179	18.0	5.0	726.7441860465116	0.0	1231.04416041569	865.7269389952993	HARS1	559.0	435.0	0.0017889087656529517	0.009195402298850575	865.7269389952993	1350.8441643252168	0.8448773568385579	-1.3870556854782883	1.9796364771953783						Charcot-Marie-Tooth disease, axonal, type 2W, 616625 (3), Autosomal dominant; Usher syndrome type 3B, 614504 (3), Autosomal recessive
PB.59138.488	Patient6	0	9	1602	1714	0.0	5250.8751458576435	26.0	1.0	726.7441860465116	0.0	1231.04416041569	865.7269389952993	HARS1	657.0	531.0	0.0	0.01694915254237288	865.7269389952993	1350.8441643252168	3.2462280421908214	0.30812809512964334	2.0144887375731617						Charcot-Marie-Tooth disease, axonal, type 2W, 616625 (3), Autosomal dominant; Usher syndrome type 3B, 614504 (3), Autosomal recessive
PB.59138.488	Patient7	0	3	1726	1705	0.0	1759.5307917888563	26.0	6.0	726.7441860465116	0.0	1231.04416041569	865.7269389952993	HARS1	605.0	431.0	0.0	0.0069605568445475635	865.7269389952993	1350.8441643252168	0.6616631854348916	-1.5768221588439004	1.975734958896082						Charcot-Marie-Tooth disease, axonal, type 2W, 616625 (3), Autosomal dominant; Usher syndrome type 3B, 614504 (3), Autosomal recessive
PB.59138.488	Patient8	3	5	1359	1179	2207.5055187637968	4240.882103477523	6.0	2.0	726.7441860465116	0.0	1231.04416041569	865.7269389952993	HARS1	410.0	257.0	0.007317073170731708	0.019455252918287938	865.7269389952993	1350.8441643252168	2.498552574469761	-0.30812809512964323	2.001818771373606						Charcot-Marie-Tooth disease, axonal, type 2W, 616625 (3), Autosomal dominant; Usher syndrome type 3B, 614504 (3), Autosomal recessive
PB.59138.526	Patient10	20	10	1394	2180	14347.202295552368	4587.155963302753	2.0	4.0	728.862973760933	0.0	2209.778819577161	1444.6998029576428	HARS1	402.0	561.0	0.04975124378109453	0.017825311942959002	1444.6998029576428	2829.219828564638	1.1107147378998075	-1.3228907115663815	2.164771275134443						Charcot-Marie-Tooth disease, axonal, type 2W, 616625 (3), Autosomal dominant; Usher syndrome type 3B, 614504 (3), Autosomal recessive
PB.59138.526	Patient11	21	18	1367	2226	15362.106803218727	8086.253369272237	1.0	2.0	728.862973760933	0.0	2209.778819577161	1444.6998029576428	HARS1	252.0	431.0	0.08333333333333333	0.04176334106728538	1444.6998029576428	2829.219828564638	2.347485868457272	-0.5051553336759333	2.310303493400377						Charcot-Marie-Tooth disease, axonal, type 2W, 616625 (3), Autosomal dominant; Usher syndrome type 3B, 614504 (3), Autosomal recessive
PB.59138.526	Patient12	21	23	1791	2004	11725.293132328308	11477.045908183632	3.0	1.0	728.862973760933	0.0	2209.778819577161	1444.6998029576428	HARS1	520.0	462.0	0.04038461538461539	0.049783549783549784	1444.6998029576428	2829.219828564638	3.5459761747519454	0.5051553336759335	2.4901083013282923	1.0	1.0	1.0	1.0	1.0	Charcot-Marie-Tooth disease, axonal, type 2W, 616625 (3), Autosomal dominant; Usher syndrome type 3B, 614504 (3), Autosomal recessive
PB.59138.526	Patient13	12	20	2218	2495	5410.279531109108	8016.032064128256	4.0	3.0	728.862973760933	0.0	2209.778819577161	1444.6998029576428	HARS1	548.0	488.0	0.021897810218978103	0.040983606557377046	1444.6998029576428	2829.219828564638	2.3226658440692747	-0.5177369003880228	2.308064354233383						Charcot-Marie-Tooth disease, axonal, type 2W, 616625 (3), Autosomal dominant; Usher syndrome type 3B, 614504 (3), Autosomal recessive
PB.59138.526	Patient20	0	3	1888	1738	0.0	1726.121979286536	25.5	6.0	728.862973760933	0.0	2209.778819577161	1444.6998029576428	HARS1	715.0	781.0	0.0	0.0038412291933418692	1444.6998029576428	2829.219828564638	0.09946988688809968	-2.7324351668085725	1.9139149017132047						Charcot-Marie-Tooth disease, axonal, type 2W, 616625 (3), Autosomal dominant; Usher syndrome type 3B, 614504 (3), Autosomal recessive
PB.59138.526	Patient8	2	4	1359	1179	1471.6703458425313	3392.705682782019	9.0	5.0	728.862973760933	0.0	2209.778819577161	1444.6998029576428	HARS1	410.0	257.0	0.004878048780487805	0.01556420233463035	1444.6998029576428	2829.219828564638	0.6885311138274707	-1.7579436913050939	2.0873449745041412						Charcot-Marie-Tooth disease, axonal, type 2W, 616625 (3), Autosomal dominant; Usher syndrome type 3B, 614504 (3), Autosomal recessive
PB.70308.12	Patient1	184	182	1902	1717	96740.27339642482	105998.83517763541	3.0	3.0	53201.08205590622	52974.73512632437	55866.81242785061	62448.41442168233	VTA1	1133.0	979.0	0.1624007060900265	0.18590398365679264	62448.41442168233	27085.008607033855	1.6079160759300342	-2.363644792596199	1.606541502910038	1.0	1.0	1.0	1.0	1.0	
PB.70308.12	Patient14	115	201	1161	1708	99052.54091300603	117681.49882903982	1.0	1.0	53201.08205590622	52974.73512632437	55866.81242785061	62448.41442168233	VTA1	693.0	1194.0	0.16594516594516595	0.16834170854271358	62448.41442168233	27085.008607033855	2.039249283938337	1.0084946202081349	1.9428620480636152						
PB.70308.12	Patient18	73	127	988	1387	73886.63967611337	91564.52775775053	7.0	8.0	53201.08205590622	52974.73512632437	55866.81242785061	62448.41442168233	VTA1	483.0	699.0	0.15113871635610765	0.18168812589413447	62448.41442168233	27085.008607033855	1.0749899975481962	-5.672946298054354	1.2764881005604416						
PB.70308.12	Patient2	66	104	1277	1085	51683.63351605325	95852.534562212	17.0	5.0	53201.08205590622	52974.73512632437	55866.81242785061	62448.41442168233	VTA1	1009.0	937.0	0.06541129831516353	0.11099252934898612	62448.41442168233	27085.008607033855	1.2333066097625223	-4.638294633934224	1.3796791520334755						
PB.70308.12	Patient21	68	111	1417	1328	47988.70853916726	83584.3373493976	20.0	9.0	53201.08205590622	52974.73512632437	55866.81242785061	62448.41442168233	VTA1	626.0	737.0	0.10862619808306709	0.15061058344640435	62448.41442168233	27085.008607033855	0.7803550382563422	-7.734422908389433	1.0708865958371636						
PB.70308.12	Patient22	63	222	1221	2106	51597.05159705159	105413.10541310541	18.0	4.0	53201.08205590622	52974.73512632437	55866.81242785061	62448.41442168233	VTA1	754.0	1319.0	0.08355437665782493	0.1683093252463988	62448.41442168233	27085.008607033855	1.5862904684573496	-2.488913167517858	1.5940478533342872						
PB.70308.12	Patient26	30	136	1690	1469	17751.479289940828	92579.98638529611	29.0	7.0	53201.08205590622	52974.73512632437	55866.81242785061	62448.41442168233	VTA1	775.0	695.0	0.03870967741935484	0.19568345323741007	62448.41442168233	27085.008607033855	1.1124815354789566	-5.423613280275823	1.3013553454156375						
PB.70308.12	Patient29	99	209	1044	1857	94827.58620689655	112547.11900915456	4.0	2.0	53201.08205590622	52974.73512632437	55866.81242785061	62448.41442168233	VTA1	569.0	1270.0	0.17398945518453426	0.16456692913385826	62448.41442168233	27085.008607033855	1.8496839087015027	-1.0084946202081344	1.7416974940923526						
PB.70308.12	Patient30	64	172	1658	1808	38600.72376357057	95132.74336283185	25.0	6.0	53201.08205590622	52974.73512632437	55866.81242785061	62448.41442168233	VTA1	705.0	1148.0	0.09078014184397164	0.14982578397212543	62448.41442168233	27085.008607033855	1.2067313477855623	-4.808699035868873	1.3626838578479452						
PB.70308.12	Patient4	57	97	1554	1450	36679.53667953668	66896.55172413793	26.0	10.0	53201.08205590622	52974.73512632437	55866.81242785061	62448.41442168233	VTA1	920.0	891.0	0.06195652173913044	0.10886644219977554	62448.41442168233	27085.008607033855	0.16422875720631794	-12.76917489537092	0.5687452767253013						
PB.70308.12	Patient6	157	114	1602	1714	98002.49687890138	66511.08518086348	2.0	11.0	53201.08205590622	52974.73512632437	55866.81242785061	62448.41442168233	VTA1	866.0	1080.0	0.1812933025404157	0.10555555555555556	62448.41442168233	27085.008607033855	0.14999702669934117	-12.89981525141049	0.5557158522609829						
PB.70308.12	Patient9	104	96	1722	1493	60394.88966318235	64300.06697923643	12.0	12.0	53201.08205590622	52974.73512632437	55866.81242785061	62448.41442168233	VTA1	1124.0	909.0	0.09252669039145907	0.10561056105610561	62448.41442168233	27085.008607033855	0.06836448104628731	-13.664106573231727	0.4794892072311138						
PB.70308.15	Patient14	4	9	1161	1708	3445.305770887166	5269.320843091335	4.0	4.0	1463.057790782736	1663.8935108153078	1704.4541887687446	2080.9961404482333	VTA1	693.0	1194.0	0.005772005772005772	0.007537688442211055	2080.9961404482333	1600.510401167186	1.9920674681763941	-1.8041332372856433	0.7659532459517847						
PB.70308.15	Patient20	4	4	1888	1738	2118.64406779661	2301.4959723820484	12.0	12.0	1463.057790782736	1663.8935108153078	1704.4541887687446	2080.9961404482333	VTA1	1110.0	862.0	0.0036036036036036037	0.004640371229698376	2080.9961404482333	1600.510401167186	0.13776844672362873	-14.572197256526469	0.22280707067754188						
PB.70308.15	Patient21	3	7	1417	1328	2117.148906139732	5271.084337349397	13.0	3.0	1463.057790782736	1663.8935108153078	1704.4541887687446	2080.9961404482333	VTA1	626.0	737.0	0.004792332268370607	0.009497964721845319	2080.9961404482333	1600.510401167186	1.9931693006023357	-1.79897492152909	0.7661726777677442						
PB.70308.15	Patient22	3	5	1221	2106	2457.002457002457	2374.1690408357076	10.0	11.0	1463.057790782736	1663.8935108153078	1704.4541887687446	2080.9961404482333	VTA1	754.0	1319.0	0.003978779840848806	0.0037907505686125853	2080.9961404482333	1600.510401167186	0.18317462990160854	-14.09306776950709	0.2431889663152455						
PB.70308.15	Patient23	2	3	665	1159	3007.5187969924814	2588.4383088869713	6.0	8.0	1463.057790782736	1663.8935108153078	1704.4541887687446	2080.9961404482333	VTA1	127.0	581.0	0.015748031496062992	0.0051635111876075735	2080.9961404482333	1600.510401167186	0.31705021602401423	-12.761330884131205	0.29984029534003165						
PB.70308.15	Patient24	3	4	1059	1661	2832.8611898016998	2408.187838651415	8.0	10.0	1463.057790782736	1663.8935108153078	1704.4541887687446	2080.9961404482333	VTA1	548.0	804.0	0.005474452554744526	0.004975124378109453	2080.9961404482333	1600.510401167186	0.2044295981860376	-13.873799248863374	0.25251652436681904						
PB.70308.15	Patient25	5	7	1372	1946	3644.3148688046645	3597.1223021582737	2.0	5.0	1463.057790782736	1663.8935108153078	1704.4541887687446	2080.9961404482333	VTA1	664.0	856.0	0.007530120481927711	0.008177570093457943	2080.9961404482333	1600.510401167186	0.9472766691202958	-7.689072348235467	0.515611286120019						
PB.70308.15	Patient26	0	4	1690	1469	0.0	2722.940776038121	28.0	7.0	1463.057790782736	1663.8935108153078	1704.4541887687446	2080.9961404482333	VTA1	775.0	695.0	0.0	0.0057553956834532375	2080.9961404482333	1600.510401167186	0.40108745005452257	-11.980556041037648	0.3330540127162567						
PB.70308.15	Patient27	6	5	917	1439	6543.075245365321	3474.6351633078525	1.0	6.0	1463.057790782736	1663.8935108153078	1704.4541887687446	2080.9961404482333	VTA1	476.0	847.0	0.012605042016806723	0.0059031877213695395	2080.9961404482333	1600.510401167186	0.8707466204801267	-8.223092085386586	0.49289439048748657						
PB.70308.15	Patient29	3	11	1044	1857	2873.5632183908046	5923.532579429187	7.0	1.0	1463.057790782736	1663.8935108153078	1704.4541887687446	2080.9961404482333	VTA1	569.0	1270.0	0.005272407732864675	0.008661417322834646	2080.9961404482333	1600.510401167186	2.40081941121954	1.0570524089150404	0.8876664546372677						
PB.70308.15	Patient30	3	10	1658	1808	1809.4089264173704	5530.973451327433	15.0	2.0	1463.057790782736	1663.8935108153078	1704.4541887687446	2080.9961404482333	VTA1	705.0	1148.0	0.00425531914893617	0.008710801393728223	2080.9961404482333	1600.510401167186	2.1555481978519317	-1.0570524089150413	0.7977336391217066						
PB.70308.15	Patient8	1	3	1359	1179	735.8351729212657	2544.5292620865143	21.0	9.0	1463.057790782736	1663.8935108153078	1704.4541887687446	2080.9961404482333	VTA1	726.0	648.0	0.0013774104683195593	0.004629629629629629	2080.9961404482333	1600.510401167186	0.289615813368189	-13.0250250141745	0.28862289715347395						
PB.70308.16	Patient12	326	360	1791	2004	182021.21719709662	179640.71856287424	7.0	4.0	120689.6551724138	116909.18213748118	138557.387237657	129259.77389098969	VTA1	1046.0	1180.0	0.31166347992351817	0.3050847457627119	129259.77389098969	49977.64161416531	1.0080696696501368	-12.717062936457735	1.2687954211725814						
PB.70308.16	Patient13	516	445	2218	2495	232642.01983769162	178356.7134268537	3.0	5.0	120689.6551724138	116909.18213748118	138557.387237657	129259.77389098969	VTA1	1281.0	1283.0	0.4028103044496487	0.34684333593141076	129259.77389098969	49977.64161416531	0.9823780784795642	-12.890837282047421	1.249119907256451						
PB.70308.16	Patient16	213	196	1395	1271	152688.17204301074	154209.28402832415	10.0	8.0	120689.6551724138	116909.18213748118	138557.387237657	129259.77389098969	VTA1	641.0	567.0	0.33229329173166927	0.345679012345679	129259.77389098969	49977.64161416531	0.49921343487850683	-16.414990524792433	0.8500994077983236						
PB.70308.16	Patient2	215	212	1277	1085	168363.35160532498	195391.70506912444	9.0	3.0	120689.6551724138	116909.18213748118	138557.387237657	129259.77389098969	VTA1	1009.0	937.0	0.2130822596630327	0.22625400213447172	129259.77389098969	49977.64161416531	1.323230329447774	-10.680998357300078	1.4993278212539343						
PB.70308.16	Patient28	259	365	1473	1202	175831.6361167685	303660.5657237937	8.0	1.0	120689.6551724138	116909.18213748118	138557.387237657	129259.77389098969	VTA1	851.0	786.0	0.30434782608695654	0.4643765903307888	129259.77389098969	49977.64161416531	3.4895762625056137	6.432749299398608	3.4370233944059314						
PB.70308.16	Patient29	126	243	1044	1857	120689.6551724138	130856.21970920841	16.0	10.0	120689.6551724138	116909.18213748118	138557.387237657	129259.77389098969	VTA1	569.0	1270.0	0.22144112478031636	0.19133858267716536	129259.77389098969	49977.64161416531	0.03194320033233095	-20.393037470297564	0.3996870194235923						
PB.70308.16	Patient31	388	321	966	1858	401656.31469979294	172766.4155005382	1.0	6.0	120689.6551724138	116909.18213748118	138557.387237657	129259.77389098969	VTA1	673.0	1178.0	0.5765230312035661	0.27249575551782684	129259.77389098969	49977.64161416531	0.8705221015714613	-13.662289651413234	1.1617725961353451						
PB.70308.16	Patient6	168	255	1602	1714	104868.91385767791	148774.7957992999	22.0	9.0	120689.6551724138	116909.18213748118	138557.387237657	129259.77389098969	VTA1	866.0	1080.0	0.19399538106235567	0.2361111111111111	129259.77389098969	49977.64161416531	0.3904750460009504	-17.284114903769986	0.7516932319304628						
PB.70308.16	Patient7	315	397	1726	1705	182502.8968713789	232844.57478005867	6.0	2.0	120689.6551724138	116909.18213748118	138557.387237657	129259.77389098969	VTA1	856.0	889.0	0.3679906542056075	0.4465691788526434	129259.77389098969	49977.64161416531	2.072622827798854	-6.43274929939861	1.9803337095183149						
PB.70308.16	Patient8	141	188	1359	1179	103752.75938189846	159457.1670907549	23.0	7.0	120689.6551724138	116909.18213748118	138557.387237657	129259.77389098969	VTA1	726.0	648.0	0.19421487603305784	0.29012345679012347	129259.77389098969	49977.64161416531	0.6042180508014663	-15.604303517553967	0.9418890412935298						
PB.70308.18	Patient10	70	134	1394	2180	50215.208034433286	61467.88990825688	18.0	10.0	51724.137931034486	53097.345132743365	52791.50510828705	54522.69352716771	VTA1	741.0	1255.0	0.09446693657219973	0.10677290836653386	54522.69352716771	13430.477873422298	0.517122059731999	-9.168143015103265	0.5394772894184942						
PB.70308.18	Patient12	106	135	1791	2004	59184.81295365718	67365.26946107784	9.0	5.0	51724.137931034486	53097.345132743365	52791.50510828705	54522.69352716771	VTA1	1046.0	1180.0	0.10133843212237094	0.11440677966101695	54522.69352716771	13430.477873422298	0.9562262828580681	-7.094615835669273	0.8620086148783346						
PB.70308.18	Patient14	60	109	1161	1708	51679.58656330749	63817.33021077284	17.0	8.0	51724.137931034486	53097.345132743365	52791.50510828705	54522.69352716771	VTA1	693.0	1194.0	0.08658008658008658	0.09128978224455611	54522.69352716771	13430.477873422298	0.6920555449481345	-8.319177588955677	0.6715314755805022						
PB.70308.18	Patient19	79	92	1229	1548	64279.90235964198	59431.524547803616	7.0	13.0	51724.137931034486	53097.345132743365	52791.50510828705	54522.69352716771	VTA1	725.0	912.0	0.10896551724137932	0.10087719298245613	54522.69352716771	13430.477873422298	0.365499356530719	-9.93065529275512	0.4208706475428922						
PB.70308.18	Patient2	106	100	1277	1085	83007.04776820673	92165.89861751153	1.0	1.0	51724.137931034486	53097.345132743365	52791.50510828705	54522.69352716771	VTA1	1009.0	937.0	0.10505450941526263	0.10672358591248667	54522.69352716771	13430.477873422298	2.8028194860315674	5.2985765184069455	2.7897348565618754	1.0	1.0	1.0	1.0	1.0	
PB.70308.18	Patient21	65	80	1417	1328	45871.55963302752	60240.96385542169	24.0	11.0	51724.137931034486	53097.345132743365	52791.50510828705	54522.69352716771	VTA1	626.0	737.0	0.10383386581469649	0.10854816824966079	54522.69352716771	13430.477873422298	0.42576819545415584	-9.624479548828962	0.4684954240549186						
PB.70308.18	Patient22	74	131	1221	2106	60606.06060606061	62203.22886989554	8.0	9.0	51724.137931034486	53097.345132743365	52791.50510828705	54522.69352716771	VTA1	754.0	1319.0	0.09814323607427056	0.09931766489764973	54522.69352716771	13430.477873422298	0.5718735710757483	-8.898990259491839	0.5813432441450767						
PB.70308.18	Patient24	72	92	1059	1661	67988.6685552408	55388.32028898254	5.0	15.0	51724.137931034486	53097.345132743365	52791.50510828705	54522.69352716771	VTA1	548.0	804.0	0.13138686131386862	0.11442786069651742	54522.69352716771	13430.477873422298	0.06445241710481733	-11.525293650842091	0.17282913240669423						
PB.70308.18	Patient28	107	79	1473	1202	72640.8689748812	65723.79367720465	2.0	6.0	51724.137931034486	53097.345132743365	52791.50510828705	54522.69352716771	VTA1	851.0	786.0	0.12573443008225618	0.1005089058524173	54522.69352716771	13430.477873422298	0.8340060760014288	-7.65294338321076	0.7751623339443883						
PB.70308.18	Patient29	54	104	1044	1857	51724.137931034486	56004.30802369413	16.0	14.0	51724.137931034486	53097.345132743365	52791.50510828705	54522.69352716771	VTA1	569.0	1270.0	0.09490333919156414	0.08188976377952756	54522.69352716771	13430.477873422298	0.11031733274795873	-11.274974722534129	0.21176553822554253						
PB.70308.18	Patient31	57	111	966	1858	59006.21118012422	59741.65769644779	10.0	12.0	51724.137931034486	53097.345132743365	52791.50510828705	54522.69352716771	VTA1	673.0	1178.0	0.08469539375928678	0.09422750424448217	54522.69352716771	13430.477873422298	0.38859109991967933	-9.812855427948247	0.439194085456796						
PB.70308.18	Patient4	107	99	1554	1450	68854.56885456885	68275.86206896552	4.0	4.0	51724.137931034486	53097.345132743365	52791.50510828705	54522.69352716771	VTA1	920.0	891.0	0.11630434782608695	0.1111111111111111	54522.69352716771	13430.477873422298	1.0240267450955034	-6.790727321982805	0.9092776191544549						
PB.70308.18	Patient6	56	125	1602	1714	34956.30461922597	72928.82147024504	30.0	2.0	51724.137931034486	53097.345132743365	52791.50510828705	54522.69352716771	VTA1	866.0	1080.0	0.06466512702078522	0.11574074074074074	54522.69352716771	13430.477873422298	1.37047453683695	-5.298576518406942	1.1413774832105699						
PB.70308.18	Patient8	88	77	1359	1179	64753.49521707138	65309.58439355386	6.0	7.0	51724.137931034486	53097.345132743365	52791.50510828705	54522.69352716771	VTA1	726.0	648.0	0.12121212121212122	0.11882716049382716	54522.69352716771	13430.477873422298	0.8031650822888762	-7.796034988849964	0.7529048368222201						
PB.70308.18	Patient9	123	103	1722	1493	71428.57142857142	68988.61352980576	3.0	3.0	51724.137931034486	53097.345132743365	52791.50510828705	54522.69352716771	VTA1	1124.0	909.0	0.1094306049822064	0.11331133113311331	54522.69352716771	13430.477873422298	1.0770964472727218	-6.555678010035435	0.9458388790611145						
PB.70308.19	Patient1	4	6	1902	1717	2103.049421661409	3494.4670937682004	15.0	7.0	1930.5019305019305	1725.625539257981	2222.732069702248	2316.8778126739057	VTA1	1133.0	979.0	0.00353045013239188	0.006128702757916241	2316.8778126739057	1546.961818278075	0.76122711445139	-9.461119138688158	0.4845777941272001						
PB.70308.19	Patient14	1	11	1161	1708	861.3264427217915	6440.281030444965	26.0	1.0	1930.5019305019305	1725.625539257981	2222.732069702248	2316.8778126739057	VTA1	693.0	1194.0	0.001443001443001443	0.009212730318257957	2316.8778126739057	1546.961818278075	2.6654848032130647	2.3554932795217907	0.9885778128203959						
PB.70308.19	Patient15	3	8	1376	2573	2180.232558139535	3109.2110376991836	14.0	8.0	1930.5019305019305	1725.625539257981	2222.732069702248	2316.8778126739057	VTA1	613.0	1275.0	0.004893964110929853	0.006274509803921568	2316.8778126739057	1546.961818278075	0.5121866717481268	-11.268590528122113	0.40748585086787054						
PB.70308.19	Patient16	5	5	1395	1271	3584.2293906810037	3933.910306845004	7.0	5.0	1930.5019305019305	1725.625539257981	2222.732069702248	2316.8778126739057	VTA1	641.0	567.0	0.0078003120124804995	0.008818342151675485	2316.8778126739057	1546.961818278075	1.0452956725014835	-7.6281918755306455	0.5627554767150662						
PB.70308.19	Patient19	3	8	1229	1548	2441.0089503661516	5167.958656330749	11.0	3.0	1930.5019305019305	1725.625539257981	2222.732069702248	2316.8778126739057	VTA1	725.0	912.0	0.004137931034482759	0.008771929824561403	2316.8778126739057	1546.961818278075	1.843019530262476	-3.4060406144076776	0.7428379097524894						
PB.70308.19	Patient2	5	5	1277	1085	3915.4267815191856	4608.294930875576	6.0	4.0	1930.5019305019305	1725.625539257981	2222.732069702248	2316.8778126739057	VTA1	1009.0	937.0	0.004955401387512388	0.005336179295624333	2316.8778126739057	1546.961818278075	1.4812370228712233	-5.179768532812017	0.6671851869251926						
PB.70308.19	Patient24	2	4	1059	1661	1888.5741265344666	2408.187838651415	18.0	12.0	1930.5019305019305	1725.625539257981	2222.732069702248	2316.8778126739057	VTA1	548.0	804.0	0.0036496350364963502	0.004975124378109453	2316.8778126739057	1546.961818278075	0.0590253908652681	-15.221698114492273	0.23887862005471075						
PB.70308.19	Patient30	7	10	1658	1808	4221.95416164053	5530.973451327433	5.0	2.0	1930.5019305019305	1725.625539257981	2222.732069702248	2316.8778126739057	VTA1	705.0	1148.0	0.009929078014184398	0.008710801393728223	2316.8778126739057	1546.961818278075	2.0776825909194976	-2.3554932795217915	0.7876456649433617						
PB.70308.19	Patient31	0	7	966	1858	0.0	3767.491926803014	31.0	6.0	1930.5019305019305	1725.625539257981	2222.732069702248	2316.8778126739057	VTA1	673.0	1178.0	0.0	0.005942275042444821	2316.8778126739057	1546.961818278075	0.9377181110674008	-8.297047707637757	0.5342275585643832						
PB.70308.19	Patient4	3	4	1554	1450	1930.5019305019305	2758.620689655172	16.0	9.0	1930.5019305019305	1725.625539257981	2222.732069702248	2316.8778126739057	VTA1	920.0	891.0	0.003260869565217391	0.004489337822671156	2316.8778126739057	1546.961818278075	0.28555512602952987	-13.119724122368849	0.328531635134586						
PB.70308.19	Patient8	6	3	1359	1179	4415.0110375275935	2544.5292620865143	3.0	11.0	1930.5019305019305	1725.625539257981	2222.732069702248	2316.8778126739057	VTA1	726.0	648.0	0.008264462809917356	0.004629629629629629	2316.8778126739057	1546.961818278075	0.14716035439453037	-14.369648581289791	0.27522008285836536						
PB.70308.19	Patient9	3	4	1722	1493	1742.1602787456445	2679.1694574681846	19.0	10.0	1930.5019305019305	1725.625539257981	2222.732069702248	2316.8778126739057	VTA1	1124.0	909.0	0.0026690391459074734	0.0044004400440044	2316.8778126739057	1546.961818278075	0.23419559585352026	-13.57188772793356	0.3092460346941579						
PB.70308.21	Patient10	332	712	1394	2180	238163.55810616928	326605.504587156	19.0	7.0	259541.9847328244	283564.11800120404	260829.56428435983	283440.7847834908	VTA1	741.0	1255.0	0.44804318488529016	0.5673306772908366	283440.7847834908	63242.833317607605	0.6825234977517615	-8.304226796426022	0.5753997357733912						
PB.70308.21	Patient14	345	611	1161	1708	297157.62273901806	357728.337236534	7.0	2.0	259541.9847328244	283564.11800120404	260829.56428435983	283440.7847834908	VTA1	693.0	1194.0	0.49783549783549785	0.5117252931323283	283440.7847834908	63242.833317607605	1.1746398533406721	-5.926801701188574	0.9297912617363728						
PB.70308.21	Patient17	253	366	975	1227	259487.17948717947	298288.5085574572	17.0	13.0	259541.9847328244	283564.11800120404	260829.56428435983	283440.7847834908	VTA1	503.0	645.0	0.5029821073558648	0.5674418604651162	283440.7847834908	63242.833317607605	0.23477322243613924	-10.673058879009766	0.22228912960597577						
PB.70308.21	Patient19	418	502	1229	1548	340113.91375101707	324289.4056847545	3.0	8.0	259541.9847328244	283564.11800120404	260829.56428435983	283440.7847834908	VTA1	725.0	912.0	0.576551724137931	0.5504385964912281	283440.7847834908	63242.833317607605	0.6459011837139007	-8.49011166788547	0.5476907562636215						
PB.70308.21	Patient2	585	487	1277	1085	458104.93343774474	448847.9262672811	1.0	1.0	259541.9847328244	283564.11800120404	260829.56428435983	283440.7847834908	VTA1	1009.0	937.0	0.5797819623389494	0.5197438633938101	283440.7847834908	63242.833317607605	2.6154290187017737	5.926801701188572	2.6967519143952807						
PB.70308.21	Patient22	341	719	1221	2106	279279.27927927923	341405.50807217474	11.0	6.0	259541.9847328244	283564.11800120404	260829.56428435983	283440.7847834908	VTA1	754.0	1319.0	0.45225464190981435	0.5451099317664898	283440.7847834908	63242.833317607605	0.9165421637196923	-7.146662053250417	0.7479524427153432						
PB.70308.21	Patient23	82	339	665	1159	123308.27067669173	292493.52890422783	31.0	14.0	259541.9847328244	283564.11800120404	260829.56428435983	283440.7847834908	VTA1	127.0	581.0	0.6456692913385826	0.5834767641996558	283440.7847834908	63242.833317607605	0.1431426083533265	-11.185488721519487	0.14590363413872406						
PB.70308.21	Patient24	338	471	1059	1661	319169.0273843249	283564.11800120404	6.0	16.0	259541.9847328244	283564.11800120404	260829.56428435983	283440.7847834908	VTA1	548.0	804.0	0.6167883211678832	0.585820895522388	283440.7847834908	63242.833317607605	0.0019501532623284231	-12.005733215007103	-0.01913747086092292						
PB.70308.21	Patient27	238	456	917	1439	259541.9847328244	316886.72689367615	16.0	12.0	259541.9847328244	283564.11800120404	260829.56428435983	283440.7847834908	VTA1	476.0	847.0	0.5	0.538370720188902	283440.7847834908	63242.833317607605	0.5288495210551164	-9.093263737859722	0.4577817269974198						
PB.70308.21	Patient29	260	635	1044	1857	249042.14559386973	341949.380721594	18.0	5.0	259541.9847328244	283564.11800120404	260829.56428435983	283440.7847834908	VTA1	569.0	1270.0	0.45694200351493847	0.5	283440.7847834908	63242.833317607605	0.9251419151996408	-7.105085636611367	0.75415004270127						
PB.70308.21	Patient3	528	585	1987	2019	265727.2269753397	289747.3997028232	15.0	15.0	259541.9847328244	283564.11800120404	260829.56428435983	283440.7847834908	VTA1	999.0	1000.0	0.5285285285285285	0.585	283440.7847834908	63242.833317607605	0.09972062585590293	-11.431875435616	0.10917593080935917						
PB.70308.21	Patient30	339	586	1658	1808	204463.20868516286	324115.04424778756	28.0	9.0	259541.9847328244	283564.11800120404	260829.56428435983	283440.7847834908	VTA1	705.0	1148.0	0.4808510638297872	0.5104529616724739	283440.7847834908	63242.833317607605	0.6431441687634276	-8.504159213320179	0.5455967550382566						
PB.70308.21	Patient31	180	602	966	1858	186335.40372670806	324004.3057050592	29.0	10.0	259541.9847328244	283564.11800120404	260829.56428435983	283440.7847834908	VTA1	673.0	1178.0	0.2674591381872214	0.5110356536502547	283440.7847834908	63242.833317607605	0.6413931633621953	-8.513084862276276	0.5442662507207503						
PB.70308.21	Patient4	515	508	1554	1450	331402.83140283136	350344.8275862069	5.0	3.0	259541.9847328244	283564.11800120404	260829.56428435983	283440.7847834908	VTA1	920.0	891.0	0.5597826086956522	0.5701459034792368	283440.7847834908	63242.833317607605	1.057891294444728	-6.471550834688171	0.848588082265159						
PB.70308.21	Patient6	458	546	1602	1714	285892.63420724095	318553.0921820303	9.0	11.0	259541.9847328244	283564.11800120404	260829.56428435983	283440.7847834908	VTA1	866.0	1080.0	0.5288683602771362	0.5055555555555555	283440.7847834908	63242.833317607605	0.5551982028098635	-8.956272517407294	0.478202360966886						
PB.70308.21	Patient9	610	517	1722	1493	354239.25667828106	346282.6523777629	2.0	4.0	259541.9847328244	283564.11800120404	260829.56428435983	283440.7847834908	VTA1	1124.0	909.0	0.5427046263345195	0.5687568756875687	283440.7847834908	63242.833317607605	0.993659902596048	-6.776171278507282	0.8031797519918583						
PB.70308.26	Patient1	8	9	1902	1717	4206.098843322818	5241.7006406523005	16.0	8.0	4206.098843322818	2927.4004683840753	4173.6359825870595	3414.373282954469	VTA1	1133.0	979.0	0.00706090026478376	0.009193054136874362	3414.373282954469	2590.5810750233036	0.7053735454627276	-12.332744690626168	0.23935249982381707						
PB.70308.26	Patient10	6	11	1394	2180	4304.16068866571	5045.871559633028	14.0	9.0	4206.098843322818	2927.4004683840753	4173.6359825870595	3414.373282954469	VTA1	741.0	1255.0	0.008097165991902834	0.008764940239043825	3414.373282954469	2590.5810750233036	0.6297808211479669	-12.964166612044842	0.22430654264359057						
PB.70308.26	Patient12	5	15	1791	2004	2791.736460078169	7485.029940119761	24.0	3.0	4206.098843322818	2927.4004683840753	4173.6359825870595	3414.373282954469	VTA1	1046.0	1180.0	0.004780114722753346	0.012711864406779662	3414.373282954469	2590.5810750233036	1.5713295740526763	-6.424567319287298	0.3801366264544242						
PB.70308.26	Patient13	8	14	2218	2495	3606.8530207394047	5611.22244488978	21.0	6.0	4206.098843322818	2927.4004683840753	4173.6359825870595	3414.373282954469	VTA1	1281.0	1283.0	0.00624512099921936	0.010911925175370226	3414.373282954469	2590.5810750233036	0.8480140548836322	-11.203030695118567	0.2662721043318769						
PB.70308.26	Patient2	7	9	1277	1085	5481.59749412686	8294.930875576038	6.0	2.0	4206.098843322818	2927.4004683840753	4173.6359825870595	3414.373282954469	VTA1	1009.0	937.0	0.006937561942517344	0.0096051227321238	3414.373282954469	2590.5810750233036	1.883962497710158	-4.720683548499532	0.4207379445045729						
PB.70308.26	Patient25	5	7	1372	1946	3644.3148688046645	3597.1223021582737	20.0	11.0	4206.098843322818	2927.4004683840753	4173.6359825870595	3414.373282954469	VTA1	664.0	856.0	0.007530120481927711	0.008177570093457943	3414.373282954469	2590.5810750233036	0.07054364017623381	-18.576349114715487	0.09057558595922593						
PB.70308.26	Patient27	8	7	917	1439	8724.100327153763	4864.489228630994	2.0	10.0	4206.098843322818	2927.4004683840753	4173.6359825870595	3414.373282954469	VTA1	476.0	847.0	0.01680672268907563	0.008264462809917356	3414.373282954469	2590.5810750233036	0.5597647414541854	-13.57125748372537	0.20984036250323557						
PB.70308.26	Patient3	10	11	1987	2019	5032.712632108706	5448.241703813769	10.0	7.0	4206.098843322818	2927.4004683840753	4173.6359825870595	3414.373282954469	VTA1	999.0	1000.0	0.01001001001001001	0.011	3414.373282954469	2590.5810750233036	0.7851012425237472	-11.691843357706336	0.25462433896141956						
PB.70308.26	Patient4	8	5	1554	1450	5148.005148005148	3448.2758620689656	8.0	12.0	4206.098843322818	2927.4004683840753	4173.6359825870595	3414.373282954469	VTA1	920.0	891.0	0.008695652173913044	0.005611672278338945	3414.373282954469	2590.5810750233036	0.01308686280516885	-19.277096649278857	0.07387769023919633						
PB.70308.26	Patient5	9	12	1596	1993	5639.097744360902	6021.073758153538	5.0	4.0	4206.098843322818	2927.4004683840753	4173.6359825870595	3414.373282954469	VTA1	676.0	862.0	0.013313609467455622	0.013921113689095127	3414.373282954469	2590.5810750233036	1.0062223106357018	-10.03392625568631	0.29413033151440604						
PB.70308.26	Patient6	4	10	1602	1714	2496.8789013732835	5834.3057176196035	25.0	5.0	4206.098843322818	2927.4004683840753	4173.6359825870595	3414.373282954469	VTA1	866.0	1080.0	0.004618937644341801	0.009259259259259259	3414.373282954469	2590.5810750233036	0.9341272728333222	-10.556487393423174	0.2816783841940247						
PB.70308.26	Patient8	8	13	1359	1179	5886.681383370125	11026.29346904156	4.0	1.0	4206.098843322818	2927.4004683840753	4173.6359825870595	3414.373282954469	VTA1	726.0	648.0	0.011019283746556474	0.020061728395061727	3414.373282954469	2590.5810750233036	2.9383061041695515	4.72068354849953	0.6457133535703218						
PB.70308.41	Patient10	3	12	1394	2180	2152.080344332855	5504.587155963303	5.0	1.0	783.0853563038371	575.3739930955121	1048.6489098809243	897.904102148596	VTA1	741.0	1255.0	0.004048582995951417	0.009561752988047808	897.904102148596	1190.0488140001473	3.8710034408841794	6.910058812528664	0.8074408121893687						
PB.70308.41	Patient11	0	5	1367	2226	0.0	2246.1814914645106	27.0	3.0	783.0853563038371	575.3739930955121	1048.6489098809243	897.904102148596	VTA1	810.0	640.0	0.0	0.0078125	897.904102148596	1190.0488140001473	1.1329597353102758	-11.822805728442015	0.39900991852691725						
PB.70308.41	Patient12	1	3	1791	2004	558.3472920156337	1497.005988023952	22.0	8.0	783.0853563038371	575.3739930955121	1048.6489098809243	897.904102148596	VTA1	1046.0	1180.0	0.0009560229445506692	0.002542372881355932	897.904102148596	1190.0488140001473	0.5034263122884655	-17.173452087893605	0.28235027635190807						
PB.70308.41	Patient17	0	4	975	1227	0.0	3259.9837000814996	27.0	2.0	783.0853563038371	575.3739930955121	1048.6489098809243	897.904102148596	VTA1	503.0	645.0	0.0	0.006201550387596899	897.904102148596	1190.0488140001473	1.984859419331862	-6.910058812528663	0.5061220800874454						
PB.70308.41	Patient21	1	2	1417	1328	705.7163020465773	1506.0240963855422	20.0	6.0	783.0853563038371	575.3739930955121	1048.6489098809243	897.904102148596	VTA1	626.0	737.0	0.001597444089456869	0.0027137042062415195	897.904102148596	1190.0488140001473	0.5110042437611058	-17.09426243038123	0.2840768410487201						
PB.70308.41	Patient25	1	2	1372	1946	728.862973760933	1027.749229188078	18.0	11.0	783.0853563038371	575.3739930955121	1048.6489098809243	897.904102148596	VTA1	664.0	856.0	0.0015060240963855422	0.002336448598130841	897.904102148596	1190.0488140001473	0.10910907646135089	-22.131572824332004	0.17424883362589688						
PB.70308.41	Patient27	3	3	917	1439	3271.5376226826606	2084.7810979847113	2.0	4.0	783.0853563038371	575.3739930955121	1048.6489098809243	897.904102148596	VTA1	476.0	847.0	0.0063025210084033615	0.0035419126328217238	897.904102148596	1190.0488140001473	0.9973347159152486	-12.806185273525852	0.37756938627251835						
PB.70308.41	Patient29	1	2	1044	1857	957.8544061302681	1077.0059235325793	13.0	10.0	783.0853563038371	575.3739930955121	1048.6489098809243	897.904102148596	VTA1	569.0	1270.0	0.0017574692442882249	0.0015748031496062992	897.904102148596	1190.0488140001473	0.15049955873823603	-21.51450786295576	0.18770264326998382						
PB.70308.41	Patient5	0	3	1596	1993	0.0	1505.2684395383844	27.0	7.0	783.0853563038371	575.3739930955121	1048.6489098809243	897.904102148596	VTA1	676.0	862.0	0.0	0.0034802784222737818	897.904102148596	1190.0488140001473	0.510369264054166	-17.10087977680448	0.28393256366351777						
PB.70308.41	Patient6	1	2	1602	1714	624.2197253433209	1166.8611435239206	21.0	9.0	783.0853563038371	575.3739930955121	1048.6489098809243	897.904102148596	VTA1	866.0	1080.0	0.0011547344110854503	0.001851851851851852	897.904102148596	1190.0488140001473	0.2260050497183146	-20.458197133294654	0.210733287321092						
PB.70308.41	Patient9	0	3	1722	1493	0.0	2009.3770931011384	27.0	5.0	783.0853563038371	575.3739930955121	1048.6489098809243	897.904102148596	VTA1	1124.0	909.0	0.0	0.0033003300330033004	897.904102148596	1190.0488140001473	0.9339726050534971	-13.291996215230046	0.3669772957442771						
PB.70308.42	Patient1	17	24	1902	1717	8937.960042060988	13977.868375072801	19.0	12.0	10647.010647010646	12436.844150796735	9958.494907074535	12753.648649879153	VTA1	1133.0	979.0	0.01500441306266549	0.024514811031664963	12753.648649879153	6309.365575938769	0.19403214324151716	-14.344235510678484	0.2394018967802679						
PB.70308.42	Patient14	12	28	1161	1708	10335.917312661499	16393.44262295082	17.0	8.0	10647.010647010646	12436.844150796735	9958.494907074535	12753.648649879153	VTA1	693.0	1194.0	0.017316017316017316	0.023450586264656615	12753.648649879153	6309.365575938769	0.57688747454297	-11.221521650059938	0.5230132565962349						
PB.70308.42	Patient18	6	18	988	1387	6072.8744939271255	12977.649603460706	26.0	14.0	10647.010647010646	12436.844150796735	9958.494907074535	12753.648649879153	VTA1	483.0	699.0	0.012422360248447204	0.02575107296137339	12753.648649879153	6309.365575938769	0.03550292828740144	-15.79869054249231	0.10730526936715401						
PB.70308.42	Patient19	21	45	1229	1548	17087.062652563058	29069.767441860466	2.0	1.0	10647.010647010646	12436.844150796735	9958.494907074535	12753.648649879153	VTA1	725.0	912.0	0.028965517241379312	0.049342105263157895	12753.648649879153	6309.365575938769	2.586015756354971	3.8971319825959188	1.8961207863699703						
PB.70308.42	Patient2	14	15	1277	1085	10963.19498825372	13824.884792626728	13.0	13.0	10647.010647010646	12436.844150796735	9958.494907074535	12753.648649879153	VTA1	1009.0	937.0	0.013875123885034688	0.016008537886873	12753.648649879153	6309.365575938769	0.16978508058445896	-14.559819226717272	0.21982213584507004						
PB.70308.42	Patient21	20	28	1417	1328	14114.326040931546	21084.33734939759	6.0	4.0	10647.010647010646	12436.844150796735	9958.494907074535	12753.648649879153	VTA1	626.0	737.0	0.03194888178913738	0.037991858887381276	12753.648649879153	6309.365575938769	1.3203686803770147	-6.291740300776536	0.9707462396588312						
PB.70308.42	Patient23	2	18	665	1159	3007.5187969924814	15530.629853321829	31.0	11.0	10647.010647010646	12436.844150796735	9958.494907074535	12753.648649879153	VTA1	127.0	581.0	0.015748031496062992	0.03098106712564544	12753.648649879153	6309.365575938769	0.4401363607829127	-12.280684214695473	0.4268179122162186						
PB.70308.42	Patient26	18	35	1690	1469	10650.887573964497	23825.73179033356	15.0	2.0	10647.010647010646	12436.844150796735	9958.494907074535	12753.648649879153	VTA1	775.0	695.0	0.023225806451612905	0.050359712230215826	12753.648649879153	6309.365575938769	1.7548647335761638	-3.897131982595919	1.1882295415747188						
PB.70308.42	Patient27	12	27	917	1439	13086.150490730643	18763.029881862403	7.0	6.0	10647.010647010646	12436.844150796735	9958.494907074535	12753.648649879153	VTA1	476.0	847.0	0.025210084033613446	0.031877213695395513	12753.648649879153	6309.365575938769	0.9524541191432097	-8.576754914822404	0.7632164656178183						
PB.70308.42	Patient28	13	19	1473	1202	8825.526137135099	15806.988352745424	20.0	10.0	10647.010647010646	12436.844150796735	9958.494907074535	12753.648649879153	VTA1	851.0	786.0	0.01527614571092832	0.024173027989821884	12753.648649879153	6309.365575938769	0.48393767425847173	-11.93516184436345	0.45819897166342993						
PB.70308.42	Patient29	10	42	1044	1857	9578.544061302682	22617.124394184168	18.0	3.0	10647.010647010646	12436.844150796735	9958.494907074535	12753.648649879153	VTA1	569.0	1270.0	0.01757469244288225	0.03307086614173228	12753.648649879153	6309.365575938769	1.5633070592580824	-4.916970645354162	1.09560567565302						
PB.70308.42	Patient30	19	36	1658	1808	11459.589867310011	19911.50442477876	10.0	5.0	10647.010647010646	12436.844150796735	9958.494907074535	12753.648649879153	VTA1	705.0	1148.0	0.02695035460992908	0.0313588850174216	12753.648649879153	6309.365575938769	1.1344810644982464	-7.412930921986297	0.8689173783262646						
PB.70308.42	Patient31	6	30	966	1858	6211.180124223602	16146.393972012916	25.0	9.0	10647.010647010646	12436.844150796735	9958.494907074535	12753.648649879153	VTA1	673.0	1178.0	0.008915304606240713	0.025466893039049237	12753.648649879153	6309.365575938769	0.5377316120454723	-11.518985749541164	0.49599694914192594						
PB.70308.42	Patient4	22	24	1554	1450	14157.014157014157	16551.724137931036	5.0	7.0	10647.010647010646	12436.844150796735	9958.494907074535	12753.648649879153	VTA1	920.0	891.0	0.02391304347826087	0.026936026936026935	12753.648649879153	6309.365575938769	0.6019742305844702	-11.033286270527421	0.5401091847976478						
PB.70308.51	Patient13	22	16	2218	2495	9918.845807033364	6412.825651302605	4.0	9.0	5128.205128205128	4624.871531346352	6192.791052583932	5630.091678763911	VTA1	1281.0	1283.0	0.01717408274785324	0.012470771628994544	5630.091678763911	4349.700965422429	0.1799512147526854	-23.266565489332816	0.5020088844715525						
PB.70308.51	Patient14	6	11	1161	1708	5167.958656330749	6440.281030444965	15.0	8.0	5128.205128205128	4624.871531346352	6192.791052583932	5630.091678763911	VTA1	693.0	1194.0	0.008658008658008658	0.009212730318257957	5630.091678763911	4349.700965422429	0.186263230075259	-23.191553032314953	0.5085044723856501						
PB.70308.51	Patient16	13	10	1395	1271	9318.99641577061	7867.820613690008	7.0	7.0	5128.205128205128	4624.871531346352	6192.791052583932	5630.091678763911	VTA1	641.0	567.0	0.0202808112324493	0.01763668430335097	5630.091678763911	4349.700965422429	0.5144558103452925	-19.676164783538518	0.8129140908664236						
PB.70308.51	Patient17	5	7	975	1227	5128.205128205128	5704.9714751426245	16.0	10.0	5128.205128205128	4624.871531346352	6192.791052583932	5630.091678763911	VTA1	503.0	645.0	0.009940357852882704	0.010852713178294573	5630.091678763911	4349.700965422429	0.01721492970987298	-25.320203812739518	0.3241772441845037						
PB.70308.51	Patient19	3	13	1229	1548	2441.0089503661516	8397.932816537468	26.0	4.0	5128.205128205128	4624.871531346352	6192.791052583932	5630.091678763911	VTA1	725.0	912.0	0.004137931034482759	0.01425438596491228	5630.091678763911	4349.700965422429	0.6363290625668915	-18.531245194480665	0.9120566351977851						
PB.70308.51	Patient23	0	12	665	1159	0.0	10353.753235547885	31.0	3.0	5128.205128205128	4624.871531346352	6192.791052583932	5630.091678763911	VTA1	127.0	581.0	0.0	0.020654044750430294	5630.091678763911	4349.700965422429	1.0859738621883004	-14.854993024651453	1.2303960165865506	1.0	1.0	1.0	1.0	1.0	
PB.70308.51	Patient28	19	29	1473	1202	12898.845892735913	24126.455906821964	3.0	1.0	5128.205128205128	4624.871531346352	6192.791052583932	5630.091678763911	VTA1	851.0	786.0	0.022326674500587545	0.03689567430025445	5630.091678763911	4349.700965422429	4.252330073973659	10.253925286115908	3.404664035519014						
PB.70308.51	Patient29	8	15	1044	1857	7662.835249042145	8077.544426494346	8.0	6.0	5128.205128205128	4624.871531346352	6192.791052583932	5630.091678763911	VTA1	569.0	1270.0	0.014059753954305799	0.011811023622047244	5630.091678763911	4349.700965422429	0.5626714956237794	-19.21424685579942	0.8529131607277483						
PB.70308.51	Patient30	8	15	1658	1808	4825.090470446321	8296.460176991151	18.0	5.0	5128.205128205128	4624.871531346352	6192.791052583932	5630.091678763911	VTA1	705.0	1148.0	0.011347517730496455	0.013066202090592335	5630.091678763911	4349.700965422429	0.6130004152982713	-18.744703283225046	0.8935725615314045						
PB.70308.51	Patient31	22	25	966	1858	22774.32712215321	13455.328310010764	1.0	2.0	5128.205128205128	4624.871531346352	6192.791052583932	5630.091678763911	VTA1	673.0	1178.0	0.03268945022288262	0.021222410865874362	5630.091678763911	4349.700965422429	1.7990286443718528	-10.253925286115908	1.628818374452512						
PB.70308.52	Patient10	0	3	1394	2180	0.0	1376.1467889908258	24.5	6.0	603.1363088057901	0.0	1229.2982672147905	741.9069884850197	VTA1	741.0	1255.0	0.0	0.002390438247011952	741.9069884850197	1536.8183741498788	0.41269665379726367	-2.543555640936484	1.9606513111881712						
PB.70308.52	Patient11	0	3	1367	2226	0.0	1347.7088948787064	24.5	7.0	603.1363088057901	0.0	1229.2982672147905	741.9069884850197	VTA1	810.0	640.0	0.0	0.0046875	741.9069884850197	1536.8183741498788	0.3941922588795165	-2.5736589935226997	1.9549910506642483						
PB.70308.52	Patient12	0	5	1791	2004	0.0	2495.0099800399203	24.5	2.0	603.1363088057901	0.0	1229.2982672147905	741.9069884850197	VTA1	1046.0	1180.0	0.0	0.00423728813559322	741.9069884850197	1536.8183741498788	1.140735314623411	-1.685614281652838	2.1219679483928178						
PB.70308.52	Patient13	0	5	2218	2495	0.0	2004.008016032064	24.5	3.0	603.1363088057901	0.0	1229.2982672147905	741.9069884850197	VTA1	1281.0	1283.0	0.0	0.003897116134060795	741.9069884850197	1536.8183741498788	0.8212428018666814	-2.001629979738987	2.0625482815735126						
PB.70308.52	Patient5	0	16	1596	1993	0.0	8028.098344204716	24.5	1.0	603.1363088057901	0.0	1229.2982672147905	741.9069884850197	VTA1	676.0	862.0	0.0	0.018561484918793503	741.9069884850197	1536.8183741498788	4.741088132649505	1.685614281652838	2.7558518953502302						
PB.70308.52	Patient6	0	3	1602	1714	0.0	1750.291715285881	24.5	4.0	603.1363088057901	0.0	1229.2982672147905	741.9069884850197	VTA1	866.0	1080.0	0.0	0.002777777777777778	741.9069884850197	1536.8183741498788	0.6561508788302125	-2.1968185686691486	2.0258474436360285						
PB.70308.52	Patient8	0	2	1359	1179	0.0	1696.3528413910094	24.5	5.0	603.1363088057901	0.0	1229.2982672147905	741.9069884850197	VTA1	726.0	648.0	0.0	0.0030864197530864196	741.9069884850197	1536.8183741498788	0.621053124403175	-2.2419514845009503	2.0173612107129464						
PB.70308.52	Patient9	0	2	1722	1493	0.0	1339.5847287340923	24.5	8.0	603.1363088057901	0.0	1229.2982672147905	741.9069884850197	VTA1	1124.0	909.0	0.0	0.0022002200220022	741.9069884850197	1536.8183741498788	0.38890590475903813	-2.5823755797369263	1.9533520920562175						
